Date,Adj Close,Close,High,Low,Open,Volume
2020-11-30,289.5499267578125,299.6199951171875,299.9700012207031,294.7799987792969,299.3399963378906,27836200
2020-12-01,293.2608642578125,303.4599914550781,305.1400146484375,300.8299865722656,301.9700012207031,27521300
2020-12-02,293.6376037597656,303.8500061035156,304.20001220703125,300.3500061035156,302.25,23620000
2020-12-03,294.0533447265625,304.2799987792969,305.8800048828125,303.5299987792969,304.1700134277344,22828700
2020-12-04,295.2515563964844,305.5199890136719,305.6700134277344,303.6300048828125,304.3299865722656,19332100
2020-12-07,296.9234924316406,307.25,307.6300048828125,305.5199890136719,305.7099914550781,20851000
2020-12-08,297.9285583496094,308.2900085449219,308.6000061035156,304.95001220703125,306.760009765625,18341500
2020-12-09,291.18310546875,301.30999755859375,308.3599853515625,300.2099914550781,308.07000732421875,48839300
2020-12-10,292.3524169921875,302.5199890136719,303.67999267578125,298.0899963378906,299.2099914550781,27519500
2020-12-11,291.7049865722656,301.8500061035156,301.9800109863281,298.4700012207031,300.80999755859375,26760400
2020-12-14,293.8213806152344,304.0400085449219,306.04998779296875,303.010009765625,303.0799865722656,28804800
2020-12-15,296.96209716796875,307.2900085449219,307.2900085449219,304.1099853515625,306.3699951171875,25709000
2020-12-16,298.5952453613281,308.9800109863281,309.7900085449219,306.6199951171875,307.70001220703125,25461900
2020-12-17,300.5474853515625,311.0,311.239990234375,309.3900146484375,310.6300048828125,23730500
2020-12-18,299.6390686035156,310.05999755859375,311.9800109863281,307.6099853515625,311.6600036621094,41173400
2020-12-21,299.0784606933594,308.9200134277344,309.4700012207031,303.6000061035156,306.4599914550781,37095500
2020-12-22,299.89166259765625,309.760009765625,310.7099914550781,306.8500061035156,309.8500061035156,26176300
2020-12-23,298.3813781738281,308.20001220703125,310.17999267578125,308.0400085449219,309.80999755859375,21201300
2020-12-24,299.6980285644531,309.55999755859375,310.0199890136719,308.3900146484375,308.4700012207031,16785000
2020-12-28,302.71868896484375,312.67999267578125,313.1700134277344,310.3599853515625,312.25,22497700
2020-12-29,302.9897766113281,312.9599914550781,314.69000244140625,312.0299987792969,314.04998779296875,25871900
2020-12-30,302.99945068359375,312.9700012207031,314.489990234375,312.3299865722656,314.1600036621094,18138100
2020-12-31,303.744873046875,313.739990234375,314.239990234375,311.760009765625,312.8699951171875,21611400
2021-01-04,299.4560241699219,309.30999755859375,315.2900085449219,305.17999267578125,315.1099853515625,45305900
2021-01-05,301.9248352050781,311.8599853515625,312.1400146484375,308.2900085449219,308.2900085449219,29323400
2021-01-06,297.7424011230469,307.5400085449219,311.8800048828125,305.9800109863281,307.0,52809600
2021-01-07,304.9454345703125,314.9800109863281,315.8399963378906,310.25,310.2799987792969,30394800
2021-01-08,308.8663330078125,319.0299987792969,319.3900146484375,315.0799865722656,317.3399963378906,33955800
2021-01-11,304.4032287597656,314.4200134277344,317.19000244140625,313.75,315.9800109863281,32746400
2021-01-12,303.9191589355469,313.9200134277344,315.5799865722656,311.20001220703125,314.4599914550781,29266800
2021-01-13,305.97161865234375,316.0400085449219,316.8599853515625,313.57000732421875,314.19000244140625,22898400
2021-01-14,304.3354187011719,314.3500061035156,317.5299987792969,313.8599853515625,316.5,23500100
2021-01-15,301.9248352050781,311.8599853515625,315.1199951171875,310.5799865722656,314.1300048828125,35118700
2021-01-19,306.329833984375,316.4100036621094,316.92999267578125,313.1199951171875,314.25,24537000
2021-01-20,313.455322265625,323.7699890136719,324.739990234375,316.510009765625,320.1400146484375,30728100
2021-01-21,315.96282958984375,326.3599853515625,327.1300048828125,323.7300109863281,325.1499938964844,25130600
2021-01-22,315.0528259277344,325.4200134277344,326.4599914550781,324.7099914550781,325.2900085449219,21609400
2021-01-25,317.6571350097656,328.1099853515625,330.32000732421875,321.4100036621094,328.9100036621094,39080600
2021-01-26,318.1217956542969,328.5899963378906,329.760009765625,327.2200012207031,328.8500061035156,25498100
2021-01-27,309.253662109375,319.42999267578125,326.2699890136719,317.3599853515625,326.260009765625,55264000
2021-01-28,311.0834655761719,321.32000732421875,326.4200134277344,320.0299987792969,320.6700134277344,42836300
2021-01-29,304.53875732421875,314.55999755859375,320.7200012207031,312.760009765625,319.5799865722656,55259000
2021-02-01,312.1484069824219,322.4200134277344,323.5400085449219,316.0199890136719,318.1099853515625,35646000
2021-02-02,317.2407531738281,327.67999267578125,328.8699951171875,325.30999755859375,325.4800109863281,33930800
2021-02-03,315.9822692871094,326.3800048828125,330.20001220703125,326.32000732421875,329.82000732421875,24824500
2021-02-04,319.71923828125,330.239990234375,330.3299865722656,326.4599914550781,327.82000732421875,22350900
2021-02-05,320.8035888671875,331.3599853515625,332.3999938964844,329.5299987792969,331.2200012207031,22732000
2021-02-08,322.9528503417969,333.5799865722656,333.739990234375,331.4100036621094,333.1000061035156,20462800
2021-02-09,322.88507080078125,333.510009765625,334.80999755859375,332.6099853515625,332.6199951171875,17597500
2021-02-10,322.14923095703125,332.75,335.4599914550781,329.5,334.989990234375,28068700
2021-02-11,323.9209899902344,334.5799865722656,335.0,332.1199951171875,334.3299865722656,22046100
2021-02-12,325.7313232421875,336.45001220703125,336.6199951171875,332.6300048828125,333.7099914550781,20346800
2021-02-16,324.8504333496094,335.5400085449219,338.19000244140625,334.3399963378906,337.2699890136719,27080800
2021-02-17,323.2915954589844,333.92999267578125,335.6600036621094,330.1700134277344,332.4700012207031,31360300
2021-02-18,321.8782043457031,332.4700012207031,333.8699951171875,328.3599853515625,330.2300109863281,32236200
2021-02-19,320.4743957519531,331.0199890136719,333.989990234375,329.9700012207031,333.8599853515625,39157700
2021-02-22,312.1678161621094,322.44000244140625,327.79998779296875,322.2300109863281,326.5,47256900
2021-02-23,311.2383117675781,321.4800109863281,323.20001220703125,311.0,317.0,97241900
2021-02-24,313.8038635253906,324.1300048828125,324.45001220703125,315.9599914550781,318.739990234375,58206300
2021-02-25,302.86383056640625,312.8299865722656,324.0299987792969,311.239990234375,321.3900146484375,110182600
2021-02-26,304.1321105957031,314.1400146484375,319.1099853515625,310.8800048828125,315.8500061035156,104739800
2021-03-01,313.28106689453125,323.5899963378906,323.94000244140625,317.94000244140625,319.2699890136719,49164500
2021-03-02,308.2564392089844,318.3999938964844,324.3299865722656,318.1400146484375,324.25,48370000
2021-03-03,299.310791015625,309.1600036621094,318.239990234375,309.1000061035156,317.2699890136719,86301100
2021-03-04,294.4119873046875,304.1000061035156,312.0400085449219,300.1099853515625,308.7799987792969,139131600
2021-03-05,298.8460693359375,308.67999267578125,309.6099853515625,297.45001220703125,306.79998779296875,121523700
2021-03-08,290.3844909667969,299.94000244140625,310.05999755859375,299.510009765625,308.1199951171875,88409800
2021-03-09,301.8376770019531,311.7699890136719,313.7300109863281,306.9200134277344,307.4700012207031,80391100
2021-03-10,300.9759826660156,310.8800048828125,316.4700012207031,310.1700134277344,316.1600036621094,76798100
2021-03-11,307.9078674316406,318.0400085449219,319.8599853515625,314.8500061035156,315.7699890136719,53484800
2021-03-12,305.4100646972656,315.4599914550781,318.2300109863281,311.3900146484375,313.8599853515625,69315600
2021-03-15,308.6727294921875,318.8299865722656,319.0,314.1000061035156,315.7900085449219,42955700
2021-03-16,310.36700439453125,320.5799865722656,324.20001220703125,319.1000061035156,321.0899963378906,54925900
2021-03-17,311.64495849609375,321.8999938964844,323.8500061035156,315.67999267578125,317.45001220703125,78258700
2021-03-18,302.0990295410156,312.0400085449219,317.8800048828125,311.57000732421875,316.8699951171875,82718100
2021-03-19,303.16412353515625,313.1400146484375,314.7300109863281,309.6600036621094,311.8699951171875,78446200
2021-03-22,308.8493957519531,318.6099853515625,320.739990234375,315.2099914550781,315.2099914550781,56194800
2021-03-23,307.501953125,317.2200012207031,321.0899963378906,316.3800048828125,319.7300109863281,53455400
2021-03-24,302.3157958984375,311.8699951171875,318.6700134277344,311.7200012207031,318.6300048828125,64803700
2021-03-25,301.79241943359375,311.3299865722656,312.8900146484375,307.3900146484375,309.9700012207031,78729000
2021-03-26,306.31927490234375,316.0,316.3299865722656,309.6700134277344,311.1099853515625,63519600
2021-03-29,306.2320556640625,315.9100036621094,316.989990234375,312.4700012207031,315.45001220703125,54608000
2021-03-30,304.69073486328125,314.32000732421875,314.9100036621094,311.5400085449219,313.8900146484375,44635700
2021-03-31,309.3533935546875,319.1300048828125,320.739990234375,315.80999755859375,316.1600036621094,55032500
2021-04-01,314.62677001953125,324.57000732421875,324.7099914550781,322.80999755859375,323.07000732421875,55685600
2021-04-05,320.908203125,331.04998779296875,331.8399963378906,326.8800048828125,327.1300048828125,42172500
2021-04-06,320.6852111816406,330.82000732421875,332.8299865722656,330.0199890136719,330.7300109863281,33537200
2021-04-07,321.4608154296875,331.6199951171875,332.4800109863281,329.3699951171875,330.3299865722656,32046400
2021-04-08,324.81475830078125,335.0799865722656,335.2699890136719,333.739990234375,334.55999755859375,29940800
2021-04-09,326.78253173828125,337.1099853515625,337.32000732421875,332.9200134277344,333.67999267578125,36664900
2021-04-12,326.3561096191406,336.6700134277344,337.1000061035156,334.7300109863281,336.0400085449219,25833000
2021-04-13,330.1656799316406,340.6000061035156,341.0799865722656,338.0199890136719,338.239990234375,30374000
2021-04-14,326.2009582519531,336.510009765625,340.9800109863281,335.6700134277344,340.8500061035156,42564300
2021-04-15,331.1447448730469,341.6099853515625,342.010009765625,336.2200012207031,339.4700012207031,36342800
2021-04-16,331.5325012207031,342.010009765625,342.2300109863281,340.0799865722656,342.1499938964844,40860100
2021-04-19,328.4984130859375,338.8800048828125,341.5799865722656,336.8999938964844,340.3900146484375,34533100
2021-04-20,326.10400390625,336.4100036621094,339.5199890136719,334.3800048828125,338.20001220703125,38081800
2021-04-21,328.89581298828125,339.2900085449219,339.4800109863281,333.9700012207031,335.0899963378906,36598100
2021-04-22,324.93109130859375,335.20001220703125,339.8999938964844,334.010009765625,338.8900146484375,45936100
2021-04-23,329.0218200683594,339.4200134277344,340.7699890136719,335.8500061035156,335.8500061035156,36381900
2021-04-26,331.1640625,341.6300048828125,341.9200134277344,338.8999938964844,339.6700134277344,30812000
2021-04-27,329.7295227050781,340.1499938964844,342.1499938964844,339.1700134277344,341.92999267578125,33187200
2021-04-28,328.61468505859375,339.0,340.8500061035156,338.3299865722656,339.80999755859375,33615700
2021-04-29,329.7972412109375,340.2200012207031,342.79998779296875,336.8999938964844,342.3699951171875,37708900
2021-04-30,327.6355895996094,337.989990234375,340.260009765625,337.04998779296875,337.70001220703125,38263400
2021-05-03,325.8907775878906,336.19000244140625,340.0,335.7300109863281,339.2300109863281,29729700
2021-05-04,320.026123046875,330.1400146484375,333.8900146484375,326.2099914550781,333.55999755859375,65147000
2021-05-05,318.9501037597656,329.0299987792969,333.1400146484375,328.2300109863281,332.25,46219300
2021-05-06,321.3541564941406,331.510009765625,331.6700134277344,326.45001220703125,328.760009765625,46814300
2021-05-07,323.96173095703125,334.20001220703125,336.6499938964844,331.69000244140625,334.3699951171875,53324500
2021-05-10,315.7802734375,325.760009765625,332.9599914550781,325.54998779296875,332.7799987792969,60700500
2021-05-11,315.3440246582031,325.30999755859375,326.1300048828125,319.0199890136719,319.70001220703125,71963600
2021-05-12,307.1820373535156,316.8900146484375,322.6199951171875,316.0,320.2300109863281,91164900
2021-05-13,309.5569152832031,319.3399963378906,322.3999938964844,316.8999938964844,319.9200134277344,69877800
2021-05-14,316.39105224609375,326.3900146484375,327.3299865722656,322.0799865722656,322.6000061035156,44370000
2021-05-17,314.47161865234375,324.4100036621094,326.3699951171875,321.45001220703125,324.6300048828125,39395000
2021-05-18,312.3487854003906,322.2200012207031,326.6499938964844,321.94000244140625,325.3900146484375,36528500
2021-05-19,312.7074279785156,322.5899963378906,322.8999938964844,316.29998779296875,316.6600036621094,66319100
2021-05-20,318.7562255859375,328.8299865722656,329.7099914550781,323.8900146484375,324.1199951171875,46466100
2021-05-21,316.99200439453125,327.010009765625,330.8599853515625,326.6400146484375,330.42999267578125,50330400
2021-05-24,322.3235168457031,332.510009765625,333.6700134277344,326.8999938964844,329.3699951171875,32475800
2021-05-25,322.7694091796875,332.9700012207031,334.80999755859375,331.760009765625,334.07000732421875,31280300
2021-05-26,323.8939208984375,334.1300048828125,334.6099853515625,332.95001220703125,333.6600036621094,25444900
2021-05-27,322.6821594238281,332.8800048828125,334.5400085449219,332.6700134277344,333.6700134277344,27931700
2021-05-28,323.699951171875,333.92999267578125,335.57000732421875,333.6000061035156,334.1199951171875,29927400
2021-06-01,322.6241149902344,332.82000732421875,335.7900085449219,331.42999267578125,335.29998779296875,31145400
2021-06-02,323.2541198730469,333.4700012207031,334.3399963378906,331.70001220703125,333.25,22047900
2021-06-03,319.890380859375,330.0,331.8599853515625,328.2799987792969,330.54998779296875,37057800
2021-06-04,325.3188171386719,335.6000061035156,336.05999755859375,331.7799987792969,331.8500061035156,38736500
2021-06-07,326.2883605957031,336.6000061035156,336.6600036621094,334.3399963378906,335.04998779296875,32611900
2021-06-08,326.44329833984375,336.760009765625,339.2900085449219,335.0299987792969,338.3999938964844,27282800
2021-06-09,326.5209045410156,336.8399963378906,338.9700012207031,336.6499938964844,338.1700134277344,21485300
2021-06-10,329.92333984375,340.3500061035156,340.4599914550781,336.7300109863281,337.19000244140625,33702100
2021-06-11,330.7861022949219,341.239990234375,341.25,339.69000244140625,340.3599853515625,21222800
2021-06-14,333.9559020996094,344.510009765625,344.5199890136719,340.4599914550781,341.67999267578125,27827700
2021-06-15,331.7747802734375,342.260009765625,344.4700012207031,341.5199890136719,344.1499938964844,35963800
2021-06-16,330.5631408691406,341.010009765625,343.8399963378906,337.45001220703125,342.739990234375,55399500
2021-06-17,334.760498046875,345.3399963378906,346.3800048828125,339.9200134277344,339.9700012207031,59722700
2021-06-18,332.133544921875,342.6300048828125,344.80999755859375,341.8599853515625,343.6300048828125,55414900
2021-06-21,334.19769287109375,344.3599853515625,344.69000244140625,340.1499938964844,342.42999267578125,32992600
2021-06-22,337.31298828125,347.57000732421875,348.0299987792969,343.8399963378906,344.1499938964844,28941600
2021-06-23,337.4779357910156,347.739990234375,348.9200134277344,346.8800048828125,347.510009765625,27188500
2021-06-24,339.56451416015625,349.8900146484375,351.4599914550781,349.1700134277344,349.7300109863281,32581600
2021-06-25,339.1471252441406,349.4599914550781,350.7200012207031,348.8399963378906,350.4700012207031,28682800
2021-06-28,343.2718200683594,353.7099914550781,353.8500061035156,350.7200012207031,350.7799987792969,39130300
2021-06-29,344.5140075683594,354.989990234375,355.0199890136719,352.6700134277344,353.5299987792969,29426000
2021-06-30,343.9706115722656,354.42999267578125,355.2300109863281,353.8299865722656,354.8299865722656,32724000
2021-07-01,344.1064453125,354.57000732421875,355.0899963378906,352.67999267578125,354.07000732421875,29290000
2021-07-02,348.05633544921875,358.6400146484375,358.9700012207031,356.2799987792969,356.5199890136719,32727200
2021-07-06,349.56048583984375,360.19000244140625,360.4800109863281,356.489990234375,359.260009765625,38842400
2021-07-07,350.2981872558594,360.95001220703125,362.760009765625,358.94000244140625,362.45001220703125,35265200
2021-07-08,348.182373046875,358.7699890136719,359.6499938964844,354.4200134277344,355.739990234375,50890000
2021-07-09,350.35638427734375,361.010009765625,361.5,357.57000732421875,358.1700134277344,35184500
2021-07-12,351.7248229980469,362.4200134277344,362.8900146484375,360.8299865722656,362.45001220703125,25717700
2021-07-13,351.7248229980469,362.4200134277344,365.4700012207031,361.5400085449219,362.0299987792969,39723000
2021-07-14,352.3555908203125,363.07000732421875,365.489990234375,362.2200012207031,364.8299865722656,35336400
2021-07-15,349.8807678222656,360.5199890136719,363.19000244140625,358.4599914550781,362.9800109863281,53391600
2021-07-16,347.04693603515625,357.6000061035156,362.4100036621094,357.239990234375,361.3999938964844,47262000
2021-07-19,344.2034606933594,354.6700134277344,355.17999267578125,352.0400085449219,354.04998779296875,64404600
2021-07-20,348.2018737792969,358.7900085449219,360.2799987792969,353.79998779296875,355.6300048828125,42183700
2021-07-21,350.8901062011719,361.55999755859375,361.55999755859375,358.1199951171875,358.3500061035156,30259900
2021-07-22,353.20965576171875,363.95001220703125,363.9599914550781,361.7699890136719,361.7699890136719,30252200
2021-07-23,357.3341979980469,368.20001220703125,368.489990234375,363.9200134277344,365.30999755859375,31960800
2021-07-26,357.6156005859375,368.489990234375,368.8900146484375,366.6000061035156,367.489990234375,28438100
2021-07-27,353.6754150390625,364.42999267578125,368.2200012207031,360.1600036621094,368.2200012207031,57933100
2021-07-28,355.03411865234375,365.8299865722656,367.45001220703125,363.239990234375,365.6000061035156,42066200
2021-07-29,355.6649475097656,366.4800109863281,367.67999267578125,365.25,365.25,25672500
2021-07-30,353.811279296875,364.57000732421875,365.1700134277344,362.4100036621094,362.44000244140625,36484600
2021-08-02,353.8404235839844,364.6000061035156,366.8800048828125,363.8699951171875,366.2799987792969,27334100
2021-08-03,355.9851989746094,366.80999755859375,366.92999267578125,362.0,365.2799987792969,35558500
2021-08-04,356.49951171875,367.3399963378906,368.32000732421875,365.6300048828125,366.7699890136719,29602200
2021-08-05,358.7607727050781,369.6700134277344,369.9100036621094,367.45001220703125,368.17999267578125,21443900
2021-08-06,357.1886291503906,368.04998779296875,369.3699951171875,366.9100036621094,368.3699951171875,33332100
2021-08-09,357.8485412597656,368.7300109863281,369.2699890136719,367.3900146484375,368.5199890136719,25960200
2021-08-10,356.0142822265625,366.8399963378906,369.55999755859375,365.6199951171875,369.260009765625,35130800
2021-08-11,355.4028625488281,366.2099914550781,368.6499938964844,364.8399963378906,368.1400146484375,34249800
2021-08-12,356.68389892578125,367.5299987792969,367.8999938964844,364.29998779296875,365.69000244140625,25969200
2021-08-13,357.9358825683594,368.82000732421875,369.1600036621094,367.3800048828125,367.8900146484375,19336200
2021-08-16,358.0911560058594,368.9800109863281,369.0199890136719,363.70001220703125,367.6700134277344,34856900
2021-08-17,354.9371032714844,365.7300109863281,367.1499938964844,363.2300109863281,366.1499938964844,44793900
2021-08-18,351.52093505859375,362.2099914550781,366.6199951171875,361.8699951171875,365.17999267578125,38541900
2021-08-19,353.2193603515625,363.9599914550781,365.67999267578125,359.9599914550781,360.2200012207031,48499400
2021-08-20,356.8780517578125,367.7300109863281,368.1400146484375,364.739990234375,365.05999755859375,39486000
2021-08-23,362.2156982421875,373.2300109863281,373.94000244140625,368.7900085449219,368.79998779296875,34034700
2021-08-24,363.3221130371094,374.3699951171875,374.989990234375,373.3599853515625,373.8399963378906,21732900
2021-08-25,363.7393493652344,374.79998779296875,375.3900146484375,373.8599853515625,374.6300048828125,20441900
2021-08-26,361.42962646484375,372.4200134277344,374.6199951171875,371.9700012207031,373.9200134277344,29133300
2021-08-27,364.9428405761719,376.0400085449219,376.55999755859375,372.57000732421875,373.07000732421875,27104700
2021-08-30,369.0382995605469,380.260009765625,380.760009765625,376.8299865722656,376.8500061035156,27295700
2021-08-31,368.7373962402344,379.95001220703125,380.5799865722656,378.3599853515625,380.510009765625,29628200
2021-09-01,369.3488464355469,380.5799865722656,382.7099914550781,380.3699951171875,381.0400085449219,28138300
2021-09-02,369.1741638183594,380.3999938964844,382.30999755859375,379.1499938964844,381.9700012207031,25453400
2021-09-03,370.3096008300781,381.57000732421875,381.9800109863281,379.20001220703125,379.2200012207031,24605400
2021-09-07,370.83367919921875,382.1099853515625,382.7799987792969,380.489990234375,381.67999267578125,23970200
2021-09-08,369.54296875,380.7799987792969,381.92999267578125,378.45001220703125,381.92999267578125,32949200
2021-09-09,368.2716064453125,379.4700012207031,382.1499938964844,379.2200012207031,381.010009765625,29399000
2021-09-10,365.4765625,376.5899963378906,381.9700012207031,376.25,381.2300109863281,40249400
2021-09-13,365.2242431640625,376.3299865722656,379.42999267578125,374.2200012207031,378.989990234375,48741800
2021-09-14,364.1858825683594,375.260009765625,378.6099853515625,374.2799987792969,377.8599853515625,41826600
2021-09-15,366.89349365234375,378.04998779296875,378.4100036621094,373.3699951171875,375.7300109863281,34097900
2021-09-16,367.14581298828125,378.30999755859375,378.8999938964844,374.70001220703125,376.67999267578125,35193100
2021-09-17,362.79803466796875,373.8299865722656,377.8699951171875,372.760009765625,377.82000732421875,60912300
2021-09-20,355.30145263671875,365.70001220703125,369.25,360.92999267578125,367.4599914550781,76203200
2021-09-21,355.7386474609375,366.1499938964844,368.80999755859375,364.989990234375,367.5799865722656,41927500
2021-09-22,359.0613708496094,369.57000732421875,371.07000732421875,365.9599914550781,367.0899963378906,46972900
2021-09-23,362.37445068359375,372.9800109863281,374.0400085449219,370.1000061035156,370.760009765625,44652000
2021-09-24,362.71441650390625,373.3299865722656,373.760009765625,370.2699890136719,370.6499938964844,36056800
2021-09-27,359.8192138671875,370.3500061035156,371.25,367.7300109863281,370.20001220703125,43338100
2021-09-28,349.63726806640625,359.8699951171875,370.29998779296875,359.3500061035156,365.6700134277344,97701600
2021-09-29,349.06396484375,359.2799987792969,363.3699951171875,358.6400146484375,361.1700134277344,58076600
2021-09-30,347.7815246582031,357.9599914550781,362.67999267578125,357.1000061035156,360.9700012207031,61384600
2021-10-01,349.9383850097656,360.17999267578125,361.25,354.3800048828125,358.6000061035156,56375500
2021-10-04,342.5932922363281,352.6199951171875,358.8599853515625,350.32000732421875,358.5199890136719,76766000
2021-10-05,347.21795654296875,357.3800048828125,359.69000244140625,353.4800109863281,353.7099914550781,47232900
2021-10-06,349.4429016113281,359.6700134277344,359.95001220703125,353.1499938964844,354.0799865722656,56806500
2021-10-07,352.6490783691406,362.9700012207031,365.69000244140625,362.25,362.79998779296875,39411200
2021-10-08,350.8905029296875,361.1600036621094,364.32000732421875,360.6099853515625,364.0799865722656,41822300
2021-10-11,348.1993103027344,358.3900146484375,363.20001220703125,358.29998779296875,359.5799865722656,34847200
2021-10-12,346.9847717285156,357.1400146484375,360.3299865722656,356.4800109863281,359.8800048828125,43905100
2021-10-13,349.7634582519531,360.0,360.69000244140625,357.42999267578125,359.510009765625,40120800
2021-10-14,356.2049865722656,366.6300048828125,366.8500061035156,363.010009765625,363.69000244140625,43433900
2021-10-15,358.44927978515625,368.94000244140625,369.05999755859375,366.82000732421875,367.8800048828125,40419900
2021-10-18,362.05377197265625,372.6499938964844,372.8699951171875,366.989990234375,367.6099853515625,34513500
2021-10-19,364.793701171875,375.4700012207031,375.5199890136719,372.70001220703125,373.75,29091000
2021-10-20,364.3175354003906,374.9800109863281,376.57000732421875,373.4599914550781,375.94000244140625,31390300
2021-10-21,366.54241943359375,377.2699890136719,377.4700012207031,373.8500061035156,374.1600036621094,25469300
2021-10-22,363.4626159667969,374.1000061035156,376.9700012207031,372.3900146484375,375.9800109863281,36275800
2021-10-25,367.1836242675781,377.92999267578125,378.8699951171875,373.55999755859375,375.55999755859375,32597800
2021-10-26,368.3398132324219,379.1199951171875,382.7099914550781,377.9100036621094,380.2300109863281,47191300
2021-10-27,369.1947937011719,380.0,383.1499938964844,379.30999755859375,379.5799865722656,45760500
2021-10-28,373.2947998046875,384.2200012207031,384.4800109863281,381.1600036621094,381.95001220703125,38007000
2021-10-29,375.1309814453125,386.1099853515625,386.2799987792969,380.70001220703125,381.05999755859375,37310100
2021-11-01,376.4134826660156,387.42999267578125,387.55999755859375,384.4200134277344,386.55999755859375,30765300
2021-11-02,377.9874267578125,389.04998779296875,389.5400085449219,386.75,386.79998779296875,25135300
2021-11-03,382.0,393.17999267578125,393.6099853515625,388.4800109863281,389.54998779296875,33748900
2021-11-04,386.89666748046875,398.2200012207031,399.20001220703125,393.9200134277344,394.4800109863281,40265300
2021-11-05,387.2659606933594,398.6000061035156,400.989990234375,397.1600036621094,400.0400085449219,43383800
2021-11-08,386.74127197265625,398.05999755859375,399.6199951171875,397.3999938964844,398.57000732421875,29256300
2021-11-09,384.0792541503906,395.32000732421875,399.57000732421875,393.9200134277344,399.1600036621094,50490700
2021-11-10,378.4344482421875,389.510009765625,395.3599853515625,387.5299987792969,392.4700012207031,54937400
2021-11-11,379.483642578125,390.5899963378906,392.75,390.239990234375,392.57000732421875,32243000
2021-11-12,383.4768371582031,394.70001220703125,395.25,390.1300048828125,391.7699890136719,34730600
2021-11-15,383.389404296875,394.6099853515625,396.239990234375,392.1000061035156,395.9100036621094,33716900
2021-11-16,386.1195068359375,397.4200134277344,397.92999267578125,393.6600036621094,393.8599853515625,27872900
2021-11-17,386.32354736328125,397.6300048828125,399.7200012207031,396.6400146484375,397.75,28703300
2021-11-18,390.32635498046875,401.75,402.2699890136719,397.45001220703125,399.7300109863281,45721500
2021-11-19,392.50262451171875,403.989990234375,405.29998779296875,402.5799865722656,403.42999267578125,45191700
2021-11-22,387.94598388671875,399.29998779296875,408.7099914550781,399.19000244140625,405.57000732421875,61715400
2021-11-23,386.177734375,397.4800109863281,400.2300109863281,392.9200134277344,398.1099853515625,70098700
2021-11-24,387.4213562011719,398.760009765625,399.04998779296875,392.5400085449219,394.92999267578125,46954400
2021-11-26,380.07635498046875,391.20001220703125,397.5400085449219,389.7699890136719,396.1099853515625,51533300
2021-11-29,388.3249206542969,399.69000244140625,400.7300109863281,395.1400146484375,395.8900146484375,54447100
2021-11-30,382.6218566894531,393.82000732421875,401.19000244140625,391.75,398.7799987792969,81332700
2021-12-01,376.1123962402344,387.1199951171875,400.4800109863281,386.6400146484375,398.2799987792969,77766500
2021-12-02,378.8230285644531,389.9100036621094,391.739990234375,384.3399963378906,385.79998779296875,84416600
2021-12-03,372.23577880859375,383.1300048828125,392.3399963378906,378.8999938964844,391.30999755859375,105349100
2021-12-06,375.2185363769531,386.20001220703125,387.6000061035156,379.29998779296875,383.6300048828125,67588800
2021-12-07,386.5178527832031,397.8299865722656,398.4599914550781,392.989990234375,393.0299987792969,56005300
2021-12-08,388.2471923828125,399.6099853515625,399.82000732421875,396.2200012207031,398.1700134277344,39204000
2021-12-09,382.5343322753906,393.7300109863281,400.20001220703125,393.5299987792969,398.3500061035156,49973700
2021-12-10,386.6927185058594,398.010009765625,398.2799987792969,393.3599853515625,396.6199951171875,52545800
2021-12-13,381.1062316894531,392.260009765625,398.3299865722656,391.8800048828125,398.0,50166400
2021-12-14,377.1616516113281,388.20001220703125,390.0899963378906,383.6300048828125,387.29998779296875,75199200
2021-12-15,385.7599792480469,397.04998779296875,397.4200134277344,383.8800048828125,387.94000244140625,73858000
2021-12-16,375.8402404785156,386.8399963378906,398.4800109863281,385.2099914550781,398.0400085449219,82591400
2021-12-17,373.9651794433594,384.9100036621094,389.19000244140625,381.7699890136719,383.3299865722656,80492500
2021-12-20,370.3376159667969,380.69000244140625,381.5,377.4700012207031,379.57000732421875,65336800
2021-12-21,378.6258850097656,389.2099914550781,389.5299987792969,380.20001220703125,384.04998779296875,48899500
2021-12-22,383.23699951171875,393.95001220703125,394.1600036621094,388.2300109863281,388.9100036621094,37042200
2021-12-23,386.1262512207031,396.9200134277344,398.42999267578125,394.1400146484375,394.30999755859375,29595500
2021-12-27,392.5078125,403.4800109863281,403.4800109863281,398.2200012207031,398.25,32820700
2021-12-28,390.688720703125,401.6099853515625,404.5799865722656,400.7099914550781,404.3999938964844,33113700
2021-12-29,390.63031005859375,401.54998779296875,403.04998779296875,399.1099853515625,401.75,32248500
2021-12-30,389.46295166015625,400.3500061035156,403.57000732421875,399.75,401.3299865722656,23850100
2021-12-31,387.03094482421875,397.8500061035156,401.05999755859375,397.3399963378906,399.6600036621094,34752900
2022-01-03,390.7568054199219,401.67999267578125,401.94000244140625,396.8800048828125,399.04998779296875,40575900
2022-01-04,385.6884460449219,396.4700012207031,402.2799987792969,393.2900085449219,402.239990234375,58027200
2022-01-05,373.8396911621094,384.2900085449219,395.8900146484375,384.0299987792969,394.739990234375,75739800
2022-01-06,373.5769958496094,384.0199890136719,387.3500061035156,380.1300048828125,382.4200134277344,70814300
2022-01-07,369.5301208496094,379.8599853515625,385.760009765625,378.0400085449219,384.0299987792969,72652300
2022-01-10,369.77337646484375,380.1099853515625,380.6400146484375,369.30999755859375,374.82000732421875,91770500
2022-01-11,375.32806396484375,385.82000732421875,385.989990234375,377.2200012207031,379.3599853515625,68295700
2022-01-12,376.81640625,387.3500061035156,390.20001220703125,385.010009765625,388.4599914550781,54576400
2022-01-13,367.3900146484375,377.6600036621094,389.4700012207031,376.70001220703125,388.7699890136719,77994000
2022-01-14,369.67608642578125,380.010009765625,380.3500061035156,374.8599853515625,375.07000732421875,80121200
2022-01-18,360.4733581542969,370.54998779296875,376.2200012207031,369.7699890136719,374.0400085449219,75450900
2022-01-19,356.51397705078125,366.4800109863281,374.69000244140625,366.2099914550781,372.1499938964844,81791500
2022-01-20,351.88348388671875,361.7200012207031,373.8699951171875,361.1700134277344,369.7900085449219,88610700
2022-01-21,342.1261901855469,351.69000244140625,362.17999267578125,351.3999938964844,359.4700012207031,143388900
2022-01-24,343.6924133300781,353.29998779296875,353.9800109863281,334.1499938964844,345.9100036621094,198685800
2022-01-25,335.7251281738281,345.1099853515625,351.0299987792969,341.67999267578125,346.6700134277344,124398400
2022-01-26,335.19989013671875,344.57000732421875,356.8800048828125,340.7799987792969,352.9100036621094,146559500
2022-01-27,331.8242492675781,341.1000061035156,351.2699890136719,340.04998779296875,349.3999938964844,95255700
2022-01-28,342.2332763671875,351.79998779296875,352.0199890136719,337.95001220703125,343.0299987792969,108167900
2022-01-31,353.17724609375,363.04998779296875,363.6499938964844,351.5199890136719,353.20001220703125,94326400
2022-02-01,355.5801086425781,365.5199890136719,366.19000244140625,359.1400146484375,364.42999267578125,74433000
2022-02-02,358.4693298339844,368.489990234375,370.1000061035156,364.2900085449219,369.760009765625,78777100
2022-02-03,343.9356689453125,353.54998779296875,361.92999267578125,352.4599914550781,358.5299987792969,95384800
2022-02-04,348.27423095703125,358.010009765625,361.3999938964844,351.9700012207031,354.0799865722656,86318300
2022-02-07,345.47265625,355.1300048828125,361.04998779296875,353.8399963378906,358.6199951171875,58198100
2022-02-08,349.3541564941406,359.1199951171875,360.239990234375,352.79998779296875,353.9599914550781,64720900
2022-02-09,356.7572021484375,366.7300109863281,366.80999755859375,362.1199951171875,363.760009765625,55766400
2022-02-10,348.68292236328125,358.42999267578125,366.489990234375,356.5400085449219,359.5199890136719,112468500
2022-02-11,337.62213134765625,347.05999755859375,360.07000732421875,345.79998779296875,358.42999267578125,101569100
2022-02-14,338.0403747558594,347.489990234375,350.9800109863281,343.8900146484375,346.489990234375,80254400
2022-02-15,346.4455261230469,356.1300048828125,356.3699951171875,351.82000732421875,352.9100036621094,55128800
2022-02-16,346.3579406738281,356.0400085449219,357.0899963378906,350.7099914550781,353.82000732421875,58947100
2022-02-17,336.0558166503906,345.45001220703125,353.4599914550781,345.0199890136719,352.739990234375,61801400
2022-02-18,332.2230529785156,341.510009765625,346.80999755859375,339.1400146484375,346.4100036621094,80001500
2022-02-22,328.8863220214844,338.0799865722656,344.0400085449219,334.3500061035156,338.489990234375,85967100
2022-02-23,320.4617919921875,329.4200134277344,342.17999267578125,329.1000061035156,341.32000732421875,86215400
2022-02-24,331.2307434082031,340.489990234375,341.0400085449219,318.260009765625,318.8399963378906,130614100
2022-02-25,336.3672180175781,345.7699890136719,345.9800109863281,337.3900146484375,341.30999755859375,78842100
2022-02-28,337.3691101074219,346.79998779296875,348.5400085449219,341.32000732421875,342.510009765625,77515500
2022-03-01,332.20355224609375,341.489990234375,348.0799865722656,338.8999938964844,345.75,67407000
2022-03-02,337.77777099609375,347.2200012207031,348.5899963378906,340.239990234375,343.0799865722656,70609000
2022-03-03,332.95263671875,342.260009765625,350.0400085449219,340.3500061035156,349.92999267578125,71089400
2022-03-04,328.1275329589844,337.29998779296875,341.30999755859375,334.9200134277344,339.8399963378906,76936300
2022-03-07,316.0257568359375,324.8599853515625,338.4800109863281,324.6499938964844,337.2900085449219,89933800
2022-03-08,314.5568542480469,323.3500061035156,333.2099914550781,319.94000244140625,324.04998779296875,116153900
2022-03-09,325.88037109375,334.989990234375,336.3800048828125,329.0899963378906,331.75,64723400
2022-03-10,322.261474609375,331.2699890136719,332.510009765625,326.7099914550781,330.82000732421875,69362700
2022-03-11,315.5782775878906,324.3999938964844,334.6400146484375,323.8999938964844,334.32000732421875,66228400
2022-03-14,309.5177001953125,318.1700134277344,326.5899963378906,317.45001220703125,323.1300048828125,79802600
2022-03-15,319.226318359375,328.1499938964844,328.95001220703125,319.2300109863281,320.8800048828125,76471000
2022-03-16,331.06536865234375,340.32000732421875,340.44000244140625,328.3999938964844,332.1700134277344,105243000
2022-03-17,335.07330322265625,344.44000244140625,344.5,337.0400085449219,338.3699951171875,67810000
2022-03-18,341.9316711425781,351.489990234375,351.7900085449219,341.54998779296875,342.739990234375,85446300
2022-03-21,340.98101806640625,350.0799865722656,352.4800109863281,345.5799865722656,350.20001220703125,73799100
2022-03-22,347.6822204589844,356.9599914550781,357.8500061035156,350.20001220703125,350.5899963378906,63345900
2022-03-23,342.6855163574219,351.8299865722656,357.6600036621094,351.7699890136719,354.010009765625,70615500
2022-03-24,350.30224609375,359.6499938964844,359.70001220703125,351.5899963378906,353.79998779296875,53555300
2022-03-25,350.0100402832031,359.3500061035156,360.6700134277344,354.94000244140625,359.5899963378906,57584200
2022-03-28,355.4255676269531,364.9100036621094,365.010009765625,358.07000732421875,359.3399963378906,56833900
2022-03-29,361.5423889160156,371.19000244140625,371.8299865722656,366.05999755859375,368.8999938964844,68073000
2022-03-30,357.5489196777344,367.0899963378906,370.9800109863281,365.57000732421875,369.2799987792969,68757700
2022-03-31,353.1171569824219,362.5400085449219,367.6000061035156,361.67999267578125,367.239990234375,67011400
2022-04-01,352.44512939453125,361.8500061035156,363.6099853515625,358.5899963378906,362.80999755859375,54527800
2022-04-04,359.7015075683594,369.29998779296875,369.30999755859375,362.44000244140625,362.7099914550781,45950200
2022-04-05,351.7145690917969,361.1000061035156,368.5400085449219,359.92999267578125,367.80999755859375,62738700
2022-04-06,344.0783996582031,353.260009765625,356.7799987792969,350.55999755859375,355.6499938964844,90077100
2022-04-07,344.89642333984375,354.1000061035156,356.3500061035156,348.69000244140625,352.239990234375,63777400
2022-04-08,340.07513427734375,349.1499938964844,353.0899963378906,348.5,352.32000732421875,61956100
2022-04-11,332.0298767089844,340.8900146484375,345.75,340.5400085449219,344.80999755859375,66107400
2022-04-12,330.6273193359375,339.45001220703125,347.69000244140625,338.0400085449219,345.760009765625,72790200
2022-04-13,337.34796142578125,346.3500061035156,347.42999267578125,339.05999755859375,339.79998779296875,61367800
2022-04-14,329.6338195800781,338.42999267578125,346.9700012207031,338.2099914550781,346.44000244140625,73519400
2022-04-18,329.88702392578125,338.69000244140625,341.0400085449219,335.7900085449219,337.3500061035156,58560600
2022-04-19,337.2603759765625,346.260009765625,346.8500061035156,336.9800109863281,338.0299987792969,56515700
2022-04-20,332.341552734375,341.2099914550781,347.55999755859375,339.9599914550781,347.0899963378906,65500000
2022-04-21,325.4649963378906,334.1499938964844,347.8699951171875,333.20001220703125,345.19000244140625,75801000
2022-04-22,316.9423828125,325.3999938964844,335.55999755859375,324.9599914550781,334.30999755859375,82562100
2022-04-25,321.0137939453125,329.5799865722656,329.8999938964844,322.42999267578125,323.7300109863281,101755900
2022-04-26,308.8971862792969,317.1400146484375,327.6600036621094,316.8599853515625,327.4700012207031,105819600
2022-04-27,308.527099609375,316.760009765625,322.8800048828125,315.0,317.239990234375,111204200
2022-04-28,319.4846496582031,328.010009765625,329.8900146484375,317.5199890136719,321.8500061035156,99450000
2022-04-29,305.1083068847656,313.25,327.2300109863281,312.6000061035156,323.70001220703125,91977900
2022-05-02,310.2023620605469,318.4800109863281,318.7200012207031,309.6499938964844,312.8299865722656,115511800
2022-05-03,310.53350830078125,318.82000732421875,321.1700134277344,315.9800109863281,318.5,78185500
2022-05-04,321.0332946777344,329.6000061035156,330.2900085449219,313.8900146484375,319.30999755859375,116083400
2022-05-05,304.8647766113281,313.0,325.25,309.6199951171875,325.1700134277344,154607400
2022-05-06,301.2122497558594,309.25,315.0899963378906,305.1099853515625,310.95001220703125,139572800
2022-05-09,289.42669677734375,297.1499938964844,309.3500061035156,295.7200012207031,303.4800109863281,113387300
2022-05-10,292.94293212890625,300.760009765625,305.760009765625,296.57000732421875,304.510009765625,124124600
2022-05-11,284.2547607421875,291.8399963378906,304.0899963378906,290.95001220703125,298.44000244140625,140326100
2022-05-12,283.5826416015625,291.1499938964844,295.75,284.94000244140625,287.45001220703125,120910900
2022-05-13,294.09222412109375,301.94000244140625,303.0,294.0799865722656,295.7200012207031,83684900
2022-05-16,290.6833190917969,298.44000244140625,302.260009765625,297.1300048828125,300.1499938964844,59190400
2022-05-17,298.2123107910156,306.1700134277344,306.55999755859375,300.54998779296875,304.45001220703125,62715300
2022-05-18,283.572998046875,291.1400146484375,302.25,289.8500061035156,301.5400085449219,79477100
2022-05-19,282.053466796875,289.5799865722656,294.3900146484375,287.5799865722656,289.2900085449219,79920700
2022-05-20,281.1768798828125,288.67999267578125,293.79998779296875,280.2099914550781,293.1300048828125,91764200
2022-05-23,285.8521423339844,293.4800109863281,293.8699951171875,287.2900085449219,289.75,63648400
2022-05-24,279.77435302734375,287.239990234375,288.8599853515625,282.25,288.1300048828125,73491100
2022-05-25,283.6898193359375,291.260009765625,293.3900146484375,285.5,285.7099914550781,67144500
2022-05-26,291.54998779296875,299.3299865722656,300.9200134277344,290.1499938964844,290.44000244140625,59462200
2022-05-27,301.0661926269531,309.1000061035156,309.25,302.4200134277344,302.5400085449219,66985600
2022-05-31,300.2674865722656,308.2799987792969,311.3299865722656,304.3299865722656,309.07000732421875,60968300
2022-06-01,298.04669189453125,306.0,312.6499938964844,303.7300109863281,310.4700012207031,65341700
2022-06-02,306.2088928222656,314.3800048828125,314.55999755859375,303.3999938964844,304.8500061035156,59291300
2022-06-03,298.2415466308594,306.20001220703125,310.4700012207031,304.9200134277344,309.0299987792969,60914700
2022-06-06,299.2350158691406,307.2200012207031,312.3500061035156,305.6199951171875,310.75,51785000
2022-06-07,301.816162109375,309.8699951171875,310.6700134277344,302.69000244140625,303.80999755859375,44900300
2022-06-08,299.64410400390625,307.6400146484375,311.7200012207031,306.7699890136719,309.04998779296875,38342100
2022-06-09,291.6182556152344,299.3999938964844,309.04998779296875,299.2300109863281,305.9100036621094,55900500
2022-06-10,281.3326416015625,288.8399963378906,294.8699951171875,288.3800048828125,293.6499938964844,85963500
2022-06-13,268.2518310546875,275.4100036621094,282.3399963378906,274.5299987792969,279.75,94442000
2022-06-14,268.73883056640625,275.9100036621094,278.6600036621094,273.3399963378906,277.6600036621094,64697500
2022-06-15,275.4497375488281,282.79998779296875,286.8299865722656,276.6099853515625,279.4200134277344,86051400
2022-06-16,264.3362731933594,271.3900146484375,276.05999755859375,269.2799987792969,275.5899963378906,81910300
2022-06-17,267.55047607421875,274.69000244140625,277.19000244140625,270.510009765625,272.17999267578125,82703400
2022-06-21,274.3006896972656,281.0799865722656,283.45001220703125,278.6400146484375,278.75,51633700
2022-06-22,273.9005432128906,280.6700134277344,285.17999267578125,277.9100036621094,278.5199890136719,67472900
2022-06-23,277.9797668457031,284.8500061035156,285.7200012207031,280.30999755859375,283.2099914550781,57457800
2022-06-24,287.50433349609375,294.6099853515625,295.0400085449219,287.5,287.739990234375,58422300
2022-06-27,285.3964538574219,292.45001220703125,296.5799865722656,291.2900085449219,296.0,54151500
2022-06-28,276.70135498046875,283.5400085449219,295.6499938964844,283.3500061035156,293.0,61609800
2022-06-29,276.955078125,283.79998779296875,285.3399963378906,280.8399963378906,283.3999938964844,57302700
2022-06-30,273.51995849609375,280.2799987792969,283.94000244140625,275.7799987792969,280.75,79313600
2022-07-01,275.3253479003906,282.1300048828125,282.5299987792969,277.0299987792969,278.95001220703125,56675100
2022-07-05,280.0388488769531,286.9599914550781,287.0799865722656,276.75,278.30999755859375,61829300
2022-07-06,281.83447265625,288.79998779296875,290.95001220703125,285.5899963378906,287.3500061035156,63194700
2022-07-07,287.86541748046875,294.9800109863281,295.70001220703125,289.6300048828125,289.6300048828125,56620100
2022-07-08,288.2264709472656,295.3500061035156,296.75,291.1199951171875,292.0799865722656,59895500
2022-07-11,282.06878662109375,289.0400085449219,293.1099853515625,288.1400146484375,292.8800048828125,55273900
2022-07-12,279.336181640625,286.239990234375,292.2799987792969,284.6099853515625,290.32000732421875,55797100
2022-07-13,278.76043701171875,285.6499938964844,288.04998779296875,280.0199890136719,280.6000061035156,73939400
2022-07-14,279.75592041015625,286.6700134277344,287.55999755859375,279.79998779296875,282.989990234375,63741800
2022-07-15,284.8304138183594,291.8699951171875,291.9800109863281,288.0799865722656,289.7300109863281,63818100
2022-07-18,282.4200439453125,289.3999938964844,296.1600036621094,288.20001220703125,294.7200012207031,59519600
2022-07-19,291.1053466796875,298.29998779296875,298.6000061035156,291.4700012207031,293.1099853515625,55172600
2022-07-20,295.72125244140625,303.0299987792969,304.239990234375,297.92999267578125,298.7300109863281,67769400
2022-07-21,299.96636962890625,307.3800048828125,307.44000244140625,300.7799987792969,303.5,55049400
2022-07-22,294.70635986328125,301.989990234375,308.54998779296875,300.1199951171875,306.42999267578125,57127700
2022-07-25,293.0278015136719,300.2699890136719,302.5,298.2200012207031,302.0199890136719,40582400
2022-07-26,287.27008056640625,294.3699951171875,298.7900085449219,293.5400085449219,298.5299987792969,50074100
2022-07-27,299.4101257324219,306.80999755859375,308.5400085449219,298.4599914550781,299.0400085449219,69304400
2022-07-28,302.3376770019531,309.80999755859375,310.3999938964844,302.75,306.5899963378906,55139900
2022-07-29,307.85150146484375,315.4599914550781,316.3900146484375,309.92999267578125,311.3900146484375,57501000
2022-08-01,307.666015625,315.2699890136719,318.80999755859375,312.5299987792969,313.6499938964844,46358800
2022-08-02,306.74871826171875,314.3299865722656,318.54998779296875,311.8399963378906,312.9200134277344,48676500
2022-08-03,315.102294921875,322.8900146484375,323.7300109863281,315.989990234375,316.04998779296875,53735700
2022-08-04,316.5757751464844,324.3999938964844,324.7200012207031,320.7699890136719,322.9700012207031,38973700
2022-08-05,313.98980712890625,321.75,323.8299865722656,318.3900146484375,319.19000244140625,53894000
2022-08-08,312.97479248046875,320.7099914550781,326.4700012207031,319.2099914550781,322.69000244140625,43878500
2022-08-09,309.4323425292969,317.0799865722656,319.0299987792969,315.4200134277344,318.7699890136719,39764200
2022-08-10,318.0688781738281,325.92999267578125,326.2300109863281,322.05999755859375,324.5899963378906,51459600
2022-08-11,316.2635498046875,324.0799865722656,330.3599853515625,323.3599853515625,328.30999755859375,45897700
2022-08-12,322.4214172363281,330.3900146484375,330.5899963378906,325.1000061035156,326.17999267578125,40928400
2022-08-15,325.0270080566406,333.05999755859375,333.57000732421875,329.3999938964844,329.4200134277344,38266600
2022-08-16,324.2657165527344,332.2799987792969,334.4200134277344,329.1600036621094,332.05999755859375,41186900
2022-08-17,320.56719970703125,328.489990234375,331.42999267578125,326.3599853515625,329.07000732421875,47842200
2022-08-18,321.338134765625,329.2799987792969,330.489990234375,326.7900085449219,328.44000244140625,41937200
2022-08-19,315.0730285644531,322.8599853515625,326.8399963378906,322.0799865722656,326.1700134277344,51770600
2022-08-22,306.7779846191406,314.3599853515625,318.739990234375,313.5299987792969,318.5,51098900
2022-08-23,306.5243225097656,314.1000061035156,317.0,313.3299865722656,314.1199951171875,39497100
2022-08-24,307.4122619628906,315.010009765625,316.8699951171875,312.989990234375,313.6099853515625,38057100
2022-08-25,312.8479919433594,320.5799865722656,320.6000061035156,315.760009765625,316.8299865722656,38098300
2022-08-26,300.0248718261719,307.44000244140625,321.510009765625,307.3500061035156,320.2799987792969,69047700
2022-08-29,297.0680236816406,304.4100036621094,307.2200012207031,303.2799987792969,304.6199951171875,48321900
2022-08-30,293.75970458984375,301.0199890136719,306.7300109863281,298.44000244140625,306.1000061035156,51184500
2022-08-31,292.05194091796875,299.2699890136719,304.9100036621094,299.1600036621094,303.989990234375,50044000
2022-09-01,292.17877197265625,299.3999938964844,299.7799987792969,292.95001220703125,296.7200012207031,57990700
2022-09-02,288.05084228515625,295.1700134277344,303.75,293.5199890136719,302.3399963378906,64666800
2022-09-06,285.9819030761719,293.04998779296875,296.6000061035156,290.8699951171875,295.6600036621094,57005400
2022-09-07,291.7591857910156,298.9700012207031,299.989990234375,293.2699890136719,293.5400085449219,49260400
2022-09-08,293.2718200683594,300.5199890136719,301.8699951171875,295.45001220703125,296.8500061035156,55649800
2022-09-09,299.683349609375,307.0899963378906,307.6000061035156,300.5199890136719,302.8299865722656,56125200
2022-09-12,303.2452697753906,310.739990234375,311.0799865722656,308.17999267578125,308.5,45905700
2022-09-13,286.6163635253906,293.70001220703125,303.0199890136719,292.7900085449219,301.79998779296875,79562200
2022-09-14,288.89007568359375,296.0299987792969,296.92999267578125,293.05999755859375,294.8699951171875,54907200
2022-09-15,284.07891845703125,291.1000061035156,296.5299987792969,289.4599914550781,294.07000732421875,65299400
2022-09-16,282.3419494628906,289.32000732421875,289.7200012207031,285.6199951171875,287.7200012207031,79920400
2022-09-19,284.5406188964844,291.04998779296875,291.2099914550781,286.0400085449219,286.1000061035156,52613800
2022-09-20,282.27252197265625,288.7300109863281,291.07000732421875,286.3800048828125,288.489990234375,51271100
2022-09-21,277.2181396484375,283.55999755859375,293.95001220703125,283.4200134277344,289.5899963378906,82931000
2022-09-22,273.80621337890625,280.07000732421875,283.0299987792969,278.82000732421875,282.0,62757100
2022-09-23,269.3481750488281,275.510009765625,277.8500061035156,272.0199890136719,277.54998779296875,74815200
2022-09-26,268.2336120605469,274.3699951171875,279.489990234375,273.55999755859375,275.0299987792969,71176700
2022-09-27,268.3412170410156,274.4800109863281,280.2099914550781,272.1099853515625,277.80999755859375,69780100
2022-09-28,273.6790466308594,279.94000244140625,281.25,272.95001220703125,274.4599914550781,79652100
2022-09-29,265.7895812988281,271.8699951171875,276.25,268.8399963378906,275.8599853515625,81216000
2022-09-30,261.28271484375,267.260009765625,275.19000244140625,267.1000061035156,271.0299987792969,78482400
2022-10-03,267.4125061035156,273.5299987792969,275.1600036621094,267.5299987792969,269.07000732421875,61267400
2022-10-04,275.8201599121094,282.1300048828125,282.8500061035156,278.989990234375,278.989990234375,66696900
2022-10-05,275.6734619140625,281.9800109863281,283.80999755859375,275.4200134277344,278.2799987792969,55766300
2022-10-06,273.50311279296875,279.760009765625,284.17999267578125,279.42999267578125,280.9599914550781,53489400
2022-10-07,263.08160400390625,269.1000061035156,275.1499938964844,267.739990234375,275.0199890136719,71354700
2022-10-10,260.4517517089844,266.4100036621094,269.70001220703125,263.6400146484375,269.29998779296875,60393000
2022-10-11,256.8735656738281,262.75,267.6300048828125,261.0299987792969,264.70001220703125,66522500
2022-10-12,256.7855224609375,262.6600036621094,265.3599853515625,261.95001220703125,263.3999938964844,50580200
2022-10-13,262.80780029296875,268.82000732421875,270.1700134277344,254.25999450683594,255.16000366210938,112894100
2022-10-14,254.90850830078125,260.739990234375,271.80999755859375,260.1400146484375,271.20001220703125,77244300
2022-10-17,263.325927734375,269.3500061035156,270.239990234375,266.739990234375,266.8399963378906,64576500
2022-10-18,265.40838623046875,271.4800109863281,277.2099914550781,268.739990234375,276.5299987792969,69781000
2022-10-19,264.4404296875,270.489990234375,273.67999267578125,268.07000732421875,269.92999267578125,53115400
2022-10-20,263.09130859375,269.1099853515625,274.8399963378906,267.9200134277344,269.5799865722656,60605500
2022-10-21,269.2601318359375,275.4200134277344,275.9700012207031,266.82000732421875,267.9800109863281,77897700
2022-10-24,272.2224426269531,278.45001220703125,279.3999938964844,271.9700012207031,275.69000244140625,63963600
2022-10-25,277.85357666015625,284.2099914550781,284.6000061035156,277.8999938964844,279.4100036621094,59014500
2022-10-26,271.7140808105469,277.92999267578125,283.9800109863281,277.42999267578125,278.4599914550781,63492400
2022-10-27,266.76715087890625,272.8699951171875,278.2799987792969,272.3399963378906,276.7900085449219,57760300
2022-10-28,274.930419921875,281.2200012207031,281.70001220703125,272.05999755859375,272.2300109863281,62651300
2022-10-31,271.733642578125,277.95001220703125,279.760009765625,275.989990234375,278.9200134277344,47742000
2022-11-01,268.9571228027344,275.1099853515625,282.07000732421875,274.739990234375,281.5,45895900
2022-11-02,259.7380676269531,265.67999267578125,278.2099914550781,265.6099853515625,275.0799865722656,79803100
2022-11-03,254.6641082763672,260.489990234375,264.5,260.1000061035156,263.010009765625,70038900
2022-11-04,258.7603454589844,264.67999267578125,266.6099853515625,259.0799865722656,265.5299987792969,78313200
2022-11-07,261.6053161621094,267.5899963378906,268.1400146484375,263.57000732421875,265.75,47333800
2022-11-08,263.5117492675781,269.5400085449219,272.8500061035156,265.5199890136719,269.1400146484375,63213800
2022-11-09,257.4307861328125,263.32000732421875,268.55999755859375,263.0299987792969,267.760009765625,64862100
2022-11-10,276.4263000488281,282.75,283.04998779296875,273.8500061035156,276.010009765625,99256700
2022-11-11,281.5197448730469,287.9599914550781,288.6400146484375,281.19000244140625,282.55999755859375,66961800
2022-11-14,279.05609130859375,285.44000244140625,289.2099914550781,284.44000244140625,285.8599853515625,55290700
2022-11-15,282.9177551269531,289.3900146484375,293.260009765625,285.9700012207031,292.2099914550781,73985400
2022-11-16,279.05609130859375,285.44000244140625,289.4800109863281,284.6000061035156,287.3900146484375,48859800
2022-11-17,278.440185546875,284.80999755859375,286.32000732421875,280.7200012207031,280.8800048828125,55462100
2022-11-18,278.4499206542969,284.82000732421875,287.989990234375,282.32000732421875,287.8900146484375,53588600
2022-11-21,275.58551025390625,281.8900146484375,284.5799865722656,281.0400085449219,283.3999938964844,40083500
2022-11-22,279.55474853515625,285.95001220703125,286.1099853515625,280.4599914550781,282.6400146484375,41873400
2022-11-23,282.3605041503906,288.82000732421875,289.4599914550781,285.7900085449219,285.9700012207031,46390000
2022-11-25,280.5030517578125,286.9200134277344,287.9100036621094,286.4200134277344,287.19000244140625,15498800
2022-11-28,276.38714599609375,282.7099914550781,286.9599914550781,281.760009765625,284.8999938964844,38714200
2022-11-29,274.2950134277344,280.57000732421875,283.3500061035156,279.1700134277344,282.94000244140625,35618900
2022-11-30,286.7989196777344,293.3599853515625,293.4700012207031,279.9700012207031,280.8399963378906,74718100
2022-12-01,287.15093994140625,293.7200012207031,295.75,290.8800048828125,293.69000244140625,51547300
2022-12-02,286.007080078125,292.54998779296875,293.45001220703125,288.3599853515625,288.5400085449219,53583200
2022-12-05,281.2069396972656,287.6400146484375,291.67999267578125,286.1499938964844,290.3800048828125,41482100
2022-12-06,275.3802185058594,281.67999267578125,287.6199951171875,280.260009765625,287.4800109863281,53937600
2022-12-07,274.2559509277344,280.5299987792969,282.57000732421875,278.7799987792969,280.4700012207031,45614300
2022-12-08,277.50164794921875,283.8500061035156,284.8399963378906,279.7900085449219,281.9100036621094,42594900
2022-12-09,275.732177734375,282.0400085449219,285.6400146484375,281.5899963378906,282.80999755859375,47860500
2022-12-12,279.1929016113281,285.5799865722656,285.6400146484375,281.1600036621094,282.2200012207031,35732500
2022-12-13,282.1943054199219,288.6499938964844,296.8800048828125,285.9100036621094,296.6499938964844,80667700
2022-12-14,280.1022033691406,286.510009765625,291.4100036621094,283.19000244140625,288.04998779296875,64984400
2022-12-15,270.6973571777344,276.8900146484375,283.010009765625,275.6700134277344,282.3299865722656,60554100
2022-12-16,268.1164245605469,274.25,277.7699890136719,272.6099853515625,276.20001220703125,68300400
2022-12-19,264.3483581542969,269.75,273.9599914550781,268.489990234375,273.8699951171875,44167900
2022-12-20,264.142578125,269.5400085449219,271.32000732421875,266.95001220703125,268.55999755859375,51064200
2022-12-21,267.97430419921875,273.45001220703125,274.7799987792969,269.739990234375,270.6000061035156,46394700
2022-12-22,261.4183044433594,266.760009765625,270.510009765625,262.4599914550781,270.3800048828125,60278400
2022-12-23,262.0062561035156,267.3599853515625,268.0400085449219,263.5299987792969,265.4700012207031,39373600
2022-12-27,258.3019104003906,263.5799865722656,266.8500061035156,263.0299987792969,266.739990234375,38009000
2022-12-28,254.89158630371094,260.1000061035156,265.4700012207031,259.7300109863281,263.1700134277344,47139000
2022-12-29,261.1046447753906,266.44000244140625,267.3999938964844,262.25,262.9599914550781,45893600
2022-12-30,260.9478759765625,266.2799987792969,266.4100036621094,262.2900085449219,263.6199951171875,37858300
2023-01-03,259.1839294433594,264.4800109863281,270.1499938964844,262.1300048828125,268.6499938964844,42335300
2023-01-04,260.4186096191406,265.739990234375,267.45001220703125,262.5299987792969,266.6400146484375,47754900
2023-01-05,256.3419189453125,261.5799865722656,264.2099914550781,261.260009765625,264.0400085449219,45396700
2023-01-06,263.4173889160156,268.79998779296875,269.94000244140625,260.3399963378906,263.3500061035156,54659700
2023-01-09,265.1225891113281,270.5400085449219,275.2900085449219,269.9200134277344,270.8299865722656,45568700
2023-01-10,267.3666687011719,272.8299865722656,272.94000244140625,268.9700012207031,269.489990234375,35247800
2023-01-11,271.99212646484375,277.54998779296875,277.6600036621094,273.1199951171875,273.9200134277344,44077000
2023-01-12,273.4621276855469,279.04998779296875,280.1000061035156,273.739990234375,278.1199951171875,60600000
2023-01-13,275.34368896484375,280.9700012207031,281.2200012207031,276.1600036621094,276.5,44802900
2023-01-17,275.9022521972656,281.5400085449219,282.8500061035156,279.5799865722656,280.7699890136719,36269700
2023-01-18,272.3155822753906,277.8800048828125,284.69000244140625,277.6700134277344,283.1099853515625,47754500
2023-01-19,269.6402282714844,275.1499938964844,277.3800048828125,273.8900146484375,276.2200012207031,44150400
2023-01-20,277.01947021484375,282.67999267578125,283.0199890136719,275.7099914550781,276.7900085449219,60613600
2023-01-23,283.1737060546875,288.9599914550781,290.2099914550781,282.7300109863281,283.5400085449219,52799900
2023-01-24,282.5955505371094,288.3699951171875,289.54998779296875,286.7799987792969,287.30999755859375,44875100
2023-01-25,281.9683532714844,287.7300109863281,288.3599853515625,281.17999267578125,283.7699890136719,50872000
2023-01-26,287.4660339355469,293.3399963378906,293.5199890136719,288.5199890136719,291.2200012207031,51596300
2023-01-27,290.3275451660156,296.260009765625,298.260009765625,291.8800048828125,292.0,56441900
2023-01-30,284.45745849609375,290.2699890136719,294.3800048828125,289.8900146484375,292.92999267578125,49405800
2023-01-31,288.7203674316406,294.6199951171875,294.7200012207031,290.20001220703125,290.30999755859375,46705100
2023-02-01,294.89422607421875,300.9200134277344,303.42999267578125,292.29998779296875,294.4100036621094,67562200
2023-02-02,305.47796630859375,311.7200012207031,313.67999267578125,306.7300109863281,307.57000732421875,83070600
2023-02-03,300.04888916015625,306.17999267578125,312.3900146484375,304.5400085449219,304.94000244140625,76170800
2023-02-06,297.5107421875,303.5899963378906,305.9100036621094,302.2200012207031,303.510009765625,40802300
2023-02-07,303.67474365234375,309.8800048828125,311.0299987792969,302.32000732421875,303.4599914550781,67584000
2023-02-08,298.2751159667969,304.3699951171875,309.5,303.6700134277344,308.5400085449219,56720900
2023-02-09,295.6389465332031,301.67999267578125,308.989990234375,300.20001220703125,308.8399963378906,49137800
2023-02-10,293.6986389160156,299.70001220703125,301.57000732421875,297.25,299.4800109863281,50050100
2023-02-13,298.4024963378906,304.5,305.1000061035156,299.92999267578125,301.1300048828125,39636700
2023-02-14,300.6074523925781,306.75,307.7200012207031,300.9100036621094,302.8900146484375,64079100
2023-02-15,302.9104309082031,309.1000061035156,309.2699890136719,304.20001220703125,304.8999938964844,43100600
2023-02-16,297.2265625,303.29998779296875,308.42999267578125,303.1499938964844,304.3800048828125,59498600
2023-02-17,295.1294250488281,301.1600036621094,301.92999267578125,298.1000061035156,301.07000732421875,58230700
2023-02-21,288.1421813964844,294.0299987792969,298.7300109863281,293.8900146484375,297.260009765625,46526700
2023-02-22,288.3577575683594,294.25,296.3599853515625,292.55999755859375,294.6199951171875,51389200
2023-02-23,290.87628173828125,296.82000732421875,298.1300048828125,292.54998779296875,297.9700012207031,69294400
2023-02-24,286.0058288574219,291.8500061035156,292.9700012207031,290.04998779296875,291.760009765625,74332000
2023-02-27,288.05401611328125,293.94000244140625,296.489990234375,293.3399963378906,295.07000732421875,48995000
2023-02-28,287.68157958984375,293.55999755859375,296.1199951171875,292.9599914550781,293.29998779296875,48243100
2023-03-01,285.3688659667969,291.20001220703125,293.92999267578125,290.20001220703125,293.260009765625,58287000
2023-03-02,287.7305908203125,293.6099853515625,294.42999267578125,288.3699951171875,288.6600036621094,53565900
2023-03-03,293.6790466308594,299.67999267578125,299.9200134277344,294.8699951171875,295.3900146484375,60511500
2023-03-06,294.01220703125,300.0199890136719,304.0,299.82000732421875,300.94000244140625,56736300
2023-03-07,290.4058837890625,296.3399963378906,301.010009765625,295.7200012207031,300.07000732421875,65955800
2023-03-08,291.85626220703125,297.82000732421875,298.42999267578125,294.8800048828125,296.7699890136719,50876300
2023-03-09,286.79962158203125,292.6600036621094,300.9800109863281,291.8299865722656,298.3299865722656,71456700
2023-03-10,282.77191162109375,288.54998779296875,294.3500061035156,287.3800048828125,292.8299865722656,98593600
2023-03-13,284.86907958984375,290.69000244140625,294.4700012207031,285.19000244140625,286.7300109863281,97123600
2023-03-14,291.415283203125,297.3699951171875,297.92999267578125,293.45001220703125,294.30999755859375,73602500
2023-03-15,292.94403076171875,298.92999267578125,299.2699890136719,293.239990234375,294.7099914550781,83631500
2023-03-16,300.6662292480469,306.80999755859375,307.17999267578125,297.19000244140625,298.0,98198100
2023-03-17,299.2452697753906,305.3599853515625,309.1499938964844,303.3699951171875,306.7200012207031,89923700
2023-03-20,300.3073425292969,305.9700012207031,306.29998779296875,302.010009765625,304.260009765625,56359500
2023-03-21,304.5963439941406,310.3399963378906,310.79998779296875,306.3999938964844,307.94000244140625,49757000
2023-03-22,300.4544677734375,306.1199951171875,315.25,305.95001220703125,310.2699890136719,75791900
2023-03-23,304.0173034667969,309.75,314.1499938964844,307.010009765625,309.9200134277344,74576000
2023-03-24,305.13623046875,310.8900146484375,310.989990234375,306.95001220703125,309.32000732421875,57195200
2023-03-27,303.0456237792969,308.760009765625,312.70001220703125,307.8900146484375,311.6000061035156,50287400
2023-03-28,301.43597412109375,307.1199951171875,308.20001220703125,304.7699890136719,308.1700134277344,48585900
2023-03-29,306.932373046875,312.7200012207031,313.3500061035156,310.04998779296875,310.8800048828125,53274300
2023-03-30,309.83758544921875,315.67999267578125,316.32000732421875,312.80999755859375,315.239990234375,58354800
2023-03-31,314.9904479980469,320.92999267578125,321.1700134277344,315.6000061035156,315.9100036621094,62138100
2023-04-03,314.22479248046875,320.1499938964844,320.4200134277344,317.4200134277344,318.7699890136719,47126800
2023-04-04,313.1648864746094,319.07000732421875,321.6300048828125,317.8299865722656,320.6000061035156,45875400
2023-04-05,310.07305908203125,315.9200134277344,319.05999755859375,314.07000732421875,318.1000061035156,62795700
2023-04-06,312.1637268066406,318.04998779296875,318.54998779296875,312.82000732421875,314.239990234375,46916500
2023-04-10,311.9870300292969,317.8699951171875,317.9200134277344,313.25,315.07000732421875,45134700
2023-04-11,309.9848327636719,315.8299865722656,317.8900146484375,315.30999755859375,317.8299865722656,40113600
2023-04-12,307.2464599609375,313.0400085449219,318.4200134277344,312.57000732421875,317.82000732421875,62813300
2023-04-13,313.2629699707031,319.1700134277344,319.6499938964844,313.6300048828125,314.8299865722656,54613800
2023-04-14,312.674072265625,318.57000732421875,320.3599853515625,315.6099853515625,317.5899963378906,56278300
2023-04-17,312.9390869140625,318.8399963378906,319.20001220703125,316.0400085449219,318.1499938964844,43007000
2023-04-18,312.9587097167969,318.8599853515625,321.4200134277344,317.6400146484375,320.989990234375,46746900
2023-04-19,312.8114929199219,318.7099914550781,319.7900085449219,316.2799987792969,316.4100036621094,38960100
2023-04-20,310.4264831542969,316.2799987792969,319.2699890136719,314.9700012207031,315.69000244140625,62462100
2023-04-21,310.75030517578125,316.6099853515625,317.3999938964844,314.1000061035156,315.9100036621094,59002300
2023-04-24,310.1025695800781,315.95001220703125,317.739990234375,313.739990234375,316.3800048828125,44043100
2023-04-25,304.2528381347656,309.989990234375,314.9700012207031,309.8900146484375,314.2900085449219,57121600
2023-04-26,306.0980529785156,311.8699951171875,314.94000244140625,311.3399963378906,313.44000244140625,55400500
2023-04-27,314.421142578125,320.3500061035156,320.8599853515625,315.04998779296875,315.70001220703125,65430400
2023-04-28,316.5903015136719,322.55999755859375,322.6499938964844,318.9599914550781,320.1099853515625,59712600
2023-05-01,316.22705078125,322.19000244140625,323.6300048828125,321.0899963378906,322.0899963378906,41013400
2023-05-02,313.4691467285156,319.3800048828125,322.45001220703125,317.6099853515625,322.1199951171875,56519400
2023-05-03,311.41778564453125,317.2900085449219,322.4700012207031,317.17999267578125,319.75,59882100
2023-05-04,310.3185729980469,316.1700134277344,318.2300109863281,315.1199951171875,317.05999755859375,50224500
2023-05-05,316.91412353515625,322.8900146484375,323.760009765625,316.2099914550781,318.4700012207031,51806100
2023-05-08,317.6993103027344,323.69000244140625,324.0400085449219,321.32000732421875,322.4200134277344,36465800
2023-05-09,315.6872863769531,321.6400146484375,322.8800048828125,321.32000732421875,322.0,31768800
2023-05-10,319.12255859375,325.1400146484375,326.010009765625,321.6000061035156,324.1199951171875,60446600
2023-05-11,320.16290283203125,326.20001220703125,326.75,324.1199951171875,325.70001220703125,44278500
2023-05-12,319.0145263671875,325.0299987792969,327.1700134277344,322.94000244140625,326.739990234375,48432800
2023-05-15,320.7419738769531,326.7900085449219,327.0299987792969,323.9599914550781,325.510009765625,33375600
2023-05-16,321.10504150390625,327.1600036621094,328.8999938964844,326.0199890136719,326.05999755859375,40019200
2023-05-17,324.99176025390625,331.1199951171875,331.7099914550781,327.0400085449219,328.239990234375,47486100
2023-05-18,331.0279846191406,337.2699890136719,337.489990234375,331.5,331.5199890136719,64213500
2023-05-19,330.2820739746094,336.510009765625,338.2099914550781,335.42999267578125,337.489990234375,61554900
2023-05-22,331.39111328125,337.6400146484375,338.6700134277344,336.239990234375,336.25,43015900
2023-05-23,327.1903381347656,333.3599853515625,337.05999755859375,333.0,335.8900146484375,48216700
2023-05-24,325.51202392578125,331.6499938964844,332.9100036621094,329.55999755859375,331.3699951171875,62891200
2023-05-25,333.4326171875,339.7200012207031,341.010009765625,336.6700134277344,339.1400146484375,66862800
2023-05-26,341.9520263671875,348.3999938964844,349.25,340.6600036621094,340.760009765625,63007000
2023-05-30,343.5028076171875,349.9800109863281,353.92999267578125,348.5299987792969,352.7099914550781,72652200
2023-05-31,341.5495910644531,347.989990234375,350.6000061035156,346.510009765625,348.3699951171875,65105400
2023-06-01,345.49517822265625,352.010009765625,353.3599853515625,346.6600036621094,347.7300109863281,50488600
2023-06-02,348.0863342285156,354.6499938964844,355.8299865722656,352.010009765625,353.79998779296875,53372100
2023-06-05,348.33172607421875,354.8999938964844,357.5,353.8500061035156,354.42999267578125,47266200
2023-06-06,348.2727966308594,354.8399963378906,355.82000732421875,352.92999267578125,354.2799987792969,41390400
2023-06-07,342.36419677734375,348.82000732421875,357.1199951171875,348.17999267578125,355.1300048828125,69225900
2023-06-08,346.6141052246094,353.1499938964844,353.6199951171875,348.8900146484375,349.1199951171875,47153900
2023-06-09,347.93914794921875,354.5,357.6600036621094,353.0299987792969,354.6300048828125,53196900
2023-06-12,353.8182373046875,360.489990234375,360.5899963378906,355.20001220703125,356.19000244140625,44606500
2023-06-13,356.5369567871094,363.260009765625,364.1099853515625,360.0299987792969,363.2900085449219,57097800
2023-06-14,359.1281433105469,365.8999938964844,366.19000244140625,360.4200134277344,363.2699890136719,69525600
2023-06-15,363.407470703125,370.260009765625,371.7699890136719,363.9800109863281,364.6099853515625,71138800
2023-06-16,361.12054443359375,367.92999267578125,372.8500061035156,367.4800109863281,372.7200012207031,80932000
2023-06-20,360.60357666015625,366.8999938964844,368.32000732421875,363.8900146484375,365.95001220703125,49204700
2023-06-21,355.68939208984375,361.8999938964844,366.17999267578125,360.9599914550781,365.739990234375,53378300
2023-06-22,359.8861389160156,366.1700134277344,366.3299865722656,360.2200012207031,360.6300048828125,47603000
2023-06-23,356.318359375,362.5400085449219,364.8800048828125,360.82000732421875,362.2099914550781,48922900
2023-06-26,351.54180908203125,357.67999267578125,364.8399963378906,357.5899963378906,362.0,52685500
2023-06-27,357.58624267578125,363.8299865722656,364.57000732421875,358.510009765625,359.25,49428100
2023-06-28,358.28411865234375,364.5400085449219,366.5199890136719,361.8999938964844,361.9800109863281,46498000
2023-06-29,357.56658935546875,363.80999755859375,364.8900146484375,362.1400146484375,364.239990234375,46151000
2023-06-30,363.0804138183594,369.4200134277344,370.489990234375,367.2300109863281,367.54998779296875,58712500
2023-07-03,363.9354553222656,370.2900085449219,370.92999267578125,368.9700012207031,370.07000732421875,19432900
2023-07-05,363.92559814453125,370.2799987792969,372.010009765625,368.6600036621094,368.70001220703125,34460900
2023-07-06,361.1539611816406,367.4599914550781,367.9100036621094,364.5199890136719,366.510009765625,49374700
2023-07-07,359.9548645019531,366.239990234375,370.4800109863281,366.010009765625,367.2300109863281,47133700
2023-07-10,360.0728454589844,366.3599853515625,367.04998779296875,363.4100036621094,365.9599914550781,48498800
2023-07-11,361.851806640625,368.1700134277344,368.6300048828125,364.6199951171875,366.7900085449219,38214100
2023-07-12,366.4220275878906,372.82000732421875,374.19000244140625,370.29998779296875,372.3399963378906,61975400
2023-07-13,372.64337158203125,379.1499938964844,379.989990234375,375.4599914550781,376.04998779296875,46960000
2023-07-14,372.564697265625,379.07000732421875,382.8599853515625,378.17999267578125,379.5899963378906,55148500
2023-07-17,376.0439453125,382.6099853515625,383.5,379.30999755859375,379.79998779296875,40868900
2023-07-18,379.1202087402344,385.739990234375,387.1300048828125,380.0,381.9599914550781,55262000
2023-07-19,379.0318603515625,385.6499938964844,387.9800109863281,384.29998779296875,386.82000732421875,54093000
2023-07-20,370.29437255859375,376.760009765625,384.1000061035156,375.7200012207031,382.6099853515625,71941700
2023-07-21,369.18377685546875,375.6300048828125,379.9200134277344,375.19000244140625,379.17999267578125,60499600
2023-07-24,369.7734680175781,376.2300109863281,377.5799865722656,374.3399963378906,376.6199951171875,40380100
2023-07-25,372.27972412109375,378.7799987792969,380.4700012207031,376.92999267578125,376.95001220703125,38894400
2023-07-26,371.0412902832031,377.5199890136719,379.239990234375,375.17999267578125,377.7200012207031,47075700
2023-07-27,370.1567687988281,376.6199951171875,384.7099914550781,375.30999755859375,383.07000732421875,63940200
2023-07-28,376.8990478515625,383.4800109863281,384.5199890136719,380.2200012207031,380.739990234375,56902900
2023-07-31,377.0955810546875,383.67999267578125,384.8800048828125,382.3399963378906,383.7900085449219,44019900
2023-08-01,376.220947265625,382.7900085449219,383.55999755859375,380.69000244140625,382.30999755859375,41060600
2023-08-02,367.9650573730469,374.3900146484375,379.260009765625,373.1300048828125,379.260009765625,72687100
2023-08-03,367.3753662109375,373.7900085449219,375.95001220703125,371.7699890136719,371.94000244140625,47666400
2023-08-04,365.6553955078125,372.0400085449219,378.1000061035156,371.5299987792969,375.75,61702800
2023-08-07,368.7513122558594,375.19000244140625,375.2900085449219,371.510009765625,373.8800048828125,37230400
2023-08-08,365.6160583496094,372.0,372.6600036621094,368.82000732421875,372.6400146484375,44726500
2023-08-09,361.59625244140625,367.9100036621094,372.45001220703125,367.1400146484375,372.2900085449219,51150900
2023-08-10,362.2645568847656,368.5899963378906,374.3599853515625,367.0400085449219,370.9700012207031,72035300
2023-08-11,359.9548645019531,366.239990234375,368.0,364.69000244140625,365.989990234375,48707200
2023-08-14,363.994384765625,370.3500061035156,370.4700012207031,364.70001220703125,365.42999267578125,42130800
2023-08-15,360.1318359375,366.4200134277344,370.1700134277344,365.739990234375,369.3599853515625,45539900
2023-08-16,356.318359375,362.5400085449219,367.42999267578125,362.44000244140625,365.8699951171875,53190500
2023-08-17,352.4263610839844,358.5799865722656,364.30999755859375,358.1600036621094,363.9599914550781,62604300
2023-08-18,351.9841003417969,358.1300048828125,359.4100036621094,354.7099914550781,355.260009765625,61191400
2023-08-21,357.6549987792969,363.8999938964844,364.5899963378906,359.1499938964844,359.6199951171875,50696500
2023-08-22,357.14398193359375,363.3800048828125,366.55999755859375,362.67999267578125,366.54998779296875,44530200
2023-08-23,362.77569580078125,369.1099853515625,370.2200012207031,364.3599853515625,364.5799865722656,51770600
2023-08-24,355.0210876464844,361.2200012207031,372.739990234375,361.010009765625,372.6400146484375,66842500
2023-08-25,357.77294921875,364.0199890136719,365.739990234375,358.5799865722656,362.07000732421875,69960500
2023-08-28,360.4660339355469,366.760009765625,367.7099914550781,364.25,366.989990234375,40910000
2023-08-29,368.33856201171875,374.7699890136719,375.1300048828125,366.2300109863281,366.55999755859375,58492400
2023-08-30,370.3926696777344,376.8599853515625,377.45001220703125,373.8599853515625,374.8800048828125,41731500
2023-08-31,371.50323486328125,377.989990234375,379.7200012207031,376.8699951171875,376.94000244140625,35730700
2023-09-01,371.1100769042969,377.5899963378906,380.8299865722656,376.0799865722656,380.3999938964844,39801200
2023-09-05,371.5818786621094,378.07000732421875,379.30999755859375,375.8299865722656,376.7699890136719,32344200
2023-09-06,368.30902099609375,374.739990234375,377.6300048828125,372.70001220703125,377.2799987792969,42998700
2023-09-07,365.675048828125,372.05999755859375,372.8500061035156,369.1499938964844,370.2099914550781,52060700
2023-09-08,366.1860656738281,372.5799865722656,374.8500061035156,371.6000061035156,372.010009765625,35800100
2023-09-11,370.50079345703125,376.9700012207031,377.489990234375,373.6600036621094,375.6600036621094,39936600
2023-09-12,366.39251708984375,372.7900085449219,376.95001220703125,372.5,375.2699890136719,41391000
2023-09-13,367.7881164550781,374.2099914550781,375.8399963378906,371.8800048828125,373.0299987792969,46300700
2023-09-14,370.7956237792969,377.2699890136719,378.2699890136719,373.8900146484375,375.989990234375,48039400
2023-09-15,364.4464416503906,370.80999755859375,376.32000732421875,369.8599853515625,375.9100036621094,69811200
2023-09-18,364.826416015625,370.6600036621094,371.7900085449219,369.0299987792969,369.32000732421875,36903500
2023-09-19,364.048828125,369.8699951171875,370.67999267578125,366.79998779296875,369.32000732421875,37621700
2023-09-20,358.802734375,364.5400085449219,371.30999755859375,364.4599914550781,370.95001220703125,45514200
2023-09-21,352.227783203125,357.8599853515625,361.6000061035156,357.69000244140625,360.79998779296875,69734800
2023-09-22,352.2770690917969,357.9100036621094,361.79998779296875,357.5899963378906,359.6300048828125,51589700
2023-09-25,353.95025634765625,359.6099853515625,359.70001220703125,355.92999267578125,356.92999267578125,39168000
2023-09-26,348.6352844238281,354.2099914550781,357.5400085449219,353.2099914550781,356.989990234375,53657700
2023-09-27,349.4522705078125,355.0400085449219,356.9800109863281,351.3599853515625,355.3800048828125,56066000
2023-09-28,352.37548828125,358.010009765625,360.1700134277344,353.239990234375,354.1099853515625,56453300
2023-09-29,352.63134765625,358.2699890136719,362.95001220703125,357.0199890136719,361.5400085449219,64829600
2023-10-02,355.5743408203125,361.260009765625,362.67999267578125,357.9200134277344,358.5400085449219,51625100
2023-10-03,349.3341064453125,354.9200134277344,361.010009765625,353.2799987792969,358.7799987792969,60478500
2023-10-04,354.0881042480469,359.75,360.6099853515625,355.29998779296875,355.7699890136719,54786700
2023-10-05,353.0447692871094,358.69000244140625,360.1499938964844,355.1400146484375,359.739990234375,45897400
2023-10-06,358.96026611328125,364.70001220703125,365.9100036621094,354.8500061035156,355.6499938964844,75049100
2023-10-09,360.7908935546875,366.55999755859375,367.1099853515625,360.7799987792969,362.29998779296875,45304800
2023-10-10,362.7889709472656,368.5899963378906,371.2799987792969,366.3900146484375,366.8999938964844,46968800
2023-10-11,365.3775939941406,371.2200012207031,371.4100036621094,368.19000244140625,369.94000244140625,38215100
2023-10-12,364.10784912109375,369.92999267578125,373.739990234375,367.5,371.7300109863281,49587900
2023-10-13,359.5310974121094,365.2799987792969,371.1600036621094,363.8599853515625,370.57000732421875,52469900
2023-10-16,363.59613037109375,369.4100036621094,370.4800109863281,366.4700012207031,366.6199951171875,44201100
2023-10-17,362.4051208496094,368.20001220703125,369.9200134277344,363.6600036621094,365.80999755859375,50999100
2023-10-18,357.6511535644531,363.3699951171875,367.9100036621094,362.0199890136719,365.6700134277344,54280500
2023-10-19,354.3046569824219,359.9700012207031,366.0199890136719,359.1600036621094,364.80999755859375,72274200
2023-10-20,349.0191650390625,354.6000061035156,360.0400085449219,354.3699951171875,359.4599914550781,72559700
2023-10-23,350.07232666015625,355.6700134277344,359.260009765625,351.1199951171875,353.260009765625,60665200
2023-10-24,353.47784423828125,359.1300048828125,359.9100036621094,355.7900085449219,357.510009765625,47082100
2023-10-25,344.82623291015625,350.3399963378906,356.8800048828125,349.75,356.70001220703125,71190500
2023-10-26,338.2513122558594,343.6600036621094,350.07000732421875,342.3500061035156,349.1199951171875,78621400
2023-10-27,339.8753662109375,345.30999755859375,348.8399963378906,344.0799865722656,346.42999267578125,63476700
2023-10-30,343.7041320800781,349.20001220703125,350.5400085449219,346.45001220703125,347.8299865722656,55298500
2023-10-31,345.34783935546875,350.8699951171875,351.25,346.6199951171875,349.2300109863281,47671900
2023-11-01,351.3419494628906,356.9599914550781,357.5299987792969,351.6199951171875,351.7200012207031,58992700
2023-11-02,357.72003173828125,363.44000244140625,363.67999267578125,360.29998779296875,361.5400085449219,58162400
2023-11-03,361.92279052734375,367.7099914550781,369.0199890136719,364.5199890136719,364.75,53280500
2023-11-06,363.39923095703125,369.2099914550781,369.7799987792969,366.9100036621094,368.489990234375,38848700
2023-11-07,366.83428955078125,372.70001220703125,373.5799865722656,369.04998779296875,370.2699890136719,50777400
2023-11-08,367.0705261230469,372.94000244140625,373.7900085449219,370.6199951171875,373.0799865722656,35663400
2023-11-09,364.24566650390625,370.07000732421875,374.79998779296875,369.57000732421875,373.6400146484375,53859400
2023-11-10,372.4347229003906,378.3900146484375,378.5400085449219,371.2799987792969,371.82000732421875,58309800
2023-11-13,371.2733154296875,377.2099914550781,378.2799987792969,375.239990234375,376.7900085449219,40733500
2023-11-14,379.2655029296875,385.3299865722656,386.260009765625,383.17999267578125,383.7099914550781,67792600
2023-11-15,379.5509948730469,385.6199951171875,387.75,384.239990234375,387.25,54141400
2023-11-16,379.87579345703125,385.95001220703125,386.19000244140625,383.55999755859375,384.8399963378906,45343500
2023-11-17,379.9643859863281,386.0400085449219,387.07000732421875,384.2900085449219,385.2099914550781,46571900
2023-11-20,384.5903625488281,390.739990234375,391.4100036621094,386.04998779296875,386.04998779296875,44429600
2023-11-21,382.3561096191406,388.4700012207031,389.2300109863281,386.70001220703125,389.010009765625,43337000
2023-11-22,383.92108154296875,390.05999755859375,393.07000732421875,389.0400085449219,390.57000732421875,44121000
2023-11-24,383.3797607421875,389.510009765625,390.25,388.5,389.6499938964844,15718800
2023-11-27,383.0450744628906,389.1700134277344,391.1499938964844,388.2799987792969,389.010009765625,34139700
2023-11-28,384.04901123046875,390.19000244140625,390.7799987792969,388.04998779296875,388.4100036621094,35491100
2023-11-29,383.6750183105469,389.80999755859375,394.1400146484375,389.4599914550781,392.69000244140625,38811700
2023-11-30,382.7104187011719,388.8299865722656,390.54998779296875,385.82000732421875,390.0799865722656,52834400
2023-12-01,383.802978515625,389.94000244140625,390.5400085449219,386.07000732421875,387.75,40490100
2023-12-04,380.2399597167969,386.32000732421875,386.6000061035156,382.6600036621094,386.0899963378906,51186900
2023-12-05,381.1947021484375,387.2900085449219,388.5,384.2099914550781,384.3900146484375,42933000
2023-12-06,378.9898986816406,385.04998779296875,390.3699951171875,384.70001220703125,390.2699890136719,41994100
2023-12-07,384.2852478027344,390.42999267578125,391.2699890136719,386.9599914550781,388.07000732421875,49593500
2023-12-08,385.9978332519531,392.1700134277344,392.6199951171875,388.4800109863281,388.6700134277344,46687500
2023-12-11,389.295166015625,395.5199890136719,395.7900085449219,391.5299987792969,391.739990234375,41198000
2023-12-12,392.39556884765625,398.6700134277344,398.7900085449219,394.4100036621094,395.55999755859375,39221200
2023-12-13,397.3857727050781,403.739990234375,404.3599853515625,398.8399963378906,399.6199951171875,55408100
2023-12-14,397.041259765625,403.3900146484375,406.29998779296875,400.3399963378906,404.9800109863281,55447800
2023-12-15,398.9606018066406,405.3399963378906,406.5400085449219,403.57000732421875,404.17999267578125,62896600
2023-12-18,401.4735107421875,407.0799865722656,407.989990234375,404.6000061035156,404.92999267578125,46610000
2023-12-19,403.5248718261719,409.1600036621094,409.2799987792969,407.3500061035156,407.5400085449219,35711900
2023-12-20,397.5285949707031,403.0799865722656,410.4700012207031,402.8999938964844,408.3500061035156,54042400
2023-12-21,402.1539611816406,407.7699890136719,408.1400146484375,404.4700012207031,407.05999755859375,45568900
2023-12-22,402.7555847167969,408.3800048828125,409.9700012207031,406.4800109863281,409.0,34314000
2023-12-26,405.2211608886719,410.8800048828125,411.55999755859375,409.1499938964844,409.25,22722500
2023-12-27,406.04608154296875,411.5,411.7900085449219,410.0799865722656,410.95001220703125,31980500
2023-12-28,405.8487243652344,411.29998779296875,412.9200134277344,410.94000244140625,412.6700134277344,27029200
2023-12-29,404.09234619140625,409.5199890136719,411.6400146484375,407.5799865722656,411.2799987792969,42662100
2024-01-02,397.2542419433594,402.5899963378906,406.0899963378906,400.239990234375,405.8399963378906,58026900
2024-01-03,393.05059814453125,398.3299865722656,401.0,397.8900146484375,399.92999267578125,47002800
2024-01-04,391.02783203125,396.2799987792969,399.5899963378906,396.05999755859375,396.44000244140625,39432800
2024-01-05,391.4916076660156,396.75,399.55999755859375,395.3399963378906,396.45001220703125,44922800
2024-01-08,399.58294677734375,404.95001220703125,405.239990234375,397.8399963378906,397.989990234375,42473800
2024-01-09,400.37237548828125,405.75,406.69000244140625,401.7099914550781,401.9100036621094,39132900
2024-01-10,403.08587646484375,408.5,409.5199890136719,405.1700134277344,406.07000732421875,33962800
2024-01-11,403.924560546875,409.3500061035156,411.20001220703125,404.239990234375,409.7900085449219,54536200
2024-01-12,404.1318054199219,409.55999755859375,411.25,408.1499938964844,410.3999938964844,39595000
2024-01-16,404.09234619140625,409.5199890136719,411.1199951171875,406.8299865722656,408.30999755859375,43903000
2024-01-17,401.81292724609375,407.2099914550781,407.5899963378906,402.9200134277344,406.1700134277344,54386000
2024-01-18,407.516357421875,412.989990234375,413.5799865722656,409.1600036621094,410.5199890136719,59562500
2024-01-19,415.5978088378906,421.17999267578125,421.3399963378906,414.6300048828125,415.2200012207031,70325100
2024-01-22,416.1405029296875,421.7300109863281,424.7300109863281,421.1199951171875,423.4100036621094,44880600
2024-01-23,417.86737060546875,423.4800109863281,423.70001220703125,420.57000732421875,422.42999267578125,33003800
2024-01-24,420.1861572265625,425.8299865722656,429.8500061035156,425.3299865722656,427.44000244140625,46948000
2024-01-25,420.6992492675781,426.3500061035156,429.0400085449219,423.9800109863281,428.3599853515625,44367200
2024-01-26,418.1929626464844,423.80999755859375,426.2099914550781,423.1499938964844,424.44000244140625,37137000
2024-01-29,422.4753723144531,428.1499938964844,428.3500061035156,423.6099853515625,424.2699890136719,38694700
2024-01-30,419.6632080078125,425.29998779296875,427.67999267578125,424.3800048828125,427.1000061035156,36739000
2024-01-31,411.4436340332031,416.9700012207031,422.8699951171875,416.7900085449219,420.8500061035156,64010600
2024-02-01,416.28857421875,421.8800048828125,422.3800048828125,417.80999755859375,418.7900085449219,51008600
2024-02-02,423.32403564453125,429.010009765625,430.239990234375,422.7900085449219,423.79998779296875,59602400
2024-02-05,422.7714538574219,428.45001220703125,429.6099853515625,425.0,429.07000732421875,39889200
2024-02-06,421.9228210449219,427.5899963378906,430.2200012207031,425.2200012207031,429.6099853515625,35846100
2024-02-07,426.2644958496094,431.989990234375,432.8299865722656,429.0899963378906,430.4100036621094,37712700
2024-02-08,427.053955078125,432.7900085449219,433.55999755859375,431.4200134277344,432.1099853515625,29889900
2024-02-09,431.2574462890625,437.04998779296875,437.8500061035156,433.1400146484375,433.94000244140625,36943900
2024-02-12,429.57012939453125,435.3399963378906,439.1400146484375,434.6499938964844,436.94000244140625,33203300
2024-02-13,422.8700866699219,428.54998779296875,431.2699890136719,425.3299865722656,427.2799987792969,64491700
2024-02-14,427.4782409667969,433.2200012207031,433.6499938964844,428.8800048828125,431.260009765625,45092700
2024-02-15,428.75115966796875,434.510009765625,434.9800109863281,431.3299865722656,433.9200134277344,38796100
2024-02-16,424.8634033203125,430.57000732421875,434.989990234375,429.8500061035156,434.8900146484375,53716500
2024-02-20,421.65643310546875,427.32000732421875,430.0799865722656,423.5,428.54998779296875,53999500
2024-02-21,419.9690856933594,425.6099853515625,425.70001220703125,421.6300048828125,424.54998779296875,49779000
2024-02-22,432.26397705078125,438.07000732421875,439.1199951171875,433.7099914550781,434.489990234375,53887800
2024-02-23,430.9910888671875,436.7799987792969,440.5899963378906,435.7900085449219,439.6499938964844,39853900
2024-02-26,430.76409912109375,436.54998779296875,438.6000061035156,436.3599853515625,437.6000061035156,33043200
2024-02-27,431.8002014160156,437.6000061035156,437.989990234375,435.0299987792969,437.6700134277344,33713200
2024-02-28,429.5010986328125,435.2699890136719,436.6700134277344,434.29998779296875,435.42999267578125,32938800
2024-02-29,433.181640625,439.0,440.0899963378906,435.0199890136719,438.2300109863281,42495200
2024-03-01,439.70404052734375,445.6099853515625,446.5799865722656,439.8399963378906,439.8999938964844,43853000
2024-03-04,438.13507080078125,444.0199890136719,446.0400085449219,443.7699890136719,445.6099853515625,34325700
2024-03-05,430.2707214355469,436.04998779296875,440.95001220703125,433.6499938964844,440.94000244140625,57917100
2024-03-06,432.97442626953125,438.7900085449219,441.989990234375,436.8900146484375,440.32000732421875,46234500
2024-03-07,439.5461120605469,445.45001220703125,446.7200012207031,440.8599853515625,442.4200134277344,44526700
2024-03-08,433.20135498046875,439.0199890136719,448.6400146484375,438.3399963378906,445.80999755859375,72096000
2024-03-11,431.593017578125,437.3900146484375,438.6600036621094,435.44000244140625,437.510009765625,45860000
2024-03-12,437.7798767089844,443.6600036621094,444.0199890136719,436.4599914550781,439.7300109863281,55300900
2024-03-13,434.4150695800781,440.25,442.6700134277344,439.1199951171875,442.6499938964844,37928700
2024-03-14,433.3197937011719,439.1400146484375,442.0299987792969,436.3900146484375,441.5,52195200
2024-03-15,428.1689147949219,433.9200134277344,438.8699951171875,432.739990234375,436.07000732421875,73069800
2024-03-18,432.2525634765625,437.4800109863281,441.0400085449219,437.239990234375,438.7300109863281,47323800
2024-03-19,433.3295593261719,438.57000732421875,438.9800109863281,433.3299865722656,435.45001220703125,43004100
2024-03-20,438.4674377441406,443.7699890136719,444.1099853515625,438.05999755859375,439.7799987792969,43653500
2024-03-21,440.5423583984375,445.8699951171875,449.3399963378906,445.6700134277344,448.8800048828125,39345700
2024-03-22,441.04620361328125,446.3800048828125,447.489990234375,444.489990234375,445.3500061035156,28253900
2024-03-25,439.4455871582031,444.760009765625,446.260009765625,442.5400085449219,443.54998779296875,27789200
2024-03-26,438.0228271484375,443.32000732421875,447.2300109863281,443.0899963378906,446.29998779296875,34142000
2024-03-27,439.5147399902344,444.8299865722656,446.5400085449219,441.92999267578125,446.44000244140625,41359200
2024-03-28,438.7045593261719,444.010009765625,445.6400146484375,443.6499938964844,444.7799987792969,36839600
2024-04-01,439.6333312988281,444.95001220703125,447.5299987792969,443.0199890136719,444.9700012207031,38729000
2024-04-02,435.83917236328125,441.1099853515625,441.42999267578125,438.0299987792969,440.0799865722656,44259700
2024-04-03,436.8174133300781,442.1000061035156,444.0,438.95001220703125,438.9599914550781,39949800
2024-04-04,430.13812255859375,435.3399963378906,446.95001220703125,435.1099853515625,446.3299865722656,57267700
2024-04-05,435.2068786621094,440.4700012207031,443.1700134277344,435.9599914550781,436.7799987792969,54744600
2024-04-08,435.3353271484375,440.6000061035156,442.5,439.20001220703125,441.4100036621094,28144900
2024-04-09,436.94580078125,442.2300109863281,443.239990234375,437.44000244140625,442.9599914550781,39443600
2024-04-10,433.1319580078125,438.3699951171875,439.239990234375,436.2799987792969,437.0,61502200
2024-04-11,440.0483093261719,445.3699951171875,446.3299865722656,437.9599914550781,440.260009765625,45474600
2024-04-12,433.03314208984375,438.2699890136719,442.239990234375,436.8800048828125,441.1000061035156,53665000
2024-04-15,425.9092712402344,431.05999755859375,442.1499938964844,430.2099914550781,442.05999755859375,63453600
2024-04-16,425.9488220214844,431.1000061035156,433.760009765625,429.70001220703125,430.8999938964844,47619000
2024-04-17,420.75164794921875,425.8399963378906,433.1199951171875,424.8999938964844,433.1000061035156,56880500
2024-04-18,418.3507385253906,423.4100036621094,428.239990234375,422.8299865722656,426.489990234375,46549400
2024-04-19,409.69537353515625,414.6499938964844,422.75,413.07000732421875,422.2200012207031,75231000
2024-04-22,413.8155517578125,418.82000732421875,421.17999267578125,413.94000244140625,417.30999755859375,47807700
2024-04-23,419.9908752441406,425.07000732421875,426.2799987792969,418.8699951171875,420.7699890136719,44384700
2024-04-24,421.4136657714844,426.510009765625,429.7300109863281,424.20001220703125,428.20001220703125,48440300
2024-04-25,419.3783264160156,424.45001220703125,425.32000732421875,418.1400146484375,419.239990234375,57392200
2024-04-26,425.85003662109375,431.0,432.54998779296875,426.9200134277344,427.6199951171875,41874900
2024-04-29,427.5791015625,432.75,433.760009765625,429.9800109863281,433.1300048828125,30022200
2024-04-30,419.5166015625,424.5899963378906,432.55999755859375,424.510009765625,431.1499938964844,43665900
2024-05-01,416.4832458496094,421.5199890136719,430.1400146484375,420.6600036621094,423.1499938964844,52251700
2024-05-02,421.7989807128906,426.8999938964844,427.80999755859375,420.6300048828125,425.29998779296875,36559000
2024-05-03,430.2765197753906,435.4800109863281,436.4800109863281,432.6199951171875,434.44000244140625,48515300
2024-05-06,434.989501953125,440.25,440.3399963378906,436.5199890136719,437.29998779296875,30227200
2024-05-07,435.05865478515625,440.32000732421875,441.9700012207031,439.5799865722656,440.70001220703125,30996100
2024-05-08,434.8017272949219,440.05999755859375,441.4800109863281,437.54998779296875,437.6700134277344,24896700
2024-05-09,435.75030517578125,441.0199890136719,441.6000061035156,438.4599914550781,440.3299865722656,24580100
2024-05-10,436.7778625488281,442.05999755859375,444.30999755859375,440.5,442.5400085449219,27116600
2024-05-13,437.78564453125,443.0799865722656,444.0899963378906,441.6499938964844,443.989990234375,22994200
2024-05-14,440.60162353515625,445.92999267578125,446.4700012207031,442.4599914550781,442.6499938964844,34478300
2024-05-15,447.4883117675781,452.8999938964844,453.1499938964844,446.8999938964844,448.42999267578125,41464700
2024-05-16,446.579345703125,451.9800109863281,454.69000244140625,451.80999755859375,452.7099914550781,34780400
2024-05-17,446.3619384765625,451.760009765625,452.7200012207031,449.5400085449219,452.1099853515625,35803700
2024-05-20,449.4743347167969,454.9100036621094,455.5799865722656,451.7900085449219,451.9800109863281,24474200
2024-05-21,450.3536376953125,455.79998779296875,455.989990234375,452.8399963378906,453.0400085449219,23167700
2024-05-22,450.2647705078125,455.7099914550781,456.82000732421875,453.0799865722656,456.05999755859375,25120000
2024-05-23,448.2392272949219,453.6600036621094,460.5799865722656,451.8500061035156,460.54998779296875,40899200
2024-05-24,452.4779968261719,457.95001220703125,459.2300109863281,453.57000732421875,455.2900085449219,29669500
2024-05-28,454.1872863769531,459.67999267578125,459.739990234375,456.69000244140625,459.17999267578125,26216800
2024-05-29,450.9860534667969,456.44000244140625,458.239990234375,455.3399963378906,455.4800109863281,29739200
2024-05-30,446.1544494628906,451.54998779296875,455.6400146484375,450.2099914550781,455.5,30536800
2024-05-31,445.32452392578125,450.7099914550781,452.4800109863281,443.05999755859375,451.7799987792969,55941300
2024-06-03,447.71563720703125,453.1300048828125,455.5799865722656,447.8999938964844,454.57000732421875,32997500
2024-06-04,448.94073486328125,454.3699951171875,455.5799865722656,451.1300048828125,452.8699951171875,23767400
2024-06-05,457.9913330078125,463.5299987792969,463.6099853515625,454.4100036621094,457.9800109863281,33817400
2024-06-06,457.833251953125,463.3699951171875,464.5400085449219,462.19000244140625,464.2200012207031,21966800
2024-06-07,457.4280700683594,462.9599914550781,465.739990234375,461.8399963378906,463.0,25829700
2024-06-10,459.2757568359375,464.8299865722656,465.19000244140625,461.5299987792969,461.82000732421875,20660800
2024-06-11,462.4276428222656,468.0199890136719,468.1400146484375,462.0299987792969,463.5400085449219,22053300
2024-06-12,468.484375,474.1499938964844,476.5,471.2900085449219,471.989990234375,34532600
2024-06-13,471.023681640625,476.7200012207031,478.3900146484375,474.4200134277344,477.7200012207031,25859000
2024-06-14,473.46417236328125,479.19000244140625,479.260009765625,476.04998779296875,476.5199890136719,23372600
2024-06-17,479.2640380859375,485.05999755859375,486.8599853515625,478.1400146484375,479.4599914550781,37054500
2024-06-18,479.4122619628906,485.2099914550781,485.8999938964844,483.42999267578125,485.010009765625,24438600
2024-06-20,475.7169189453125,481.4700012207031,486.8399963378906,479.6199951171875,486.4200134277344,33918700
2024-06-21,474.4423828125,480.17999267578125,482.5400085449219,478.6700134277344,481.19000244140625,37456800
2024-06-24,469.041015625,473.9599914550781,479.92999267578125,473.82000732421875,478.17999267578125,37751000
2024-06-25,474.4047546386719,479.3800048828125,479.67999267578125,475.1199951171875,476.07000732421875,29014700
2024-06-26,475.384521484375,480.3699951171875,480.9200134277344,478.1300048828125,478.54998779296875,22737100
2024-06-27,476.61163330078125,481.6099853515625,483.1000061035156,479.29998779296875,480.1199951171875,26222100
2024-06-28,474.13751220703125,479.1099853515625,487.20001220703125,478.4599914550781,482.4100036621094,34881600
2024-07-01,476.9184265136719,481.9200134277344,482.489990234375,476.260009765625,480.0400085449219,24898300
2024-07-02,481.9259033203125,486.9800109863281,487.0400085449219,480.2799987792969,480.4100036621094,26723600
2024-07-03,485.9437561035156,491.0400085449219,491.1700134277344,486.2200012207031,486.2200012207031,18064900
2024-07-05,491.01055908203125,496.1600036621094,496.6000061035156,491.5899963378906,491.8900146484375,28495900
2024-07-08,492.1783447265625,497.3399963378906,497.8999938964844,495.5,496.5299987792969,22109400
2024-07-09,492.6039123535156,497.7699890136719,500.0,496.239990234375,498.8699951171875,25614500
2024-07-10,497.7400207519531,502.9599914550781,503.5199890136719,498.3900146484375,499.7099914550781,28046900
2024-07-11,486.8244934082031,491.92999267578125,503.2799987792969,490.7300109863281,503.07000732421875,49966600
2024-07-12,489.68450927734375,494.82000732421875,499.6199951171875,492.0400085449219,492.510009765625,37109400
2024-07-15,491.0007629394531,496.1499938964844,501.010009765625,494.0899963378906,496.6099853515625,31151400
2024-07-16,491.18878173828125,496.3399963378906,498.44000244140625,493.1499938964844,497.6199951171875,25950600
2024-07-17,476.76995849609375,481.7699890136719,488.79998779296875,481.70001220703125,488.2799987792969,56268800
2024-07-18,474.51361083984375,479.489990234375,485.7099914550781,476.2699890136719,485.5299987792969,49347400
2024-07-19,470.3077392578125,475.239990234375,481.69000244140625,473.94000244140625,479.1499938964844,42042900
2024-07-22,477.31427001953125,482.32000732421875,483.3500061035156,477.7099914550781,481.1600036621094,40300000
2024-07-23,475.63189697265625,480.6199951171875,484.42999267578125,480.1400146484375,481.4100036621094,23282500
2024-07-24,458.5708312988281,463.3800048828125,474.19000244140625,462.510009765625,473.82000732421875,58818600
2024-07-25,453.51385498046875,458.2699890136719,467.94000244140625,455.6300048828125,463.7200012207031,59256800
2024-07-26,458.1650695800781,462.9700012207031,465.92999267578125,459.7699890136719,462.6499938964844,39992100
2024-07-29,459.0854187011719,463.8999938964844,467.9100036621094,461.6199951171875,465.7099914550781,28218500
2024-07-30,452.7815246582031,457.5299987792969,466.55999755859375,454.1499938964844,465.8500061035156,41317200
2024-07-31,466.1810607910156,471.07000732421875,472.7900085449219,466.4100036621094,467.8699951171875,44552100
2024-08-01,454.889404296875,459.6600036621094,475.54998779296875,455.9800109863281,471.760009765625,56653900
2024-08-02,444.0926208496094,448.75,453.57000732421875,444.4700012207031,450.8900146484375,66323200
2024-08-05,430.85150146484375,435.3699951171875,442.2900085449219,423.45001220703125,424.7099914550781,87483500
2024-08-06,434.96832275390625,439.5299987792969,447.07000732421875,434.55999755859375,437.2300109863281,63164400
2024-08-07,430.25775146484375,434.7699890136719,449.0,434.3699951171875,446.489990234375,54929200
2024-08-08,443.4197082519531,448.07000732421875,448.989990234375,437.1499938964844,441.05999755859375,47890100
2024-08-09,445.7354431152344,450.4100036621094,452.05999755859375,445.6099853515625,446.739990234375,33574000
2024-08-12,446.6953430175781,451.3800048828125,454.3699951171875,448.54998779296875,451.3900146484375,27795000
2024-08-13,457.7791442871094,462.5799865722656,462.8500061035156,455.67999267578125,455.82000732421875,40084500
2024-08-14,457.9275817871094,462.7300109863281,465.1099853515625,458.3999938964844,463.510009765625,34733700
2024-08-15,469.4962158203125,474.4200134277344,474.82000732421875,468.3800048828125,468.760009765625,38280600
2024-08-16,470.0998840332031,475.0299987792969,476.4100036621094,471.6499938964844,472.6199951171875,38383600
2024-08-19,476.2751159667969,481.2699890136719,481.30999755859375,473.3699951171875,475.1700134277344,23737700
2024-08-20,475.2756652832031,480.260009765625,482.94000244140625,478.54998779296875,480.3500061035156,29209300
2024-08-21,477.49237060546875,482.5,484.3699951171875,479.32000732421875,481.04998779296875,25658800
2024-08-22,469.9217834472656,474.8500061035156,485.5400085449219,473.80999755859375,484.8399963378906,37739600
2024-08-23,475.018310546875,480.0,482.739990234375,475.2799987792969,479.239990234375,36061500
2024-08-26,470.40667724609375,475.3399963378906,480.3800048828125,473.239990234375,479.45001220703125,27452600
2024-08-27,471.81195068359375,476.760009765625,477.8399963378906,471.7099914550781,473.69000244140625,27510000
2024-08-28,466.4580993652344,471.3500061035156,477.0199890136719,467.8900146484375,476.2900085449219,37372400
2024-08-29,465.7752685546875,470.6600036621094,477.92999267578125,469.3699951171875,473.2799987792969,41081500
2024-08-30,471.3269958496094,476.2699890136719,476.8999938964844,470.510009765625,475.0400085449219,33466500
2024-09-03,457.0171203613281,461.80999755859375,473.3299865722656,459.4100036621094,473.20001220703125,44985200
2024-09-04,455.82958984375,460.6099853515625,464.45001220703125,457.7300109863281,458.6700134277344,32505100
2024-09-05,456.2550964355469,461.0400085449219,465.3599853515625,457.94000244140625,458.9700012207031,34452400
2024-09-06,444.03326416015625,448.69000244140625,461.2200012207031,448.19000244140625,460.3299865722656,50624400
2024-09-09,449.7433776855469,454.4599914550781,455.4599914550781,449.82000732421875,453.05999755859375,32981200
2024-09-10,453.8997802734375,458.6600036621094,459.1700134277344,452.2300109863281,456.239990234375,29680300
2024-09-11,463.7564392089844,468.6199951171875,469.3699951171875,451.2799987792969,459.9100036621094,57843000
2024-09-12,468.3087463378906,473.2200012207031,474.0400085449219,466.8500061035156,468.6499938964844,40067800
2024-09-13,470.40667724609375,475.3399963378906,476.5299987792969,472.25,472.4800109863281,29111800
2024-09-16,468.3284912109375,473.239990234375,473.8599853515625,469.8900146484375,473.19000244140625,22585600
2024-09-17,468.5758972167969,473.489990234375,477.6000061035156,470.9700012207031,476.2900085449219,30084400
2024-09-18,466.5471496582031,471.44000244140625,478.8299865722656,470.8299865722656,474.70001220703125,39909200
2024-09-19,478.3434143066406,483.3599853515625,486.2300109863281,480.489990234375,482.6099853515625,52782500
2024-09-20,477.43304443359375,482.44000244140625,483.69000244140625,478.29998779296875,482.489990234375,34577700
2024-09-23,478.6985168457031,483.0400085449219,484.1400146484375,481.6000061035156,482.95001220703125,24843000
2024-09-24,481.007568359375,485.3699951171875,486.3299865722656,480.1700134277344,484.4599914550781,25952600
2024-09-25,481.4535217285156,485.82000732421875,487.7900085449219,484.55999755859375,484.739990234375,26549900
2024-09-26,485.07073974609375,489.4700012207031,493.70001220703125,485.79998779296875,493.3699951171875,32020200
2024-09-27,482.37518310546875,486.75,490.6400146484375,485.55999755859375,490.5,22851100
2024-09-30,483.68328857421875,488.07000732421875,488.4100036621094,482.9200134277344,485.7799987792969,30281100
2024-10-01,476.94439697265625,481.2699890136719,488.0,477.3999938964844,487.70001220703125,42735400
2024-10-02,477.61834716796875,481.95001220703125,483.8800048828125,477.7200012207031,480.3599853515625,23744000
2024-10-03,477.26153564453125,481.5899963378906,484.54998779296875,478.989990234375,479.739990234375,25337200
2024-10-04,482.9400329589844,487.32000732421875,487.8800048828125,482.3900146484375,487.45001220703125,30686600
2024-10-07,477.7669982910156,482.1000061035156,486.57000732421875,480.8699951171875,485.3900146484375,24975100
2024-10-08,484.9022521972656,489.29998779296875,489.989990234375,483.8500061035156,484.6600036621094,28272000
2024-10-09,488.7176208496094,493.1499938964844,493.7300109863281,487.95001220703125,489.0,24995000
2024-10-10,488.1626892089844,492.5899963378906,494.4700012207031,489.5299987792969,490.8500061035156,25750400
2024-10-11,488.92572021484375,493.3599853515625,494.3900146484375,490.1700134277344,490.739990234375,20644500
2024-10-14,493.0285339355469,497.5,498.8299865722656,495.260009765625,495.7699890136719,26060100
2024-10-15,486.43829345703125,490.8500061035156,498.5,488.67999267578125,497.8299865722656,34784500
2024-10-16,486.49774169921875,490.9100036621094,491.69000244140625,487.57000732421875,491.17999267578125,22996800
2024-10-17,486.8346862792969,491.25,496.489990234375,491.19000244140625,496.44000244140625,27210700
2024-10-18,490.0257873535156,494.4700012207031,495.57000732421875,493.29998779296875,494.05999755859375,25335000
2024-10-21,490.96728515625,495.4200134277344,496.2300109863281,491.30999755859375,493.25,30336500
2024-10-22,491.50238037109375,495.9599914550781,497.45001220703125,491.9700012207031,492.7300109863281,26685800
2024-10-23,483.9706726074219,488.3599853515625,494.25,485.04998779296875,493.5899963378906,39346600
2024-10-24,487.8951110839844,492.32000732421875,493.0,489.44000244140625,492.1099853515625,22024900
2024-10-25,490.8681335449219,495.32000732421875,500.2799987792969,494.42999267578125,495.1400146484375,38762100
2024-10-28,490.94744873046875,495.3999938964844,498.5199890136719,495.1000061035156,498.4599914550781,20477800
2024-10-29,495.6646728515625,500.1600036621094,501.3500061035156,493.8500061035156,495.7200012207031,28014100
2024-10-30,491.9186096191406,496.3800048828125,500.3500061035156,495.8900146484375,499.3900146484375,29756000
2024-10-31,479.5012512207031,483.8500061035156,492.42999267578125,483.75,492.3800048828125,41245200
2024-11-01,483.0490417480469,487.42999267578125,490.75,485.20001220703125,485.5,33655800
2024-11-04,481.6418151855469,486.010009765625,489.3800048828125,484.25,486.82000732421875,23291600
2024-11-05,487.7861022949219,492.2099914550781,492.8800048828125,487.5199890136719,487.6099853515625,24353600
2024-11-06,501.0359191894531,505.5799865722656,506.4100036621094,499.6000061035156,500.55999755859375,43082200
2024-11-07,508.9243469238281,513.5399780273438,514.3300170898438,508.3399963378906,508.3999938964844,32853100
2024-11-08,509.5190124511719,514.1400146484375,514.9199829101562,512.4099731445312,513.0399780273438,22924500
2024-11-11,509.2217712402344,513.8400268554688,515.5800170898438,510.9200134277344,515.3699951171875,24167500
2024-11-12,508.300048828125,512.9099731445312,514.6599731445312,509.8299865722656,513.77001953125,25835300
2024-11-13,507.64599609375,512.25,514.97998046875,509.95001220703125,512.4000244140625,24567400
2024-11-14,504.11798095703125,508.69000244140625,512.7899780273438,507.7699890136719,511.9100036621094,28679500
2024-11-15,492.10693359375,496.57000732421875,503.3299865722656,494.489990234375,502.94000244140625,51461100
2024-11-18,495.52587890625,500.0199890136719,502.1400146484375,496.7300109863281,498.1300048828125,27080800
2024-11-19,498.9349365234375,503.4599914550781,503.95001220703125,497.0799865722656,497.4200134277344,24523000
2024-11-20,498.6476135253906,503.1700134277344,503.4800109863281,496.55999755859375,503.1600036621094,29565500
2024-11-21,500.44134521484375,504.9800109863281,506.9599914550781,497.55999755859375,506.239990234375,34526700
2024-11-22,501.2440185546875,505.7900085449219,506.5299987792969,502.7799987792969,504.4200134277344,23826600
2024-11-25,502.0368957519531,506.5899963378906,511.45001220703125,504.260009765625,509.8999938964844,26375200
2024-11-26,504.7323913574219,509.30999755859375,510.1400146484375,507.2300109863281,508.0799865722656,26557100
2024-11-27,500.7584533691406,505.29998779296875,508.239990234375,501.92999267578125,508.1700134277344,24957400
2024-11-29,505.15850830078125,509.739990234375,510.3399963378906,505.30999755859375,505.92999267578125,15334000
2024-12-02,510.6585998535156,515.2899780273438,516.260009765625,510.6199951171875,511.010009765625,25147200
2024-12-03,512.2244873046875,516.8699951171875,517.1500244140625,513.3699951171875,513.9500122070312,18597900
2024-12-04,518.5570068359375,523.260009765625,523.52001953125,519.5999755859375,520.3200073242188,26086200
2024-12-05,517.1199951171875,521.8099975585938,524.0399780273438,521.4199829101562,523.3099975585938,18169600
2024-12-06,521.748046875,526.47998046875,526.719970703125,522.3499755859375,522.47998046875,23762600
2024-12-09,517.6849365234375,522.3800048828125,526.3499755859375,521.219970703125,525.5499877929688,20674400
2024-12-10,515.9208374023438,520.5999755859375,525.3800048828125,519.1599731445312,523.6199951171875,24350000
2024-12-11,525.1571655273438,529.9199829101562,530.6099853515625,524.5900268554688,525.0,32168600
2024-12-12,521.7679443359375,526.5,528.9600219726562,526.02001953125,527.6799926757812,23577500
2024-12-13,525.76171875,530.530029296875,533.1699829101562,527.2999877929688,530.4600219726562,28780400
2024-12-16,533.3328857421875,538.1699829101562,539.1500244140625,533.0,533.0800170898438,31979900
2024-12-17,530.9842529296875,535.7999877929688,537.47998046875,534.1300048828125,536.3599853515625,28579100
2024-12-18,511.8280334472656,516.469970703125,536.8800048828125,515.010009765625,535.1500244140625,54703200
2024-12-19,509.5487060546875,514.1699829101562,521.760009765625,513.8300170898438,521.1900024414062,46441800
2024-12-20,513.9983520507812,518.6599731445312,524.8200073242188,509.2900085449219,510.44000244140625,60530000
2024-12-23,519.0060424804688,522.8699951171875,523.25,516.1300048828125,519.5499877929688,29672800
2024-12-24,526.0436401367188,529.9600219726562,530.0499877929688,524.1900024414062,524.8300170898438,17558200
2024-12-26,525.6863403320312,529.5999755859375,531.239990234375,526.3099975585938,528.3200073242188,19090500
2024-12-27,518.6983642578125,522.5599975585938,526.4500122070312,517.8599853515625,526.010009765625,33839600
2024-12-30,511.7997131347656,515.6099853515625,519.3599853515625,511.8299865722656,515.510009765625,34584000
2024-12-31,507.4521179199219,511.2300109863281,517.6599731445312,510.260009765625,516.9000244140625,29117000
2025-01-02,506.4595031738281,510.2300109863281,516.6400146484375,505.7099914550781,514.2999877929688,36389800
2025-01-03,514.7478637695312,518.5800170898438,519.6500244140625,512.530029296875,513.3499755859375,29059500
2025-01-06,520.6637573242188,524.5399780273438,527.9199829101562,522.030029296875,524.02001953125,36109700
2025-01-07,511.3728942871094,515.1799926757812,525.989990234375,513.280029296875,525.5900268554688,36690300
2025-01-08,511.4621887207031,515.27001953125,516.9199829101562,510.57000732421875,515.0800170898438,30777800
2025-01-10,503.44195556640625,507.19000244140625,511.5799865722656,503.9200134277344,511.4800109863281,40532500
2025-01-13,501.8240051269531,505.55999755859375,506.0199890136719,499.70001220703125,501.20001220703125,31694200
2025-01-14,501.3475036621094,505.0799865722656,510.1600036621094,501.5899963378906,508.739990234375,33737200
2025-01-15,512.8816528320312,516.7000122070312,517.8499755859375,511.4599914550781,513.030029296875,34957600
2025-01-16,509.2884826660156,513.0800170898438,519.0599975585938,512.9500122070312,518.97998046875,28229000
2025-01-17,517.884521484375,521.739990234375,524.0700073242188,513.1099853515625,522.8499755859375,51837900
2025-01-21,520.9218139648438,524.7999877929688,525.969970703125,520.0599975585938,524.47998046875,23628000
2025-01-22,527.582275390625,531.510009765625,533.8200073242188,529.260009765625,529.5700073242188,33593000
2025-01-23,528.703857421875,532.6400146484375,532.760009765625,528.4500122070312,529.0399780273438,23096600
2025-01-24,525.716064453125,529.6300048828125,533.7899780273438,528.1500244140625,533.02001953125,19878300
2025-01-27,510.41015625,514.2100219726562,517.989990234375,510.1499938964844,511.0,60771700
2025-01-28,517.953857421875,521.8099975585938,523.0,511.7799987792969,515.219970703125,33194200
2025-01-29,516.981201171875,520.8300170898438,522.5900268554688,516.9000244140625,522.4600219726562,26649000
2025-01-30,519.1847534179688,523.0499877929688,526.0999755859375,518.2100219726562,523.7100219726562,27431300
2025-01-31,518.4302978515625,522.2899780273438,531.52001953125,521.1900024414062,526.9199829101562,38755200
2025-02-03,514.28125,518.1099853515625,520.8499755859375,511.04998779296875,513.469970703125,40580800
2025-02-04,520.5941772460938,524.469970703125,525.1099853515625,518.22998046875,518.6300048828125,26046800
2025-02-05,522.9566650390625,526.8499755859375,527.010009765625,520.6199951171875,521.8200073242188,21134100
2025-02-06,525.6863403320312,529.5999755859375,529.8099975585938,525.739990234375,527.3599853515625,19434500
2025-02-07,519.0556640625,522.9199829101562,532.0999755859375,522.1900024414062,530.1400146484375,29605500
2025-02-10,525.3389282226562,529.25,530.3599853515625,526.75,527.219970703125,20852800
2025-02-11,524.0882568359375,527.989990234375,529.9199829101562,525.8300170898438,525.9600219726562,19325500
2025-02-12,524.3960571289062,528.2999877929688,529.1900024414062,521.9500122070312,522.2999877929688,25009400
2025-02-13,531.9397583007812,535.9000244140625,536.219970703125,529.1900024414062,529.97998046875,28714800
2025-02-14,534.1732788085938,538.1500244140625,538.8400268554688,535.6699829101562,536.010009765625,17862600
2025-02-18,535.3841552734375,539.3699951171875,540.0,536.0399780273438,539.72998046875,20565000
2025-02-19,535.5330810546875,539.52001953125,540.8099975585938,536.4600219726562,538.5700073242188,19666900
2025-02-20,533.2599487304688,537.22998046875,539.0999755859375,532.4600219726562,538.72998046875,26550800
2025-02-21,522.1923828125,526.0800170898438,538.4000244140625,525.7100219726562,538.3800048828125,47093800
2025-02-24,516.0282592773438,519.8699951171875,529.0700073242188,519.530029296875,527.8800048828125,39268400
2025-02-25,509.5266418457031,513.3200073242188,519.3200073242188,509.44000244140625,519.239990234375,48940000
2025-02-26,510.7574157714844,514.5599975585938,519.6599731445312,511.3699951171875,515.530029296875,34457600
2025-02-27,496.5730895996094,500.2699890136719,519.0700073242188,500.04998779296875,518.1300048828125,52448000
2025-02-28,504.41473388671875,508.1700134277344,508.7799987792969,496.92999267578125,500.1300048828125,47654000
2025-03-03,493.37689208984375,497.04998779296875,513.0399780273438,493.5799865722656,511.5199890136719,44587200
2025-03-04,491.8879699707031,495.54998779296875,503.739990234375,487.739990234375,494.17999267578125,67875400
2025-03-05,498.3002014160156,502.010009765625,503.6300048828125,491.260009765625,496.20001220703125,46323700
2025-03-06,484.5923156738281,488.20001220703125,498.5799865722656,486.20001220703125,493.69000244140625,57574300
2025-03-07,488.15576171875,491.7900085449219,493.2799987792969,480.5299987792969,487.1600036621094,54714700
2025-03-10,469.2366027832031,472.7300109863281,483.9700012207031,468.6600036621094,483.45001220703125,76668000
2025-03-11,468.1149597167969,471.6000061035156,478.80999755859375,467.010009765625,472.3500061035156,68760800
2025-03-12,473.3956298828125,476.9200134277344,481.05999755859375,471.7900085449219,479.1600036621094,46971100
2025-03-13,464.87908935546875,468.3399963378906,476.2799987792969,466.42999267578125,476.25,46563300
2025-03-14,476.11541748046875,479.6600036621094,480.55999755859375,473.1199951171875,473.7300109863281,43563000
2025-03-17,479.202392578125,482.7699890136719,485.8399963378906,477.79998779296875,479.6099853515625,41744400
2025-03-18,471.03326416015625,474.5400085449219,479.6099853515625,472.4100036621094,479.4100036621094,39072300
2025-03-19,477.3363342285156,480.8900146484375,485.3299865722656,474.8699951171875,476.80999755859375,40430300
2025-03-20,475.7184143066406,479.260009765625,484.54998779296875,476.17999267578125,476.8800048828125,36780500
2025-03-21,477.28668212890625,480.8399963378906,481.6099853515625,472.9100036621094,474.0799865722656,42234900
2025-03-24,487.76043701171875,490.6600036621094,491.510009765625,484.3999938964844,487.739990234375,34567200
2025-03-25,490.5438232421875,493.4599914550781,493.6199951171875,490.4200134277344,491.3900146484375,26035200
2025-03-26,481.51751708984375,484.3800048828125,493.1600036621094,482.82000732421875,492.29998779296875,34627100
2025-03-27,478.7738342285156,481.6199951171875,486.5799865722656,480.25,482.4100036621094,33469800
2025-03-28,466.16876220703125,468.94000244140625,480.5199890136719,468.04998779296875,479.80999755859375,46363800
2025-03-31,466.14892578125,468.9200134277344,469.8599853515625,457.3299865722656,461.9200134277344,53000300
2025-04-01,469.9065856933594,472.70001220703125,473.6300048828125,464.4200134277344,467.29998779296875,41156200
2025-04-02,473.336181640625,476.1499938964844,479.55999755859375,465.8599853515625,466.1199951171875,49894500
2025-04-03,447.9968566894531,450.6600036621094,460.07000732421875,450.1400146484375,456.44000244140625,70456300
2025-04-04,420.1722412109375,422.6700134277344,440.3699951171875,422.6700134277344,438.1400146484375,117088400
2025-04-07,421.1861877441406,423.69000244140625,443.1400146484375,402.3900146484375,408.6600036621094,161557000
2025-04-08,413.60125732421875,416.05999755859375,443.1400146484375,409.7900085449219,438.1600036621094,101248100
2025-04-09,463.2461242675781,466.0,467.8299865722656,415.42999267578125,415.57000732421875,142876900
2025-04-10,443.54327392578125,446.17999267578125,455.5899963378906,432.6300048828125,453.55999755859375,108384100
2025-04-11,451.7146911621094,454.3999938964844,455.7900085449219,441.3299865722656,444.6499938964844,52483800
2025-04-14,454.7764892578125,457.4800109863281,465.04998779296875,452.6300048828125,464.4599914550781,43941200
2025-04-15,455.2834777832031,457.989990234375,462.3800048828125,456.1499938964844,458.5400085449219,35404200
2025-04-16,441.5550537109375,444.17999267578125,452.6199951171875,437.760009765625,449.0299987792969,48980600
2025-04-17,441.4755554199219,444.1000061035156,447.75,441.3599853515625,447.1700134277344,44837000
2025-04-21,430.5505065917969,433.1099853515625,439.0799865722656,427.92999267578125,438.2300109863281,44149300
2025-04-22,441.85333251953125,444.4800109863281,447.5799865722656,437.6199951171875,438.82000732421875,52304400
2025-04-23,451.8737487792969,454.55999755859375,463.3800048828125,452.8800048828125,458.1700134277344,55801100
2025-04-24,464.588134765625,467.3500061035156,467.6600036621094,455.8299865722656,456.4800109863281,45956100
2025-04-25,469.76739501953125,472.55999755859375,473.0899963378906,465.3900146484375,466.9700012207031,38697100
2025-04-28,469.6182556152344,472.4100036621094,474.80999755859375,466.0299987792969,473.0299987792969,33550800
2025-04-29,472.7198486328125,475.5299987792969,476.4200134277344,469.5899963378906,470.1700134277344,30613100
2025-04-30,472.66015625,475.4700012207031,477.20001220703125,462.42999267578125,467.1300048828125,46810600
2025-05-01,478.8334655761719,481.67999267578125,487.17999267578125,480.739990234375,483.4100036621094,43316500
2025-05-02,485.94122314453125,488.8299865722656,490.9100036621094,484.8299865722656,486.5400085449219,39218100
2025-05-05,483.058349609375,485.92999267578125,489.0299987792969,484.1000061035156,484.6000061035156,28309500
2025-05-06,478.5650939941406,481.4100036621094,485.04998779296875,478.19000244140625,479.55999755859375,32786300
2025-05-07,480.44390869140625,483.29998779296875,485.79998779296875,476.7799987792969,482.0799865722656,38006300
2025-05-08,485.4043884277344,488.2900085449219,492.70001220703125,484.1700134277344,488.5299987792969,39577600
2025-05-09,485.0863037109375,487.9700012207031,491.5400085449219,486.20001220703125,490.2099914550781,27767400
2025-05-12,504.8488464355469,507.8500061035156,507.8900146484375,501.4800109863281,506.989990234375,45090600
2025-05-13,512.5431518554688,515.5900268554688,517.3900146484375,508.4200134277344,509.1600036621094,53269600
2025-05-14,515.6148681640625,518.6799926757812,519.22998046875,515.75,516.77001953125,47014500
2025-05-15,516.1814575195312,519.25,521.9299926757812,515.1699829101562,516.52001953125,50153300
2025-05-16,518.4281005859375,521.510009765625,521.7000122070312,517.0999755859375,520.6599731445312,48394600
2025-05-19,518.9252319335938,522.010009765625,522.530029296875,514.239990234375,514.239990234375,52536200
2025-05-20,517.1954345703125,520.27001953125,520.9299926757812,516.6599731445312,519.469970703125,42517600
2025-05-21,510.0080871582031,513.0399780273438,523.0,511.239990234375,516.27001953125,71292800
2025-05-22,510.96246337890625,514.0,517.7100219726562,512.2999877929688,513.6599731445312,55607200
2025-05-23,506.2305908203125,509.239990234375,511.8399963378906,505.5799865722656,506.17999267578125,58368100
2025-05-27,518.1397705078125,521.219970703125,521.7100219726562,514.5900268554688,516.1500244140625,47226300
2025-05-28,515.8433837890625,518.9099731445312,523.6799926757812,518.3900146484375,522.1799926757812,46637200
2025-05-29,516.8574829101562,519.9299926757812,526.47998046875,517.3200073242188,526.3300170898438,58513300
2025-05-30,516.0423583984375,519.1099853515625,520.6799926757812,511.92999267578125,519.4400024414062,67662800
2025-06-02,520.1180419921875,523.2100219726562,523.4500122070312,515.969970703125,517.239990234375,44762800
2025-06-03,524.183837890625,527.2999877929688,528.739990234375,522.6900024414062,523.5599975585938,44070300
2025-06-04,525.645263671875,528.77001953125,529.8400268554688,525.969970703125,528.010009765625,41359300
2025-06-05,521.6886596679688,524.7899780273438,533.0499877929688,522.6599731445312,530.1799926757812,61031200
2025-06-06,526.7883911132812,529.9199829101562,531.7999877929688,528.2100219726562,530.0,42467000
2025-06-09,527.5637817382812,530.7000122070312,532.3499755859375,529.010009765625,530.1400146484375,33688700
2025-06-10,531.0531005859375,534.2100219726562,534.9000244140625,528.8900146484375,531.1699829101562,40664800
2025-06-11,529.263671875,532.4099731445312,536.780029296875,530.1099853515625,535.6199951171875,53701000
2025-06-12,530.5062255859375,533.6599731445312,534.6400146484375,530.8400268554688,531.0900268554688,34104900
2025-06-13,523.845947265625,526.9600219726562,531.8699951171875,525.72998046875,527.6799926757812,55814400
2025-06-16,531.132568359375,534.2899780273438,535.3699951171875,530.4500122070312,530.5,37622100
2025-06-17,525.953369140625,529.0800170898438,533.3300170898438,527.9099731445312,531.7100219726562,42180900
2025-06-18,525.8638305664062,528.989990234375,532.5499877929688,527.4000244140625,530.0999755859375,43983500
2025-06-20,523.7166748046875,526.8300170898438,533.5599975585938,524.8800048828125,532.260009765625,61643500
2025-06-23,529.1017456054688,531.6500244140625,532.1699829101562,523.6500244140625,526.8099975585938,50666100
2025-06-24,537.1928100585938,539.780029296875,540.7000122070312,536.27001953125,536.8900146484375,45442000
2025-06-25,538.5661010742188,541.1599731445312,543.3099975585938,539.3800048828125,542.0599975585938,44804200
2025-06-26,543.601806640625,546.219970703125,546.6699829101562,541.52001953125,543.3499755859375,43811400
2025-06-27,545.4629516601562,548.0900268554688,549.989990234375,544.5399780273438,547.260009765625,57577100
2025-06-30,548.995849609375,551.6400146484375,552.7999877929688,549.010009765625,551.260009765625,45548700
2025-07-01,544.3682250976562,546.989990234375,550.7100219726562,544.6599731445312,549.72998046875,56166700
2025-07-02,548.159912109375,550.7999877929688,551.0,546.1199951171875,546.1599731445312,36538300
2025-07-03,553.553955078125,556.219970703125,557.2000122070312,553.1799926757812,553.1799926757812,26443500
2025-07-07,549.384033203125,552.030029296875,554.3400268554688,549.5800170898438,553.52001953125,45349300
2025-07-08,549.692626953125,552.3400268554688,554.010009765625,551.0999755859375,553.3800048828125,36153300
2025-07-09,553.5838012695312,556.25,557.6300048828125,553.0999755859375,554.47998046875,43045500
2025-07-10,552.7876586914062,555.4500122070312,557.2999877929688,552.75,556.8900146484375,34710900
2025-07-11,551.543701171875,554.2000122070312,555.7899780273438,552.0499877929688,553.2999877929688,39618600
2025-07-14,553.5440063476562,556.2100219726562,556.9500122070312,551.6300048828125,553.989990234375,36453300
2025-07-15,554.0515747070312,556.719970703125,560.7999877929688,556.6599731445312,560.25,43277700
2025-07-16,554.6188354492188,557.2899780273438,560.2100219726562,551.5599975585938,557.280029296875,52314700
2025-07-17,559.1072387695312,561.7999877929688,562.3099975585938,557.2100219726562,558.02001953125,40423800
2025-07-18,558.56982421875,561.260009765625,564.72998046875,559.97998046875,563.1199951171875,50484700
2025-07-21,561.4658813476562,564.1699829101562,566.0599975585938,562.0599975585938,562.0900268554688,39595200
2025-07-22,558.559814453125,561.25,564.3499755859375,558.6099853515625,564.2999877929688,43270600
2025-07-23,561.1075439453125,563.8099975585938,563.8499755859375,559.5800170898438,562.3400268554688,40215300
2025-07-24,562.3018798828125,565.010009765625,566.239990234375,563.2899780273438,565.1300048828125,42275500
2025-07-25,563.6553344726562,566.3699951171875,567.7000122070312,564.27001953125,564.9299926757812,30630800
2025-07-28,565.4168090820312,568.1400146484375,569.0399780273438,566.8699951171875,567.739990234375,31498700
2025-07-29,564.541015625,567.260009765625,572.1099853515625,566.530029296875,570.760009765625,45463300
2025-07-30,565.2974853515625,568.02001953125,570.6199951171875,565.0499877929688,568.1799926757812,43433800
2025-07-31,562.3018798828125,565.010009765625,574.6300048828125,563.8699951171875,574.5399780273438,64613600
2025-08-01,551.2251586914062,553.8800048828125,559.02001953125,551.6799926757812,558.8300170898438,69400800
2025-08-04,561.3961791992188,564.0999755859375,564.3200073242188,558.9500122070312,559.0499877929688,47669800
2025-08-05,557.5845947265625,560.27001953125,566.5599975585938,559.72998046875,565.3900146484375,48666600
2025-08-06,564.6007690429688,567.3200073242188,567.760009765625,560.6300048828125,561.1099853515625,41823700
2025-08-07,566.5115966796875,569.239990234375,573.3200073242188,565.1099853515625,571.6699829101562,44463000
2025-08-08,571.796142578125,574.5499877929688,574.77001953125,570.1500244140625,570.4500122070312,35255500
2025-08-11,570.1041870117188,572.8499755859375,576.7999877929688,571.5700073242188,574.6900024414062,33112900
2025-08-12,577.2697143554688,580.0499877929688,580.3499755859375,572.489990234375,575.1599731445312,42143300
2025-08-13,577.5584106445312,580.3400268554688,583.3200073242188,578.9400024414062,582.760009765625,41209300
2025-08-14,577.1105346679688,579.8900146484375,581.8800048828125,577.9099731445312,578.280029296875,45425000
2025-08-15,574.5728149414062,577.3400268554688,579.8400268554688,575.5700073242188,579.7999877929688,49480200
2025-08-18,574.3438110351562,577.1099853515625,577.77001953125,575.239990234375,576.4400024414062,29831000
2025-08-19,566.5513916015625,569.280029296875,576.5599975585938,568.25,576.3900146484375,53752600
2025-08-20,563.1875610351562,565.9000244140625,568.4500122070312,558.8400268554688,568.3300170898438,76781100
2025-08-21,560.5802001953125,563.280029296875,566.489990234375,560.97998046875,564.3499755859375,46436900
2025-08-22,569.2284545898438,571.969970703125,573.989990234375,563.27001953125,564.6699829101562,51502100
2025-08-25,567.58642578125,570.3200073242188,573.2899780273438,569.1599731445312,570.4000244140625,34044700
2025-08-26,569.8654174804688,572.6099853515625,572.9199829101562,568.7999877929688,569.8300170898438,34103000
2025-08-27,570.7412109375,573.489990234375,574.4099731445312,570.3699951171875,571.5900268554688,36927100
2025-08-28,574.31396484375,577.0800170898438,578.0,572.4600219726562,574.1099853515625,46787900
2025-08-29,567.6660766601562,570.4000244140625,575.030029296875,568.5399780273438,574.6599731445312,56030400
2025-09-02,562.9088745117188,565.6199951171875,565.969970703125,559.5399780273438,561.3099975585938,65876800
2025-09-03,567.3375854492188,570.0700073242188,571.7000122070312,566.72998046875,569.22998046875,54230200
2025-09-04,572.4728393554688,575.22998046875,575.5999755859375,569.030029296875,570.739990234375,47526300
2025-09-05,573.2988891601562,576.0599975585938,581.1199951171875,571.530029296875,580.489990234375,68342500
2025-09-08,576.0953979492188,578.8699951171875,580.8400268554688,577.77001953125,578.3699951171875,46371400
2025-09-09,577.7275390625,580.510009765625,580.9400024414062,577.0399780273438,579.6699829101562,44007600
2025-09-10,577.9166259765625,580.7000122070312,583.77001953125,578.5499877929688,583.739990234375,49308000
2025-09-11,581.2804565429688,584.0800170898438,584.8800048828125,581.6199951171875,583.239990234375,44745800
2025-09-12,583.8480834960938,586.6599731445312,587.8599853515625,584.0999755859375,585.0399780273438,50745900
2025-09-15,588.843994140625,591.6799926757812,591.7899780273438,588.2899780273438,588.4400024414062,44360300
2025-09-16,588.3463745117188,591.1799926757812,592.8599853515625,590.489990234375,592.6099853515625,36942100
2025-09-17,587.172119140625,590.0,591.75,584.3699951171875,591.0999755859375,69384800
2025-09-18,592.4666137695312,595.3200073242188,598.1400146484375,592.9600219726562,594.9099731445312,61069300
2025-09-19,596.4771728515625,599.3499755859375,600.0499877929688,595.8499755859375,597.3300170898438,58196100
2025-09-22,600.0083618164062,602.2000122070312,602.8699951171875,597.719970703125,597.739990234375,57154800
2025-09-23,596.02294921875,598.2000122070312,602.5700073242188,596.97998046875,602.3699951171875,64635500
2025-09-24,593.9305419921875,596.0999755859375,599.9000244140625,593.3599853515625,599.5800170898438,49850300
2025-09-25,591.3699340820312,593.530029296875,595.1199951171875,588.5,592.2000122070312,70920200
2025-09-26,593.801025390625,595.969970703125,596.2999877929688,591.0599975585938,594.3499755859375,54337400
2025-09-29,596.5509643554688,598.72998046875,602.0499877929688,597.4099731445312,599.1099853515625,48332900
2025-09-30,598.18505859375,600.3699951171875,600.7100219726562,596.0999755859375,598.4299926757812,46533800
2025-10-01,601.0545043945312,603.25,603.7899780273438,596.3400268554688,597.1699829101562,46899600
2025-10-02,603.5254516601562,605.72998046875,607.1599731445312,602.9299926757812,607.0599975585938,43765400
2025-10-03,600.9848022460938,603.1799926757812,607.3300170898438,601.3900146484375,606.510009765625,46482100
2025-10-06,605.498291015625,607.7100219726562,609.3599853515625,605.969970703125,608.4500122070312,41962100
2025-10-07,602.3099365234375,604.510009765625,609.7100219726562,603.030029296875,609.02001953125,58209500
2025-10-08,609.2147216796875,611.4400024414062,611.75,605.260009765625,605.4099731445312,50629800
2025-10-09,608.4774169921875,610.7000122070312,611.6099853515625,607.47998046875,611.47998046875,45551000
2025-10-10,587.3546142578125,589.5,613.1799926757812,589.0499877929688,611.4000244140625,97614800
2025-10-13,599.8190307617188,602.010009765625,602.9500122070312,597.22998046875,599.6799926757812,65872600
2025-10-14,595.8236694335938,598.0,602.6900024414062,590.1300048828125,595.3099975585938,69203200
2025-10-15,600.0282592773438,602.219970703125,606.7000122070312,595.9299926757812,604.010009765625,62805500
2025-10-16,597.806396484375,599.989990234375,608.3099975585938,595.5,605.1099853515625,70982000
2025-10-17,601.7320556640625,603.9299926757812,605.510009765625,596.3699951171875,597.9500122070312,72024900
2025-10-20,609.3143310546875,611.5399780273438,612.7999877929688,607.0700073242188,607.1400146484375,45761700
2025-10-21,609.1549682617188,611.3800048828125,612.719970703125,609.3200073242188,611.6400146484375,44538200
2025-10-22,603.286376953125,605.489990234375,611.4099731445312,599.739990234375,610.8200073242188,61478800
2025-10-23,608.3578491210938,610.5800170898438,611.3699951171875,604.52001953125,604.9099731445312,42844300
2025-10-24,614.8540649414062,617.0999755859375,618.4199829101562,615.1300048828125,615.989990234375,47632500
2025-10-27,625.8041381835938,628.0900268554688,628.5499877929688,624.030029296875,624.52001953125,54098600
2025-10-28,630.6165771484375,632.9199829101562,634.6799926757812,629.25,630.3599853515625,61195700
2025-10-29,633.4562377929688,635.77001953125,637.010009765625,630.25,635.5900268554688,67422800
2025-10-30,623.7715454101562,626.0499877929688,633.5,625.9400024414062,632.1699829101562,61628600
2025-10-31,626.7806396484375,629.0700073242188,634.2000122070312,626.6900024414062,634.1699829101562,66305100
2025-11-03,629.7796020507812,632.0800170898438,635.8200073242188,629.8499755859375,635.1099853515625,37154300
2025-11-04,616.9962768554688,619.25,626.9500122070312,618.4600219726562,623.280029296875,63830800
2025-11-05,621.01171875,623.280029296875,626.5999755859375,617.2100219726562,618.489990234375,48688500
2025-11-06,609.4439086914062,611.6699829101562,622.0399780273438,610.2999877929688,621.7899780273438,72115100
2025-11-07,607.5209350585938,609.739990234375,609.9500122070312,598.6699829101562,608.3099975585938,81835400
2025-11-10,620.9618530273438,623.22998046875,624.3099975585938,616.8900146484375,618.9199829101562,55919900
2025-11-11,619.307861328125,621.5700073242188,622.719970703125,617.52001953125,620.5700073242188,44868800
2025-11-12,618.8196411132812,621.0800170898438,624.8599853515625,617.8099975585938,624.8400268554688,47444400
2025-11-13,606.1858520507812,608.4000244140625,618.1199951171875,606.0800170898438,617.5399780273438,71333600
2025-11-14,606.6441040039062,608.8599853515625,613.3499755859375,597.1699829101562,599.5499877929688,80087300
2025-11-17,601.4630737304688,603.6599731445312,612.47998046875,599.8699951171875,606.2999877929688,63850400
2025-11-18,594.1397094726562,596.3099975585938,602.3099975585938,591.3400268554688,599.6199951171875,83327300
2025-11-19,597.6868286132812,599.8699951171875,606.1599731445312,594.5900268554688,597.0700073242188,73111500
2025-11-20,583.5384521484375,585.6699829101562,614.030029296875,584.75,611.6199951171875,117743200
2025-11-21,587.9224853515625,590.0700073242188,596.97998046875,580.739990234375,587.469970703125,103344200
2025-11-24,602.9575805664062,605.1599731445312,606.6799926757812,595.1599731445312,595.280029296875,60168100
2025-11-25,606.674072265625,608.8900146484375,610.260009765625,597.3200073242188,603.510009765625,57560900
2025-11-26,612.034423828125,614.27001953125,616.1900024414062,610.3900146484375,612.510009765625,42393600
2025-11-28,616.9962768554688,619.25,619.3200073242188,615.4199829101562,616.1099853515625,23034400
2025-12-01,614.923828125,617.1699829101562,619.4400024414062,612.52001953125,613.6300048828125,40957600
2025-12-02,619.7362670898438,622.0,623.75,617.5900268554688,619.4600219726562,54541800
2025-12-03,621.250732421875,623.52001953125,624.219970703125,618.030029296875,619.6199951171875,47841600
2025-12-04,620.6729125976562,622.9400024414062,624.9400024414062,619.5399780273438,624.9299926757812,47067800
2025-12-05,623.20361328125,625.47998046875,628.9199829101562,623.7100219726562,624.3800048828125,53614200
2025-12-08,622.0079956054688,624.280029296875,628.8400268554688,621.6900024414062,627.2100219726562,43462400
2025-12-09,622.775146484375,625.0499877929688,625.8699951171875,621.0,623.010009765625,37156000
2025-12-10,625.3258666992188,627.6099853515625,629.2100219726562,620.989990234375,623.8499755859375,55031400
2025-12-11,623.3032836914062,625.5800170898438,625.780029296875,617.719970703125,623.8200073242188,58272800
2025-12-12,611.3867797851562,613.6199951171875,623.5399780273438,611.3599853515625,622.0800170898438,75158700
2025-12-15,608.3179931640625,610.5399780273438,618.4199829101562,609.3200073242188,618.3699951171875,49538200
2025-12-16,609.5235595703125,611.75,613.510009765625,606.9099731445312,608.260009765625,55152800
2025-12-17,598.224853515625,600.4099731445312,613.6500244140625,600.280029296875,613.0599975585938,70654300
2025-12-18,606.8931884765625,609.1099853515625,612.9299926757812,606.9199829101562,609.7999877929688,78875800
2025-12-19,614.8043212890625,617.0499877929688,617.6199951171875,611.8699951171875,611.9500122070312,60369800
2025-12-22,617.7513427734375,619.2100219726562,621.6500244140625,617.77001953125,621.3499755859375,43703100
2025-12-23,620.6444702148438,622.1099853515625,622.4099731445312,617.780029296875,618.2000122070312,41120400
2025-12-24,622.4602661132812,623.9299926757812,624.280029296875,621.719970703125,621.989990234375,18468700
2025-12-26,622.4202880859375,623.8900146484375,625.52001953125,623.1400146484375,624.6599731445312,28959800
2025-12-29,619.4074096679688,620.8699951171875,622.780029296875,618.72998046875,620.0999755859375,32458300
