Date,Adj Close,Close,High,Low,Open,Volume
2020-11-30,2663.489990234375,2663.489990234375,2666.1201171875,2604.5,2638.110107421875,0
2020-12-01,2709.72998046875,2709.72998046875,2724.6201171875,2679.409912109375,2692.139892578125,0
2020-12-02,2716.35009765625,2716.35009765625,2728.030029296875,2697.27001953125,2702.889892578125,0
2020-12-03,2716.14990234375,2716.14990234375,2745.909912109375,2713.610107421875,2730.260009765625,0
2020-12-04,2793.030029296875,2793.030029296875,2793.739990234375,2724.60009765625,2728.570068359375,0
2020-12-07,2806.610107421875,2806.610107421875,2809.0400390625,2780.110107421875,2796.300048828125,0
2020-12-08,2816.27001953125,2816.27001953125,2825.93994140625,2790.330078125,2804.989990234375,0
2020-12-09,2734.77001953125,2734.77001953125,2822.030029296875,2718.909912109375,2799.659912109375,0
2020-12-10,2733.669921875,2733.669921875,2754.56005859375,2704.570068359375,2712.02001953125,0
2020-12-11,2704.080078125,2704.080078125,2724.610107421875,2675.3701171875,2703.780029296875,0
2020-12-14,2736.25,2736.25,2751.760009765625,2723.889892578125,2723.889892578125,0
2020-12-15,2774.7900390625,2774.7900390625,2779.81005859375,2753.2099609375,2774.610107421875,0
2020-12-16,2773.419921875,2773.419921875,2780.52001953125,2753.929931640625,2779.9599609375,0
2020-12-17,2778.139892578125,2778.139892578125,2792.070068359375,2768.06005859375,2791.39990234375,0
2020-12-18,2764.739990234375,2764.739990234375,2786.090087890625,2746.3701171875,2783.090087890625,0
2020-12-21,2747.2900390625,2747.2900390625,2751.14990234375,2703.77001953125,2718.719970703125,0
2020-12-22,2743.969970703125,2743.969970703125,2750.9599609375,2722.679931640625,2747.159912109375,0
2020-12-23,2723.530029296875,2723.530029296875,2754.89990234375,2721.93994140625,2754.89990234375,0
2020-12-24,2750.239990234375,2750.239990234375,2751.699951171875,2730.830078125,2733.72998046875,0
2020-12-28,2744.300048828125,2744.300048828125,2782.659912109375,2741.89990234375,2780.97998046875,0
2020-12-29,2738.050048828125,2738.050048828125,2757.719970703125,2709.02001953125,2757.590087890625,0
2020-12-30,2783.77001953125,2783.77001953125,2788.919921875,2754.739990234375,2754.739990234375,0
2020-12-31,2795.5,2795.5,2798.139892578125,2768.429931640625,2787.679931640625,0
2021-01-04,2783.2099609375,2783.2099609375,2872.199951171875,2763.090087890625,2821.989990234375,0
2021-01-05,2837.169921875,2837.169921875,2838.18994140625,2782.6201171875,2783.179931640625,0
2021-01-06,2827.9599609375,2827.9599609375,2884.610107421875,2803.52001953125,2820.860107421875,0
2021-01-07,2937.0,2937.0,2943.8798828125,2873.169921875,2873.659912109375,0
2021-01-08,2936.469970703125,2936.469970703125,2994.070068359375,2904.5400390625,2982.330078125,0
2021-01-11,2969.919921875,2969.919921875,2991.60009765625,2914.080078125,2915.139892578125,0
2021-01-12,2988.02001953125,2988.02001953125,3014.360107421875,2959.919921875,2989.10009765625,0
2021-01-13,2991.949951171875,2991.949951171875,3020.72998046875,2980.14990234375,3019.739990234375,0
2021-01-14,3055.639892578125,3055.639892578125,3089.7099609375,3029.72998046875,3037.419921875,0
2021-01-15,2992.77001953125,2992.77001953125,3043.449951171875,2975.9599609375,3043.449951171875,0
2021-01-19,3093.320068359375,3093.320068359375,3097.530029296875,3034.989990234375,3041.8798828125,0
2021-01-20,3085.0400390625,3085.0400390625,3138.56005859375,3077.260009765625,3124.030029296875,0
2021-01-21,3132.169921875,3132.169921875,3141.02001953125,3081.89990234375,3110.780029296875,0
2021-01-22,3074.39990234375,3074.39990234375,3116.239990234375,3073.93994140625,3098.360107421875,0
2021-01-25,3079.2099609375,3079.2099609375,3107.820068359375,3023.6201171875,3102.929931640625,0
2021-01-26,3031.77001953125,3031.77001953125,3079.39990234375,3030.0,3078.080078125,0
2021-01-27,2875.1298828125,2875.1298828125,2961.56005859375,2862.239990234375,2941.590087890625,0
2021-01-28,2935.1201171875,2935.1201171875,2977.530029296875,2909.1201171875,2933.1201171875,0
2021-01-29,2887.080078125,2887.080078125,2954.7099609375,2875.1201171875,2940.780029296875,0
2021-02-01,2999.989990234375,2999.989990234375,3006.699951171875,2924.669921875,2938.699951171875,0
2021-02-02,3047.330078125,3047.330078125,3049.300048828125,3005.1201171875,3047.3798828125,0
2021-02-03,2982.8701171875,2982.8701171875,3063.280029296875,2982.47998046875,3057.6298828125,0
2021-02-04,3008.419921875,3008.419921875,3010.530029296875,2951.949951171875,2966.530029296875,0
2021-02-05,2985.010009765625,2985.010009765625,3029.47998046875,2982.699951171875,3028.02001953125,0
2021-02-08,3078.47998046875,3078.47998046875,3079.280029296875,3010.7099609375,3013.090087890625,0
2021-02-09,3064.949951171875,3064.949951171875,3089.389892578125,3053.570068359375,3070.7900390625,0
2021-02-10,3074.860107421875,3074.860107421875,3108.919921875,3035.0400390625,3096.010009765625,0
2021-02-11,3180.840087890625,3180.840087890625,3182.6201171875,3106.14990234375,3107.169921875,0
2021-02-12,3219.8701171875,3219.8701171875,3226.080078125,3155.590087890625,3172.22998046875,0
2021-02-16,3238.919921875,3238.919921875,3269.02001953125,3222.43994140625,3250.56005859375,0
2021-02-17,3178.239990234375,3178.239990234375,3216.389892578125,3138.050048828125,3197.27001953125,0
2021-02-18,3146.7900390625,3146.7900390625,3160.02001953125,3108.469970703125,3142.239990234375,0
2021-02-19,3223.4599609375,3223.4599609375,3241.7099609375,3188.1201171875,3195.06005859375,0
2021-02-22,3102.010009765625,3102.010009765625,3202.550048828125,3093.580078125,3181.320068359375,0
2021-02-23,3083.8798828125,3083.8798828125,3105.0400390625,2960.360107421875,3041.8701171875,0
2021-02-24,3183.739990234375,3183.739990234375,3186.1201171875,3037.070068359375,3063.169921875,0
2021-02-25,2999.159912109375,2999.159912109375,3163.530029296875,2988.429931640625,3142.89990234375,0
2021-02-26,3067.6201171875,3067.6201171875,3096.949951171875,2991.080078125,3041.800048828125,0
2021-03-01,3169.110107421875,3169.110107421875,3172.419921875,3093.590087890625,3118.429931640625,0
2021-03-02,3070.93994140625,3070.93994140625,3166.570068359375,3068.25,3165.389892578125,0
2021-03-03,2975.580078125,2975.580078125,3079.93994140625,2972.85009765625,3068.199951171875,0
2021-03-04,2831.6298828125,2831.6298828125,2980.080078125,2793.820068359375,2947.909912109375,0
2021-03-05,2920.75,2920.75,2928.1201171875,2764.820068359375,2897.97998046875,0
2021-03-08,2762.75,2762.75,2923.639892578125,2759.199951171875,2905.780029296875,0
2021-03-09,2932.2099609375,2932.2099609375,2952.1201171875,2853.64990234375,2861.050048828125,0
2021-03-10,2879.320068359375,2879.320068359375,2976.06005859375,2876.179931640625,2969.93994140625,0
2021-03-11,2997.1298828125,2997.1298828125,3015.0400390625,2948.3798828125,2965.2099609375,0
2021-03-12,2965.090087890625,2965.090087890625,2970.110107421875,2924.340087890625,2933.800048828125,0
2021-03-15,3032.050048828125,3032.050048828125,3034.050048828125,2963.68994140625,2983.52001953125,0
2021-03-16,3070.320068359375,3070.320068359375,3116.110107421875,3051.64990234375,3058.330078125,0
2021-03-17,3107.919921875,3107.919921875,3130.02001953125,3004.070068359375,3024.820068359375,0
2021-03-18,2976.219970703125,2976.219970703125,3069.31005859375,2974.72998046875,3058.610107421875,0
2021-03-19,3011.3701171875,3011.3701171875,3039.389892578125,2945.4599609375,2976.639892578125,0
2021-03-22,3077.550048828125,3077.550048828125,3112.43994140625,3040.669921875,3055.409912109375,0
2021-03-23,2994.2099609375,2994.2099609375,3082.22998046875,2982.2099609375,3082.02001953125,0
2021-03-24,2953.969970703125,2953.969970703125,3057.39990234375,2952.260009765625,3049.7900390625,0
2021-03-25,2959.8798828125,2959.8798828125,2971.760009765625,2881.010009765625,2902.429931640625,0
2021-03-26,3106.280029296875,3106.280029296875,3110.7099609375,2958.800048828125,2961.22998046875,0
2021-03-29,3054.6298828125,3054.6298828125,3085.6298828125,3021.97998046875,3077.14990234375,0
2021-03-30,3044.550048828125,3044.550048828125,3055.75,3013.27001953125,3034.800048828125,0
2021-03-31,3124.93994140625,3124.93994140625,3147.050048828125,3072.5400390625,3073.469970703125,0
2021-04-01,3240.169921875,3240.169921875,3242.330078125,3180.47998046875,3187.2900390625,0
2021-04-05,3305.429931640625,3305.429931640625,3314.159912109375,3255.280029296875,3282.909912109375,0
2021-04-06,3266.10009765625,3266.10009765625,3304.47998046875,3236.860107421875,3283.4599609375,0
2021-04-07,3266.4599609375,3266.4599609375,3281.39990234375,3241.06005859375,3259.260009765625,0
2021-04-08,3301.260009765625,3301.260009765625,3304.5400390625,3274.0400390625,3301.419921875,0
2021-04-09,3294.530029296875,3294.530029296875,3295.760009765625,3262.929931640625,3272.389892578125,0
2021-04-12,3258.330078125,3258.330078125,3274.610107421875,3231.1298828125,3273.60009765625,0
2021-04-13,3252.699951171875,3252.699951171875,3284.85009765625,3223.4599609375,3275.52001953125,0
2021-04-14,3213.8798828125,3213.8798828125,3268.8701171875,3200.4599609375,3244.56005859375,0
2021-04-15,3271.330078125,3271.330078125,3276.56005859375,3226.10009765625,3250.31005859375,0
2021-04-16,3253.080078125,3253.080078125,3275.590087890625,3248.4599609375,3274.14990234375,0
2021-04-19,3171.0,3171.0,3240.949951171875,3141.199951171875,3228.010009765625,0
2021-04-20,3121.429931640625,3121.429931640625,3171.169921875,3106.18994140625,3158.860107421875,0
2021-04-21,3207.25,3207.25,3209.280029296875,3113.739990234375,3128.22998046875,0
2021-04-22,3133.169921875,3133.169921875,3206.889892578125,3119.010009765625,3203.85009765625,0
2021-04-23,3196.97998046875,3196.97998046875,3207.330078125,3145.75,3147.10009765625,0
2021-04-26,3250.260009765625,3250.260009765625,3256.169921875,3195.3701171875,3199.510009765625,0
2021-04-27,3225.610107421875,3225.610107421875,3266.25,3220.340087890625,3266.25,0
2021-04-28,3178.489990234375,3178.489990234375,3208.60009765625,3175.610107421875,3208.60009765625,0
2021-04-29,3202.5,3202.5,3222.2900390625,3153.97998046875,3218.360107421875,0
2021-04-30,3108.989990234375,3108.989990234375,3169.3798828125,3101.3798828125,3145.510009765625,0
2021-05-03,3073.3798828125,3073.3798828125,3134.06005859375,3060.0,3130.06005859375,0
2021-05-04,3024.31005859375,3024.31005859375,3036.10009765625,2969.1201171875,3029.300048828125,0
2021-05-05,3042.8798828125,3042.8798828125,3080.68994140625,3022.699951171875,3063.239990234375,0
2021-05-06,3066.219970703125,3066.219970703125,3068.530029296875,3002.739990234375,3032.550048828125,0
2021-05-07,3112.030029296875,3112.030029296875,3129.8701171875,3085.739990234375,3103.949951171875,0
2021-05-10,2967.110107421875,2967.110107421875,3078.389892578125,2965.419921875,3077.280029296875,0
2021-05-11,2976.010009765625,2976.010009765625,2982.840087890625,2872.31005859375,2876.27001953125,0
2021-05-12,2851.14990234375,2851.14990234375,2926.860107421875,2842.330078125,2906.43994140625,0
2021-05-13,2893.93994140625,2893.93994140625,2934.449951171875,2862.8798828125,2899.800048828125,0
2021-05-14,2981.419921875,2981.419921875,3006.139892578125,2907.39990234375,2932.0400390625,0
2021-05-17,2954.6298828125,2954.6298828125,2955.610107421875,2904.25,2946.81005859375,0
2021-05-18,2929.14990234375,2929.14990234375,2985.929931640625,2927.340087890625,2977.860107421875,0
2021-05-19,2987.280029296875,2987.280029296875,2989.820068359375,2862.679931640625,2864.35009765625,0
2021-05-20,3066.110107421875,3066.110107421875,3078.300048828125,3009.97998046875,3010.7900390625,0
2021-05-21,3052.10009765625,3052.10009765625,3086.830078125,3044.89990234375,3085.669921875,0
2021-05-24,3122.97998046875,3122.97998046875,3141.81005859375,3079.669921875,3082.43994140625,0
2021-05-25,3134.669921875,3134.669921875,3157.7900390625,3117.27001953125,3145.669921875,0
2021-05-26,3140.97998046875,3140.97998046875,3156.77001953125,3115.219970703125,3135.89990234375,0
2021-05-27,3159.27001953125,3159.27001953125,3170.860107421875,3130.639892578125,3134.2099609375,0
2021-05-28,3186.56005859375,3186.56005859375,3200.35009765625,3163.77001953125,3172.52001953125,0
2021-06-01,3174.320068359375,3174.320068359375,3233.889892578125,3160.35009765625,3210.10009765625,0
2021-06-02,3196.97998046875,3196.97998046875,3206.820068359375,3163.7900390625,3167.7099609375,0
2021-06-03,3139.18994140625,3139.18994140625,3171.780029296875,3126.9599609375,3161.1298828125,0
2021-06-04,3214.139892578125,3214.139892578125,3221.780029296875,3170.110107421875,3170.110107421875,0
2021-06-07,3191.659912109375,3191.659912109375,3205.300048828125,3172.52001953125,3199.10009765625,0
2021-06-08,3171.219970703125,3171.219970703125,3221.449951171875,3150.260009765625,3221.449951171875,0
2021-06-09,3158.47998046875,3158.47998046875,3190.659912109375,3157.820068359375,3183.409912109375,0
2021-06-10,3196.2099609375,3196.2099609375,3205.77001953125,3156.800048828125,3165.199951171875,0
2021-06-11,3210.06005859375,3210.06005859375,3210.27001953125,3186.260009765625,3198.889892578125,0
2021-06-14,3255.340087890625,3255.340087890625,3255.590087890625,3199.969970703125,3213.56005859375,0
2021-06-15,3225.97998046875,3225.97998046875,3265.56005859375,3218.22998046875,3248.1298828125,0
2021-06-16,3201.010009765625,3201.010009765625,3246.320068359375,3173.5400390625,3237.010009765625,0
2021-06-17,3231.7099609375,3231.7099609375,3255.31005859375,3189.1298828125,3189.25,0
2021-06-18,3152.81005859375,3152.81005859375,3210.969970703125,3137.590087890625,3205.7900390625,0
2021-06-21,3171.989990234375,3171.989990234375,3174.8701171875,3132.919921875,3153.199951171875,0
2021-06-22,3185.429931640625,3185.429931640625,3192.550048828125,3155.080078125,3166.6201171875,0
2021-06-23,3197.219970703125,3197.219970703125,3214.7099609375,3191.530029296875,3191.570068359375,0
2021-06-24,3253.800048828125,3253.800048828125,3258.43994140625,3226.030029296875,3228.7099609375,0
2021-06-25,3241.47998046875,3241.47998046875,3270.2099609375,3233.64990234375,3263.449951171875,0
2021-06-28,3323.139892578125,3323.139892578125,3333.679931640625,3274.06005859375,3274.389892578125,0
2021-06-29,3348.8701171875,3348.8701171875,3349.989990234375,3304.989990234375,3321.550048828125,0
2021-06-30,3345.31005859375,3345.31005859375,3350.969970703125,3326.080078125,3346.570068359375,0
2021-07-01,3295.06005859375,3295.06005859375,3340.159912109375,3288.909912109375,3336.1298828125,0
2021-07-02,3315.830078125,3315.830078125,3323.60009765625,3289.419921875,3323.159912109375,0
2021-07-06,3307.919921875,3307.919921875,3335.929931640625,3268.139892578125,3327.010009765625,0
2021-07-07,3261.72998046875,3261.72998046875,3331.330078125,3250.52001953125,3331.330078125,0
2021-07-08,3222.81005859375,3222.81005859375,3239.3701171875,3172.409912109375,3185.5400390625,0
2021-07-09,3278.389892578125,3278.389892578125,3282.320068359375,3212.7099609375,3229.469970703125,0
2021-07-12,3319.0,3319.0,3319.93994140625,3281.639892578125,3292.639892578125,0
2021-07-13,3300.81005859375,3300.81005859375,3319.10009765625,3289.68994140625,3309.590087890625,0
2021-07-14,3289.179931640625,3289.179931640625,3357.97998046875,3283.68994140625,3338.050048828125,0
2021-07-15,3217.739990234375,3217.739990234375,3272.340087890625,3196.1201171875,3271.409912109375,0
2021-07-16,3145.449951171875,3145.449951171875,3243.820068359375,3141.409912109375,3231.10009765625,0
2021-07-19,3147.510009765625,3147.510009765625,3150.0,3088.330078125,3094.840087890625,0
2021-07-20,3190.949951171875,3190.949951171875,3212.239990234375,3122.1201171875,3155.639892578125,0
2021-07-21,3288.75,3288.75,3289.199951171875,3204.60009765625,3205.93994140625,0
2021-07-22,3259.419921875,3259.419921875,3282.610107421875,3240.659912109375,3268.43994140625,0
2021-07-23,3280.06005859375,3280.06005859375,3281.31005859375,3239.320068359375,3273.340087890625,0
2021-07-26,3276.919921875,3276.919921875,3286.860107421875,3256.929931640625,3268.669921875,0
2021-07-27,3215.969970703125,3215.969970703125,3261.659912109375,3152.580078125,3258.989990234375,0
2021-07-28,3272.449951171875,3272.449951171875,3283.159912109375,3216.97998046875,3230.139892578125,0
2021-07-29,3333.239990234375,3333.239990234375,3339.8701171875,3280.409912109375,3286.360107421875,0
2021-07-30,3356.530029296875,3356.530029296875,3361.169921875,3304.510009765625,3304.510009765625,0
2021-08-02,3377.489990234375,3377.489990234375,3420.31005859375,3370.830078125,3388.5,0
2021-08-03,3396.659912109375,3396.659912109375,3397.7900390625,3340.39990234375,3382.1201171875,0
2021-08-04,3436.89990234375,3436.89990234375,3450.3701171875,3405.7099609375,3415.139892578125,0
2021-08-05,3424.4599609375,3424.4599609375,3451.409912109375,3408.409912109375,3447.2099609375,0
2021-08-06,3412.050048828125,3412.050048828125,3427.570068359375,3403.469970703125,3404.39990234375,0
2021-08-09,3399.760009765625,3399.760009765625,3428.110107421875,3387.570068359375,3424.419921875,0
2021-08-10,3358.8701171875,3358.8701171875,3409.449951171875,3337.639892578125,3406.47998046875,0
2021-08-11,3350.929931640625,3350.929931640625,3373.389892578125,3310.010009765625,3370.389892578125,0
2021-08-12,3312.9599609375,3312.9599609375,3328.550048828125,3287.0400390625,3328.550048828125,0
2021-08-13,3335.0400390625,3335.0400390625,3337.610107421875,3305.81005859375,3308.77001953125,0
2021-08-16,3322.639892578125,3322.639892578125,3331.739990234375,3298.199951171875,3323.77001953125,0
2021-08-17,3256.820068359375,3256.820068359375,3288.02001953125,3228.889892578125,3288.02001953125,0
2021-08-18,3208.830078125,3208.830078125,3269.14990234375,3205.97998046875,3245.659912109375,0
2021-08-19,3235.8701171875,3235.8701171875,3252.6298828125,3166.830078125,3192.22998046875,0
2021-08-20,3256.5,3256.5,3263.469970703125,3218.550048828125,3245.219970703125,0
2021-08-23,3342.010009765625,3342.010009765625,3346.159912109375,3287.360107421875,3287.679931640625,0
2021-08-24,3345.389892578125,3345.389892578125,3363.419921875,3338.919921875,3347.830078125,0
2021-08-25,3372.550048828125,3372.550048828125,3393.89990234375,3363.25,3365.199951171875,0
2021-08-26,3370.389892578125,3370.389892578125,3385.469970703125,3346.830078125,3368.360107421875,0
2021-08-27,3436.449951171875,3436.449951171875,3441.780029296875,3373.5,3373.5,0
2021-08-30,3446.43994140625,3446.43994140625,3477.929931640625,3433.8798828125,3460.800048828125,0
2021-08-31,3417.719970703125,3417.719970703125,3446.580078125,3391.1201171875,3446.469970703125,0
2021-09-01,3399.949951171875,3399.949951171875,3433.010009765625,3398.6298828125,3431.0,0
2021-09-02,3411.320068359375,3411.320068359375,3420.010009765625,3396.949951171875,3413.35009765625,0
2021-09-03,3430.889892578125,3430.889892578125,3445.39990234375,3401.760009765625,3405.030029296875,0
2021-09-07,3419.72998046875,3419.72998046875,3432.989990234375,3401.889892578125,3432.199951171875,0
2021-09-08,3377.679931640625,3377.679931640625,3411.75,3350.260009765625,3409.510009765625,0
2021-09-09,3390.840087890625,3390.840087890625,3410.06005859375,3379.830078125,3381.570068359375,0
2021-09-10,3416.659912109375,3416.659912109375,3468.679931640625,3415.159912109375,3425.3701171875,0
2021-09-13,3449.679931640625,3449.679931640625,3458.070068359375,3405.340087890625,3450.580078125,0
2021-09-14,3449.389892578125,3449.389892578125,3475.780029296875,3433.510009765625,3464.7099609375,0
2021-09-15,3465.760009765625,3465.760009765625,3466.52001953125,3421.56005859375,3451.239990234375,0
2021-09-16,3473.60009765625,3473.60009765625,3484.18994140625,3427.85009765625,3437.280029296875,0
2021-09-17,3421.159912109375,3421.159912109375,3457.77001953125,3403.139892578125,3457.77001953125,0
2021-09-20,3338.22998046875,3338.22998046875,3360.030029296875,3289.409912109375,3341.280029296875,0
2021-09-21,3345.030029296875,3345.030029296875,3368.3798828125,3313.85009765625,3363.35009765625,0
2021-09-22,3412.02001953125,3412.02001953125,3420.739990234375,3357.6201171875,3374.22998046875,0
2021-09-23,3457.449951171875,3457.449951171875,3468.739990234375,3418.0,3426.280029296875,0
2021-09-24,3453.919921875,3453.919921875,3461.280029296875,3426.080078125,3431.139892578125,0
2021-09-27,3445.43994140625,3445.43994140625,3458.22998046875,3399.080078125,3418.1201171875,0
2021-09-28,3314.389892578125,3314.389892578125,3398.10009765625,3313.75,3378.110107421875,0
2021-09-29,3263.840087890625,3263.840087890625,3329.889892578125,3257.2099609375,3318.330078125,0
2021-09-30,3258.090087890625,3258.090087890625,3311.409912109375,3257.739990234375,3293.72998046875,0
2021-10-01,3261.179931640625,3261.179931640625,3277.580078125,3208.550048828125,3275.280029296875,0
2021-10-04,3180.06005859375,3180.06005859375,3246.419921875,3170.469970703125,3240.89990234375,0
2021-10-05,3227.25,3227.25,3249.010009765625,3191.14990234375,3204.72998046875,0
2021-10-06,3238.7900390625,3238.7900390625,3242.3798828125,3182.6201171875,3191.510009765625,0
2021-10-07,3274.47998046875,3274.47998046875,3319.3798828125,3271.18994140625,3281.02001953125,0
2021-10-08,3246.27001953125,3246.27001953125,3289.5,3241.8701171875,3288.580078125,0
2021-10-11,3221.22998046875,3221.22998046875,3274.39990234375,3219.949951171875,3232.820068359375,0
2021-10-12,3178.14990234375,3178.14990234375,3242.889892578125,3165.35009765625,3240.780029296875,0
2021-10-13,3192.75,3192.75,3211.969970703125,3183.5,3203.659912109375,0
2021-10-14,3291.239990234375,3291.239990234375,3292.090087890625,3243.14990234375,3245.8701171875,0
2021-10-15,3314.409912109375,3314.409912109375,3325.31005859375,3299.550048828125,3316.5400390625,0
2021-10-18,3338.780029296875,3338.780029296875,3340.840087890625,3276.699951171875,3287.419921875,0
2021-10-19,3381.449951171875,3381.449951171875,3381.699951171875,3331.989990234375,3343.1298828125,0
2021-10-20,3374.219970703125,3374.219970703125,3387.97998046875,3363.340087890625,3380.3798828125,0
2021-10-21,3412.050048828125,3412.050048828125,3414.97998046875,3353.8701171875,3353.949951171875,0
2021-10-22,3370.280029296875,3370.280029296875,3427.1298828125,3366.6298828125,3393.139892578125,0
2021-10-25,3392.389892578125,3392.389892578125,3412.39990234375,3377.969970703125,3384.93994140625,0
2021-10-26,3392.9599609375,3392.9599609375,3427.89990234375,3381.14990234375,3420.330078125,0
2021-10-27,3360.2900390625,3360.2900390625,3399.1298828125,3353.780029296875,3365.110107421875,0
2021-10-28,3438.830078125,3438.830078125,3440.580078125,3402.969970703125,3406.300048828125,0
2021-10-29,3451.27001953125,3451.27001953125,3452.830078125,3404.14990234375,3407.47998046875,0
2021-11-01,3506.280029296875,3506.280029296875,3507.56005859375,3451.679931640625,3459.570068359375,0
2021-11-02,3548.860107421875,3548.860107421875,3549.760009765625,3510.25,3510.25,0
2021-11-03,3590.169921875,3590.169921875,3592.760009765625,3540.0,3552.7099609375,0
2021-11-04,3715.760009765625,3715.760009765625,3728.080078125,3617.090087890625,3633.110107421875,0
2021-11-05,3756.550048828125,3756.550048828125,3789.590087890625,3725.320068359375,3738.889892578125,0
2021-11-08,3803.330078125,3803.330078125,3824.320068359375,3766.47998046875,3781.1298828125,0
2021-11-09,3800.570068359375,3800.570068359375,3838.6201171875,3767.030029296875,3830.77001953125,0
2021-11-10,3693.02001953125,3693.02001953125,3783.06005859375,3676.6201171875,3727.590087890625,0
2021-11-11,3764.489990234375,3764.489990234375,3772.070068359375,3723.169921875,3740.360107421875,0
2021-11-12,3794.5,3794.5,3812.340087890625,3754.669921875,3770.52001953125,0
2021-11-15,3793.75,3793.75,3823.6201171875,3760.10009765625,3817.10009765625,0
2021-11-16,3859.39990234375,3859.39990234375,3866.72998046875,3774.070068359375,3781.909912109375,0
2021-11-17,3831.43994140625,3831.43994140625,3856.5,3813.580078125,3851.31005859375,0
2021-11-18,3899.9599609375,3899.9599609375,3916.919921875,3861.93994140625,3904.2900390625,0
2021-11-19,3912.02001953125,3912.02001953125,3936.989990234375,3879.860107421875,3895.64990234375,0
2021-11-22,3847.1201171875,3847.1201171875,3982.1201171875,3843.889892578125,3928.0,0
2021-11-23,3834.429931640625,3834.429931640625,3869.860107421875,3773.43994140625,3836.68994140625,0
2021-11-24,3870.010009765625,3870.010009765625,3871.590087890625,3765.68994140625,3800.050048828125,0
2021-11-26,3757.1298828125,3757.1298828125,3833.050048828125,3735.929931640625,3799.550048828125,0
2021-11-29,3910.5400390625,3910.5400390625,3914.699951171875,3806.360107421875,3827.409912109375,0
2021-11-30,3833.219970703125,3833.219970703125,3924.7900390625,3804.60009765625,3893.010009765625,0
2021-12-01,3810.75,3810.75,3958.719970703125,3806.330078125,3896.090087890625,0
2021-12-02,3810.820068359375,3810.820068359375,3838.639892578125,3742.5400390625,3758.199951171875,0
2021-12-03,3804.5400390625,3804.5400390625,3902.860107421875,3762.070068359375,3874.52001953125,0
2021-12-06,3800.070068359375,3800.070068359375,3814.330078125,3687.8701171875,3797.590087890625,0
2021-12-07,3988.75,3988.75,4002.159912109375,3892.320068359375,3892.320068359375,0
2021-12-08,3964.43994140625,3964.43994140625,3973.419921875,3928.159912109375,3954.260009765625,0
2021-12-09,3879.52001953125,3879.52001953125,3981.93994140625,3877.080078125,3936.340087890625,0
2021-12-10,3914.669921875,3914.669921875,3967.97998046875,3871.889892578125,3952.39990234375,0
2021-12-13,3814.429931640625,3814.429931640625,3936.7099609375,3811.050048828125,3931.030029296875,0
2021-12-14,3794.409912109375,3794.409912109375,3814.6201171875,3746.43994140625,3768.06005859375,0
2021-12-15,3934.4599609375,3934.4599609375,3939.860107421875,3757.280029296875,3805.409912109375,0
2021-12-16,3766.320068359375,3766.320068359375,3961.989990234375,3748.1298828125,3961.550048828125,0
2021-12-17,3761.0400390625,3761.0400390625,3814.830078125,3721.169921875,3733.659912109375,0
2021-12-20,3732.389892578125,3732.389892578125,3755.3701171875,3689.3798828125,3707.39990234375,0
2021-12-21,3857.300048828125,3857.300048828125,3861.77001953125,3760.06005859375,3818.570068359375,0
2021-12-22,3891.919921875,3891.919921875,3892.77001953125,3817.219970703125,3836.5400390625,0
2021-12-23,3932.389892578125,3932.389892578125,3955.5400390625,3906.820068359375,3906.820068359375,0
2021-12-27,4039.510009765625,4039.510009765625,4040.6298828125,3945.989990234375,3945.989990234375,0
2021-12-28,3992.18994140625,3992.18994140625,4054.989990234375,3977.719970703125,4052.830078125,0
2021-12-29,3999.35009765625,3999.35009765625,4023.989990234375,3979.18994140625,3995.4599609375,0
2021-12-30,3952.0400390625,3952.0400390625,4008.68994140625,3945.760009765625,3996.43994140625,0
2021-12-31,3946.169921875,3946.169921875,3987.550048828125,3944.820068359375,3960.4599609375,0
2022-01-03,4027.219970703125,4027.219970703125,4027.89990234375,3961.2900390625,3974.31005859375,0
2022-01-04,4009.0,4009.0,4068.14990234375,3918.409912109375,4045.3701171875,0
2022-01-05,3879.8701171875,3879.8701171875,4020.5,3876.840087890625,3988.60009765625,0
2022-01-06,3909.0400390625,3909.0400390625,3926.989990234375,3839.080078125,3872.39990234375,0
2022-01-07,3796.320068359375,3796.320068359375,3917.820068359375,3786.429931640625,3912.18994140625,0
2022-01-10,3805.389892578125,3805.389892578125,3810.300048828125,3676.77001953125,3738.18994140625,0
2022-01-11,3875.43994140625,3875.43994140625,3879.0,3767.820068359375,3785.580078125,0
2022-01-12,3901.2099609375,3901.2099609375,3937.9599609375,3866.14990234375,3915.610107421875,0
2022-01-13,3811.840087890625,3811.840087890625,3992.22998046875,3801.429931640625,3971.169921875,0
2022-01-14,3900.610107421875,3900.610107421875,3903.050048828125,3783.10009765625,3783.10009765625,0
2022-01-18,3727.239990234375,3727.239990234375,3840.949951171875,3720.159912109375,3840.780029296875,0
2022-01-19,3612.18994140625,3612.18994140625,3777.89990234375,3610.47998046875,3763.25,0
2022-01-20,3494.75,3494.75,3666.6201171875,3493.10009765625,3638.14990234375,0
2022-01-21,3434.7900390625,3434.7900390625,3567.10009765625,3429.8798828125,3466.18994140625,0
2022-01-24,3479.949951171875,3479.949951171875,3483.489990234375,3257.4599609375,3363.39990234375,0
2022-01-25,3350.85009765625,3350.85009765625,3432.2099609375,3335.699951171875,3387.93994140625,0
2022-01-26,3407.0,3407.0,3540.52001953125,3357.110107421875,3447.31005859375,0
2022-01-27,3244.0,3244.0,3422.909912109375,3236.199951171875,3422.909912109375,0
2022-01-28,3303.39990234375,3303.39990234375,3304.169921875,3147.47998046875,3237.489990234375,0
2022-01-31,3483.2099609375,3483.2099609375,3484.7099609375,3304.8798828125,3332.1298828125,0
2022-02-01,3510.860107421875,3510.860107421875,3515.47998046875,3422.360107421875,3504.659912109375,0
2022-02-02,3597.169921875,3597.169921875,3601.219970703125,3526.9599609375,3578.419921875,0
2022-02-03,3432.550048828125,3432.550048828125,3559.199951171875,3425.18994140625,3510.25,0
2022-02-04,3453.070068359375,3453.070068359375,3481.659912109375,3374.5,3420.429931640625,0
2022-02-07,3452.330078125,3452.330078125,3507.530029296875,3440.25,3470.489990234375,0
2022-02-08,3535.1298828125,3535.1298828125,3545.1298828125,3433.85009765625,3443.199951171875,0
2022-02-09,3653.719970703125,3653.719970703125,3655.280029296875,3543.719970703125,3590.699951171875,0
2022-02-10,3536.10009765625,3536.10009765625,3674.3701171875,3520.52001953125,3569.14990234375,0
2022-02-11,3365.25,3365.25,3568.830078125,3341.780029296875,3552.72998046875,0
2022-02-14,3370.199951171875,3370.199951171875,3433.080078125,3324.550048828125,3376.1201171875,0
2022-02-15,3554.449951171875,3554.449951171875,3559.77001953125,3433.0,3439.10009765625,0
2022-02-16,3555.68994140625,3555.68994140625,3567.0,3480.8701171875,3511.2099609375,0
2022-02-17,3422.60009765625,3422.60009765625,3512.0400390625,3420.85009765625,3509.090087890625,0
2022-02-18,3384.300048828125,3384.300048828125,3432.3798828125,3336.0,3429.419921875,0
2022-02-22,3356.070068359375,3356.070068359375,3436.280029296875,3307.31005859375,3347.219970703125,0
2022-02-23,3277.800048828125,3277.800048828125,3430.090087890625,3273.06005859375,3402.830078125,0
2022-02-24,3399.159912109375,3399.159912109375,3404.2099609375,3152.679931640625,3156.840087890625,0
2022-02-25,3452.669921875,3452.669921875,3454.919921875,3351.929931640625,3390.9599609375,0
2022-02-28,3429.530029296875,3429.530029296875,3460.800048828125,3364.080078125,3415.39990234375,0
2022-03-01,3304.85009765625,3304.85009765625,3435.080078125,3274.31005859375,3419.52001953125,0
2022-03-02,3416.159912109375,3416.159912109375,3436.070068359375,3330.6201171875,3335.580078125,0
2022-03-03,3339.760009765625,3339.760009765625,3425.590087890625,3322.699951171875,3424.02001953125,0
2022-03-04,3258.919921875,3258.919921875,3337.739990234375,3220.409912109375,3314.93994140625,0
2022-03-07,3098.929931640625,3098.929931640625,3285.679931640625,3097.760009765625,3273.070068359375,0
2022-03-08,3156.8701171875,3156.8701171875,3268.47998046875,3067.52001953125,3110.169921875,0
2022-03-09,3282.179931640625,3282.179931640625,3303.6298828125,3223.39990234375,3261.219970703125,0
2022-03-10,3211.070068359375,3211.070068359375,3223.330078125,3151.6201171875,3222.330078125,0
2022-03-11,3144.14990234375,3144.14990234375,3266.340087890625,3139.610107421875,3259.72998046875,0
2022-03-14,3047.5,3047.5,3150.030029296875,3030.070068359375,3140.22998046875,0
2022-03-15,3180.239990234375,3180.239990234375,3186.60009765625,3057.77001953125,3073.77001953125,0
2022-03-16,3340.070068359375,3340.070068359375,3340.85009765625,3202.3701171875,3232.97998046875,0
2022-03-17,3364.550048828125,3364.550048828125,3365.1298828125,3280.659912109375,3298.469970703125,0
2022-03-18,3432.300048828125,3432.300048828125,3443.679931640625,3324.719970703125,3338.0,0
2022-03-21,3423.239990234375,3423.239990234375,3450.4599609375,3365.25,3413.659912109375,0
2022-03-22,3445.85009765625,3445.85009765625,3485.22998046875,3417.110107421875,3421.93994140625,0
2022-03-23,3360.320068359375,3360.320068359375,3457.25,3359.3798828125,3411.679931640625,0
2022-03-24,3532.719970703125,3532.719970703125,3533.580078125,3384.300048828125,3398.010009765625,0
2022-03-25,3525.340087890625,3525.340087890625,3535.409912109375,3466.989990234375,3525.9599609375,0
2022-03-28,3547.169921875,3547.169921875,3548.5400390625,3450.93994140625,3501.7900390625,0
2022-03-29,3625.580078125,3625.580078125,3633.139892578125,3557.659912109375,3601.3701171875,0
2022-03-30,3508.6201171875,3508.6201171875,3611.199951171875,3493.68994140625,3605.260009765625,0
2022-03-31,3429.0,3429.0,3523.699951171875,3427.469970703125,3503.739990234375,0
2022-04-01,3366.639892578125,3366.639892578125,3455.800048828125,3317.8798828125,3454.070068359375,0
2022-04-04,3424.949951171875,3424.949951171875,3428.659912109375,3368.35009765625,3380.610107421875,0
2022-04-05,3269.820068359375,3269.820068359375,3400.590087890625,3264.3798828125,3396.449951171875,0
2022-04-06,3193.9599609375,3193.9599609375,3246.8798828125,3164.989990234375,3197.989990234375,0
2022-04-07,3197.43994140625,3197.43994140625,3226.7900390625,3134.3701171875,3188.89990234375,0
2022-04-08,3120.159912109375,3120.159912109375,3173.530029296875,3116.669921875,3164.93994140625,0
2022-04-11,3055.090087890625,3055.090087890625,3099.419921875,3052.139892578125,3067.97998046875,0
2022-04-12,3047.469970703125,3047.469970703125,3145.75,3035.93994140625,3124.320068359375,0
2022-04-13,3119.320068359375,3119.320068359375,3136.639892578125,3053.639892578125,3065.25,0
2022-04-14,3028.219970703125,3028.219970703125,3132.610107421875,3026.77001953125,3131.419921875,0
2022-04-18,3085.18994140625,3085.18994140625,3110.030029296875,3017.9599609375,3017.9599609375,0
2022-04-19,3153.22998046875,3153.22998046875,3157.52001953125,3057.429931640625,3073.320068359375,0
2022-04-20,3142.199951171875,3142.199951171875,3227.179931640625,3135.449951171875,3205.679931640625,0
2022-04-21,3058.739990234375,3058.739990234375,3216.7900390625,3046.68994140625,3185.820068359375,0
2022-04-22,2989.830078125,2989.830078125,3069.52001953125,2988.419921875,3054.6201171875,0
2022-04-25,3042.389892578125,3042.389892578125,3045.679931640625,2964.570068359375,2964.60009765625,0
2022-04-26,2909.1201171875,2909.1201171875,3006.909912109375,2908.1298828125,3006.909912109375,0
2022-04-27,2894.909912109375,2894.909912109375,2964.469970703125,2875.3701171875,2879.760009765625,0
2022-04-28,3056.360107421875,3056.360107421875,3087.0400390625,2919.5,2968.449951171875,0
2022-04-29,2919.739990234375,2919.739990234375,3065.719970703125,2916.1201171875,3006.489990234375,0
2022-05-02,3022.239990234375,3022.239990234375,3024.7900390625,2905.43994140625,2935.9599609375,0
2022-05-03,3044.889892578125,3044.889892578125,3067.409912109375,2994.949951171875,3012.219970703125,0
2022-05-04,3163.7900390625,3163.7900390625,3166.699951171875,2974.7099609375,3071.169921875,0
2022-05-05,3005.530029296875,3005.530029296875,3105.5,2965.72998046875,3103.590087890625,0
2022-05-06,2982.06005859375,2982.06005859375,3044.820068359375,2926.090087890625,2990.4599609375,0
2022-05-09,2829.10009765625,2829.10009765625,2949.919921875,2817.2099609375,2918.419921875,0
2022-05-10,2900.1298828125,2900.1298828125,2948.639892578125,2834.860107421875,2918.60009765625,0
2022-05-11,2811.93994140625,2811.93994140625,2937.389892578125,2806.989990234375,2872.909912109375,0
2022-05-12,2827.2099609375,2827.2099609375,2851.75,2754.699951171875,2781.840087890625,0
2022-05-13,2970.3701171875,2970.3701171875,2988.330078125,2863.409912109375,2880.0,0
2022-05-16,2920.06005859375,2920.06005859375,2967.77001953125,2912.239990234375,2929.860107421875,0
2022-05-17,3066.5,3066.5,3071.56005859375,2990.31005859375,3007.47998046875,0
2022-05-18,2907.9599609375,2907.9599609375,3054.81005859375,2897.93994140625,3012.02001953125,0
2022-05-19,2890.330078125,2890.330078125,2960.1298828125,2867.1298828125,2901.050048828125,0
2022-05-20,2882.64990234375,2882.64990234375,2939.469970703125,2758.75,2937.699951171875,0
2022-05-23,2898.429931640625,2898.429931640625,2904.169921875,2844.090087890625,2861.340087890625,0
2022-05-24,2827.050048828125,2827.050048828125,2863.510009765625,2797.89990234375,2853.7099609375,0
2022-05-25,2882.929931640625,2882.929931640625,2905.93994140625,2809.739990234375,2812.06005859375,0
2022-05-26,2994.610107421875,2994.610107421875,3006.22998046875,2848.489990234375,2849.969970703125,0
2022-05-27,3115.35009765625,3115.35009765625,3120.889892578125,3046.699951171875,3048.110107421875,0
2022-05-31,3098.68994140625,3098.68994140625,3126.860107421875,3052.659912109375,3110.090087890625,0
2022-06-01,3049.030029296875,3049.030029296875,3130.10009765625,3011.179931640625,3117.300048828125,0
2022-06-02,3157.97998046875,3157.97998046875,3158.6201171875,3036.97998046875,3041.97998046875,0
2022-06-03,3062.590087890625,3062.590087890625,3103.360107421875,3047.89990234375,3080.5400390625,0
2022-06-06,3062.739990234375,3062.739990234375,3132.419921875,3047.179931640625,3121.93994140625,0
2022-06-07,3092.969970703125,3092.969970703125,3098.75,3007.969970703125,3025.919921875,0
2022-06-08,3019.10009765625,3019.10009765625,3082.3798828125,3000.4599609375,3069.760009765625,0
2022-06-09,2937.7900390625,2937.7900390625,3047.719970703125,2937.39990234375,2995.780029296875,0
2022-06-10,2831.97998046875,2831.97998046875,2911.760009765625,2828.4599609375,2894.7099609375,0
2022-06-13,2673.0,2673.0,2765.429931640625,2665.639892578125,2742.14990234375,0
2022-06-14,2689.889892578125,2689.889892578125,2713.5,2658.409912109375,2707.27001953125,0
2022-06-15,2737.550048828125,2737.550048828125,2780.639892578125,2674.02001953125,2726.070068359375,0
2022-06-16,2566.860107421875,2566.860107421875,2655.090087890625,2537.68994140625,2648.22998046875,0
2022-06-17,2578.5400390625,2578.5400390625,2598.56005859375,2523.199951171875,2581.719970703125,0
2022-06-21,2649.3701171875,2649.3701171875,2685.010009765625,2633.56005859375,2638.469970703125,0
2022-06-22,2619.7099609375,2619.7099609375,2658.760009765625,2602.89990234375,2603.60009765625,0
2022-06-23,2602.739990234375,2602.739990234375,2636.820068359375,2563.679931640625,2633.010009765625,0
2022-06-24,2718.469970703125,2718.469970703125,2719.530029296875,2639.43994140625,2639.77001953125,0
2022-06-27,2713.47998046875,2713.47998046875,2749.659912109375,2692.780029296875,2745.760009765625,0
2022-06-28,2642.070068359375,2642.070068359375,2758.52001953125,2640.800048828125,2724.47998046875,0
2022-06-29,2583.97998046875,2583.97998046875,2610.679931640625,2553.530029296875,2604.97998046875,0
2022-06-30,2556.25,2556.25,2602.550048828125,2514.419921875,2548.639892578125,0
2022-07-01,2458.4599609375,2458.4599609375,2524.030029296875,2429.89990234375,2512.10009765625,0
2022-07-05,2477.639892578125,2477.639892578125,2478.260009765625,2386.669921875,2391.81005859375,0
2022-07-06,2494.110107421875,2494.110107421875,2520.830078125,2456.22998046875,2477.320068359375,0
2022-07-07,2605.889892578125,2605.889892578125,2616.43994140625,2555.3798828125,2560.199951171875,0
2022-07-08,2618.02001953125,2618.02001953125,2632.340087890625,2561.280029296875,2567.179931640625,0
2022-07-11,2553.68994140625,2553.68994140625,2588.02001953125,2538.97998046875,2575.739990234375,0
2022-07-12,2558.169921875,2558.169921875,2588.3798828125,2542.5400390625,2583.219970703125,0
2022-07-13,2577.360107421875,2577.360107421875,2594.969970703125,2504.989990234375,2507.85009765625,0
2022-07-14,2626.919921875,2626.919921875,2636.6298828125,2529.550048828125,2566.739990234375,0
2022-07-15,2693.77001953125,2693.77001953125,2694.969970703125,2626.0,2658.219970703125,0
2022-07-18,2679.570068359375,2679.570068359375,2754.9599609375,2665.179931640625,2731.56005859375,0
2022-07-19,2803.139892578125,2803.139892578125,2813.77001953125,2717.81005859375,2724.340087890625,0
2022-07-20,2872.9599609375,2872.9599609375,2883.52001953125,2777.340087890625,2792.780029296875,0
2022-07-21,2916.81005859375,2916.81005859375,2918.22998046875,2845.639892578125,2884.18994140625,0
2022-07-22,2842.409912109375,2842.409912109375,2906.52001953125,2820.22998046875,2904.949951171875,0
2022-07-25,2825.030029296875,2825.030029296875,2827.949951171875,2781.669921875,2822.22998046875,0
2022-07-26,2778.9599609375,2778.9599609375,2822.760009765625,2771.739990234375,2808.0,0
2022-07-27,2911.0,2911.0,2930.6298828125,2822.97998046875,2835.139892578125,0
2022-07-28,2944.5,2944.5,2950.25,2853.39990234375,2912.760009765625,0
2022-07-29,2967.139892578125,2967.139892578125,2975.330078125,2892.510009765625,2895.320068359375,0
2022-08-01,2978.320068359375,2978.320068359375,3006.739990234375,2929.39990234375,2942.760009765625,0
2022-08-02,2974.75,2974.75,3021.570068359375,2936.429931640625,2951.080078125,0
2022-08-03,3053.4599609375,3053.4599609375,3060.47998046875,2970.510009765625,2972.590087890625,0
2022-08-04,3081.409912109375,3081.409912109375,3087.449951171875,3037.9599609375,3041.010009765625,0
2022-08-05,3053.389892578125,3053.389892578125,3077.449951171875,3010.06005859375,3027.8701171875,0
2022-08-08,3004.340087890625,3004.340087890625,3041.159912109375,2961.320068359375,3002.52001953125,0
2022-08-09,2866.89990234375,2866.89990234375,2937.6201171875,2832.610107421875,2928.179931640625,0
2022-08-10,2988.7099609375,2988.7099609375,2990.64990234375,2905.43994140625,2942.820068359375,0
2022-08-11,2978.699951171875,2978.699951171875,3067.030029296875,2975.080078125,3008.489990234375,0
2022-08-12,3067.840087890625,3067.840087890625,3072.320068359375,2992.5,2998.760009765625,0
2022-08-15,3077.330078125,3077.330078125,3084.860107421875,3032.530029296875,3052.860107421875,0
2022-08-16,3045.639892578125,3045.639892578125,3074.610107421875,3013.2900390625,3059.27001953125,0
2022-08-17,2970.1201171875,2970.1201171875,3000.409912109375,2931.860107421875,2999.8701171875,0
2022-08-18,3037.840087890625,3037.840087890625,3058.56005859375,2967.14990234375,2974.199951171875,0
2022-08-19,2953.340087890625,2953.340087890625,3008.64990234375,2941.6298828125,2991.8701171875,0
2022-08-22,2843.3701171875,2843.3701171875,2903.0400390625,2833.6201171875,2891.659912109375,0
2022-08-23,2864.31005859375,2864.31005859375,2901.889892578125,2849.919921875,2852.2099609375,0
2022-08-24,2866.179931640625,2866.179931640625,2875.300048828125,2833.60009765625,2855.3701171875,0
2022-08-25,2971.070068359375,2971.070068359375,2973.1298828125,2873.010009765625,2873.429931640625,0
2022-08-26,2798.43994140625,2798.43994140625,2966.52001953125,2797.590087890625,2958.47998046875,0
2022-08-29,2744.5,2744.5,2801.590087890625,2741.199951171875,2776.5400390625,0
2022-08-30,2708.6298828125,2708.6298828125,2770.0400390625,2678.77001953125,2770.0400390625,0
2022-08-31,2677.389892578125,2677.389892578125,2718.1298828125,2656.969970703125,2711.840087890625,0
2022-09-01,2625.949951171875,2625.949951171875,2629.22998046875,2548.169921875,2608.22998046875,0
2022-09-02,2599.260009765625,2599.260009765625,2686.02001953125,2587.89990234375,2670.330078125,0
2022-09-06,2571.469970703125,2571.469970703125,2612.27001953125,2550.989990234375,2596.1201171875,0
2022-09-07,2611.5,2611.5,2631.409912109375,2560.449951171875,2578.75,0
2022-09-08,2658.179931640625,2658.179931640625,2664.2099609375,2571.1298828125,2579.780029296875,0
2022-09-09,2721.77001953125,2721.77001953125,2732.52001953125,2693.070068359375,2693.280029296875,0
2022-09-12,2731.090087890625,2731.090087890625,2745.489990234375,2701.530029296875,2725.449951171875,0
2022-09-13,2562.27001953125,2562.27001953125,2647.97998046875,2555.969970703125,2626.2900390625,0
2022-09-14,2591.510009765625,2591.510009765625,2607.389892578125,2554.0,2583.090087890625,0
2022-09-15,2549.5400390625,2549.5400390625,2601.1201171875,2530.530029296875,2570.3798828125,0
2022-09-16,2563.139892578125,2563.139892578125,2565.419921875,2504.8701171875,2524.7099609375,0
2022-09-19,2577.93994140625,2577.93994140625,2586.89990234375,2533.3701171875,2533.60009765625,0
2022-09-20,2539.5,2539.5,2563.489990234375,2522.989990234375,2557.010009765625,0
2022-09-21,2514.9599609375,2514.9599609375,2625.4599609375,2514.4599609375,2545.010009765625,0
2022-09-22,2444.25,2444.25,2507.97998046875,2431.7900390625,2500.1201171875,0
2022-09-23,2408.89990234375,2408.89990234375,2423.1201171875,2369.4599609375,2417.719970703125,0
2022-09-26,2373.469970703125,2373.469970703125,2439.929931640625,2372.18994140625,2407.7099609375,0
2022-09-27,2398.0400390625,2398.0400390625,2435.31005859375,2362.580078125,2422.77001953125,0
2022-09-28,2427.260009765625,2427.260009765625,2437.360107421875,2369.22998046875,2376.199951171875,0
2022-09-29,2347.360107421875,2347.360107421875,2386.1201171875,2313.080078125,2385.5400390625,0
2022-09-30,2306.699951171875,2306.699951171875,2380.68994140625,2306.64990234375,2324.610107421875,0
2022-10-03,2393.320068359375,2393.320068359375,2415.639892578125,2321.18994140625,2343.080078125,0
2022-10-04,2500.110107421875,2500.110107421875,2503.68994140625,2460.489990234375,2472.2099609375,0
2022-10-05,2523.610107421875,2523.610107421875,2543.89990234375,2435.159912109375,2458.010009765625,0
2022-10-06,2508.840087890625,2508.840087890625,2563.280029296875,2502.89990234375,2520.199951171875,0
2022-10-07,2356.75,2356.75,2440.090087890625,2344.919921875,2428.2099609375,0
2022-10-10,2275.340087890625,2275.340087890625,2347.219970703125,2247.56005859375,2346.7900390625,0
2022-10-11,2218.489990234375,2218.489990234375,2262.260009765625,2188.93994140625,2233.0400390625,0
2022-10-12,2198.60009765625,2198.60009765625,2224.7900390625,2190.110107421875,2218.43994140625,0
2022-10-13,2263.239990234375,2263.239990234375,2299.669921875,2089.820068359375,2103.699951171875,0
2022-10-14,2162.320068359375,2162.320068359375,2286.949951171875,2158.800048828125,2281.679931640625,0
2022-10-17,2211.659912109375,2211.659912109375,2241.590087890625,2194.39990234375,2232.550048828125,0
2022-10-18,2220.9599609375,2220.9599609375,2296.469970703125,2183.169921875,2288.77001953125,0
2022-10-19,2237.739990234375,2237.739990234375,2258.75,2200.89990234375,2209.6298828125,0
2022-10-20,2253.219970703125,2253.219970703125,2320.909912109375,2240.909912109375,2251.1298828125,0
2022-10-21,2336.68994140625,2336.68994140625,2339.89990234375,2238.1201171875,2253.3701171875,0
2022-10-24,2351.550048828125,2351.550048828125,2360.4599609375,2294.31005859375,2343.5,0
2022-10-25,2404.68994140625,2404.68994140625,2420.47998046875,2359.43994140625,2359.43994140625,0
2022-10-26,2376.330078125,2376.330078125,2433.64990234375,2343.68994140625,2351.14990234375,0
2022-10-27,2340.60009765625,2340.60009765625,2430.780029296875,2338.3798828125,2419.080078125,0
2022-10-28,2433.659912109375,2433.659912109375,2436.64990234375,2338.030029296875,2347.3701171875,0
2022-10-31,2384.449951171875,2384.449951171875,2415.969970703125,2371.580078125,2409.43994140625,0
2022-11-01,2402.75,2402.75,2439.43994140625,2390.27001953125,2436.659912109375,0
2022-11-02,2328.469970703125,2328.469970703125,2462.139892578125,2327.739990234375,2420.580078125,0
2022-11-03,2292.85009765625,2292.85009765625,2330.949951171875,2259.8701171875,2283.330078125,0
2022-11-04,2398.239990234375,2398.239990234375,2401.22998046875,2339.889892578125,2383.7099609375,0
2022-11-07,2450.6201171875,2450.6201171875,2457.77001953125,2386.64990234375,2413.169921875,0
2022-11-08,2503.389892578125,2503.389892578125,2535.550048828125,2454.239990234375,2501.2099609375,0
2022-11-09,2424.820068359375,2424.820068359375,2472.610107421875,2423.9599609375,2466.0,0
2022-11-10,2672.5,2672.5,2675.830078125,2539.72998046875,2568.219970703125,0
2022-11-11,2754.89990234375,2754.89990234375,2769.43994140625,2655.18994140625,2677.590087890625,0
2022-11-14,2728.050048828125,2728.050048828125,2779.489990234375,2725.77001953125,2742.159912109375,0
2022-11-15,2810.610107421875,2810.610107421875,2848.679931640625,2771.7099609375,2833.47998046875,0
2022-11-16,2690.820068359375,2690.820068359375,2747.840087890625,2677.320068359375,2735.4599609375,0
2022-11-17,2719.10009765625,2719.10009765625,2728.0,2633.85009765625,2633.85009765625,0
2022-11-18,2724.030029296875,2724.030029296875,2760.0,2693.3701171875,2759.840087890625,0
2022-11-21,2675.830078125,2675.830078125,2696.699951171875,2669.35009765625,2684.280029296875,0
2022-11-22,2756.820068359375,2756.820068359375,2757.7099609375,2677.31005859375,2702.030029296875,0
2022-11-23,2786.419921875,2786.419921875,2814.8701171875,2756.360107421875,2756.64990234375,0
2022-11-25,2751.27001953125,2751.27001953125,2780.5,2751.27001953125,2766.60009765625,0
2022-11-28,2678.780029296875,2678.780029296875,2744.639892578125,2664.570068359375,2714.360107421875,0
2022-11-29,2670.64990234375,2670.64990234375,2704.699951171875,2656.6298828125,2685.030029296875,0
2022-11-30,2826.85009765625,2826.85009765625,2827.699951171875,2655.06005859375,2678.56005859375,0
2022-12-01,2804.699951171875,2804.699951171875,2841.860107421875,2770.97998046875,2833.449951171875,0
2022-12-02,2771.239990234375,2771.239990234375,2777.489990234375,2723.35009765625,2729.75,0
2022-12-05,2738.050048828125,2738.050048828125,2777.239990234375,2713.10009765625,2756.409912109375,0
2022-12-06,2673.530029296875,2673.530029296875,2736.56005859375,2650.60009765625,2732.860107421875,0
2022-12-07,2673.25,2673.25,2689.0,2645.469970703125,2645.469970703125,0
2022-12-08,2744.72998046875,2744.72998046875,2749.1201171875,2668.27001953125,2684.93994140625,0
2022-12-09,2721.02001953125,2721.02001953125,2771.8798828125,2715.919921875,2735.090087890625,0
2022-12-12,2779.2099609375,2779.2099609375,2779.47998046875,2699.47998046875,2710.10009765625,0
2022-12-13,2821.530029296875,2821.530029296875,2913.1201171875,2788.93994140625,2899.0,0
2022-12-14,2777.27001953125,2777.27001953125,2849.43994140625,2751.239990234375,2818.6298828125,0
2022-12-15,2661.409912109375,2661.409912109375,2731.909912109375,2657.780029296875,2728.68994140625,0
2022-12-16,2636.10009765625,2636.10009765625,2670.110107421875,2612.43994140625,2646.280029296875,0
2022-12-19,2599.860107421875,2599.860107421875,2638.3701171875,2576.3701171875,2634.510009765625,0
2022-12-20,2583.639892578125,2583.639892578125,2607.8701171875,2565.510009765625,2568.2900390625,0
2022-12-21,2644.5,2644.5,2652.18994140625,2600.239990234375,2601.7900390625,0
2022-12-22,2533.330078125,2533.330078125,2589.10009765625,2482.449951171875,2589.10009765625,0
2022-12-23,2535.489990234375,2535.489990234375,2536.820068359375,2490.760009765625,2513.389892578125,0
2022-12-27,2490.169921875,2490.169921875,2518.840087890625,2482.239990234375,2515.820068359375,0
2022-12-28,2453.489990234375,2453.489990234375,2504.43994140625,2445.199951171875,2474.639892578125,0
2022-12-29,2534.949951171875,2534.949951171875,2543.22998046875,2485.02001953125,2493.510009765625,0
2022-12-30,2532.110107421875,2532.110107421875,2533.97998046875,2479.02001953125,2492.72998046875,0
2023-01-03,2500.989990234375,2500.989990234375,2574.679931640625,2489.280029296875,2574.679931640625,0
2023-01-04,2569.4599609375,2569.4599609375,2582.27001953125,2523.389892578125,2552.35009765625,0
2023-01-05,2518.52001953125,2518.52001953125,2556.300048828125,2517.14990234375,2538.4599609375,0
2023-01-06,2636.10009765625,2636.10009765625,2649.3798828125,2519.179931640625,2553.39990234375,0
2023-01-09,2686.75,2686.75,2745.85009765625,2667.840087890625,2683.1298828125,0
2023-01-10,2721.2900390625,2721.2900390625,2722.10009765625,2663.39990234375,2674.530029296875,0
2023-01-11,2755.360107421875,2755.360107421875,2756.489990234375,2700.300048828125,2720.840087890625,0
2023-01-12,2789.64990234375,2789.64990234375,2807.669921875,2714.75,2770.010009765625,0
2023-01-13,2800.659912109375,2800.659912109375,2802.830078125,2753.909912109375,2763.010009765625,0
2023-01-17,2807.47998046875,2807.47998046875,2830.860107421875,2780.5,2791.3701171875,0
2023-01-18,2789.469970703125,2789.469970703125,2854.489990234375,2788.35009765625,2837.419921875,0
2023-01-19,2710.43994140625,2710.43994140625,2763.7900390625,2704.2900390625,2762.860107421875,0
2023-01-20,2794.68994140625,2794.68994140625,2795.64990234375,2710.169921875,2734.219970703125,0
2023-01-23,2934.830078125,2934.830078125,2943.7099609375,2818.43994140625,2822.139892578125,0
2023-01-24,2913.739990234375,2913.739990234375,2936.68994140625,2897.449951171875,2900.39990234375,0
2023-01-25,2918.989990234375,2918.989990234375,2923.1201171875,2840.06005859375,2859.56005859375,0
2023-01-26,2966.60009765625,2966.60009765625,2969.030029296875,2905.300048828125,2954.39990234375,0
2023-01-27,2945.27001953125,2945.27001953125,2971.050048828125,2905.77001953125,2906.949951171875,0
2023-01-30,2866.68994140625,2866.68994140625,2920.110107421875,2865.02001953125,2903.60009765625,0
2023-01-31,2921.919921875,2921.919921875,2922.72998046875,2859.179931640625,2859.9599609375,0
2023-02-01,3073.469970703125,3073.469970703125,3103.510009765625,2935.929931640625,2935.929931640625,0
2023-02-02,3141.840087890625,3141.840087890625,3168.699951171875,3088.169921875,3103.610107421875,0
2023-02-03,3082.110107421875,3082.110107421875,3151.85009765625,3064.679931640625,3069.8798828125,0
2023-02-06,3029.739990234375,3029.739990234375,3075.800048828125,3018.780029296875,3027.5,0
2023-02-07,3124.14990234375,3124.14990234375,3138.389892578125,3033.0400390625,3042.860107421875,0
2023-02-08,3055.6298828125,3055.6298828125,3128.5400390625,3049.969970703125,3106.2099609375,0
2023-02-09,3059.6201171875,3059.6201171875,3140.81005859375,3039.010009765625,3112.7099609375,0
2023-02-10,3011.14990234375,3011.14990234375,3033.68994140625,2979.739990234375,3025.10009765625,0
2023-02-13,3057.320068359375,3057.320068359375,3066.10009765625,3001.27001953125,3022.780029296875,0
2023-02-14,3121.6298828125,3121.6298828125,3131.3701171875,3013.25,3024.159912109375,0
2023-02-15,3133.070068359375,3133.070068359375,3134.489990234375,3063.22998046875,3092.719970703125,0
2023-02-16,3055.239990234375,3055.239990234375,3108.550048828125,3051.25,3077.800048828125,0
2023-02-17,3005.8701171875,3005.8701171875,3042.429931640625,2980.139892578125,3032.800048828125,0
2023-02-21,2906.260009765625,2906.260009765625,2992.0,2901.7099609375,2961.1201171875,0
2023-02-22,2892.389892578125,2892.389892578125,2935.929931640625,2875.56005859375,2910.840087890625,0
2023-02-23,2988.81005859375,2988.81005859375,3002.969970703125,2931.25,3002.68994140625,0
2023-02-24,2935.110107421875,2935.110107421875,2950.419921875,2913.14990234375,2936.89990234375,0
2023-02-27,2951.2099609375,2951.2099609375,2986.760009765625,2949.7099609375,2983.389892578125,0
2023-02-28,2958.389892578125,2958.389892578125,2998.010009765625,2937.0,2945.8798828125,0
2023-03-01,2955.830078125,2955.830078125,2993.169921875,2945.27001953125,2967.409912109375,0
2023-03-02,2984.110107421875,2984.110107421875,2996.590087890625,2892.219970703125,2909.75,0
2023-03-03,3028.340087890625,3028.340087890625,3031.909912109375,2961.840087890625,2982.56005859375,0
2023-03-06,2994.590087890625,2994.590087890625,3064.31005859375,2988.75,3036.580078125,0
2023-03-07,2962.419921875,2962.419921875,3011.070068359375,2950.81005859375,2996.85009765625,0
2023-03-08,3041.389892578125,3041.389892578125,3044.2099609375,2979.419921875,2981.800048828125,0
2023-03-09,2980.2099609375,2980.2099609375,3083.679931640625,2976.35009765625,3037.580078125,0
2023-03-10,2923.929931640625,2923.929931640625,3003.570068359375,2909.52001953125,2995.89990234375,0
2023-03-13,2921.7099609375,2921.7099609375,2957.719970703125,2861.449951171875,2883.8798828125,0
2023-03-14,3010.14990234375,3010.14990234375,3026.929931640625,2960.570068359375,2977.590087890625,0
2023-03-15,2977.389892578125,2977.389892578125,2985.489990234375,2915.22998046875,2968.469970703125,0
2023-03-16,3098.070068359375,3098.070068359375,3102.010009765625,2955.080078125,2963.260009765625,0
2023-03-17,3083.52001953125,3083.52001953125,3127.419921875,3064.0,3104.760009765625,0
2023-03-20,3114.7099609375,3114.7099609375,3123.1201171875,3060.340087890625,3083.93994140625,0
2023-03-21,3116.889892578125,3116.889892578125,3169.860107421875,3071.2099609375,3137.300048828125,0
2023-03-22,3091.7099609375,3091.7099609375,3201.60009765625,3089.860107421875,3118.97998046875,0
2023-03-23,3174.360107421875,3174.360107421875,3216.320068359375,3119.030029296875,3146.2099609375,0
2023-03-24,3121.260009765625,3121.260009765625,3154.360107421875,3089.969970703125,3150.93994140625,0
2023-03-27,3083.580078125,3083.580078125,3141.830078125,3075.780029296875,3129.39990234375,0
2023-03-28,3057.27001953125,3057.27001953125,3076.989990234375,3015.800048828125,3076.989990234375,0
2023-03-29,3157.110107421875,3157.110107421875,3176.85009765625,3105.360107421875,3109.56005859375,0
2023-03-30,3208.260009765625,3208.260009765625,3230.080078125,3186.31005859375,3198.169921875,0
2023-03-31,3230.860107421875,3230.860107421875,3233.93994140625,3178.389892578125,3182.719970703125,0
2023-04-03,3200.429931640625,3200.429931640625,3222.340087890625,3162.409912109375,3209.669921875,0
2023-04-04,3142.5,3142.5,3209.31005859375,3126.330078125,3206.97998046875,0
2023-04-05,3085.97998046875,3085.97998046875,3111.800048828125,3055.39990234375,3107.080078125,0
2023-04-06,3071.77001953125,3071.77001953125,3093.820068359375,3034.820068359375,3055.169921875,0
2023-04-10,3126.969970703125,3126.969970703125,3127.89990234375,3042.35009765625,3047.919921875,0
2023-04-11,3109.419921875,3109.419921875,3146.0,3104.3798828125,3145.860107421875,0
2023-04-12,3052.52001953125,3052.52001953125,3140.719970703125,3049.8701171875,3133.860107421875,0
2023-04-13,3074.93994140625,3074.93994140625,3092.14990234375,3036.030029296875,3055.550048828125,0
2023-04-14,3070.449951171875,3070.449951171875,3107.25,3036.9599609375,3070.8798828125,0
2023-04-17,3066.679931640625,3066.679931640625,3067.889892578125,3025.830078125,3033.3701171875,0
2023-04-18,3077.719970703125,3077.719970703125,3116.360107421875,3054.280029296875,3097.89990234375,0
2023-04-19,3046.3798828125,3046.3798828125,3053.27001953125,3026.840087890625,3036.030029296875,0
2023-04-20,3046.280029296875,3046.280029296875,3090.8798828125,3015.77001953125,3015.77001953125,0
2023-04-21,3021.43994140625,3021.43994140625,3031.9599609375,2995.909912109375,3026.7900390625,0
2023-04-24,3007.510009765625,3007.510009765625,3031.860107421875,2987.919921875,3017.919921875,0
2023-04-25,2906.2900390625,2906.2900390625,2987.570068359375,2905.93994140625,2987.219970703125,0
2023-04-26,2922.989990234375,2922.989990234375,2952.080078125,2908.409912109375,2922.989990234375,0
2023-04-27,2941.590087890625,2941.590087890625,2944.9599609375,2867.510009765625,2921.89990234375,0
2023-04-28,2994.969970703125,2994.969970703125,2995.330078125,2945.3798828125,2958.169921875,0
2023-05-01,3019.090087890625,3019.090087890625,3026.949951171875,2997.169921875,3007.22998046875,0
2023-05-02,2996.860107421875,2996.860107421875,3034.18994140625,2969.080078125,3020.18994140625,0
2023-05-03,2957.3701171875,2957.3701171875,3009.070068359375,2956.739990234375,2980.64990234375,0
2023-05-04,2941.6298828125,2941.6298828125,2971.89990234375,2913.110107421875,2932.550048828125,0
2023-05-05,3007.68994140625,3007.68994140625,3019.3701171875,2930.639892578125,2942.280029296875,0
2023-05-08,3024.409912109375,3024.409912109375,3025.989990234375,2979.85009765625,3009.840087890625,0
2023-05-09,2967.840087890625,2967.840087890625,2983.679931640625,2960.010009765625,2983.199951171875,0
2023-05-10,2997.510009765625,2997.510009765625,3019.4599609375,2968.409912109375,3003.6201171875,0
2023-05-11,2978.719970703125,2978.719970703125,3005.0,2950.860107421875,3000.3701171875,0
2023-05-12,2972.85009765625,2972.85009765625,2999.550048828125,2944.070068359375,2988.580078125,0
2023-05-15,3052.639892578125,3052.639892578125,3052.909912109375,2971.760009765625,2979.510009765625,0
2023-05-16,3048.7099609375,3048.7099609375,3083.280029296875,3044.030029296875,3044.43994140625,0
2023-05-17,3124.679931640625,3124.679931640625,3135.300048828125,3055.969970703125,3077.550048828125,0
2023-05-18,3223.489990234375,3223.489990234375,3229.6298828125,3136.760009765625,3139.72998046875,0
2023-05-19,3203.489990234375,3203.489990234375,3217.929931640625,3186.35009765625,3214.97998046875,0
2023-05-22,3215.0400390625,3215.0400390625,3223.530029296875,3173.8701171875,3180.570068359375,0
2023-05-23,3177.43994140625,3177.43994140625,3216.989990234375,3171.93994140625,3196.75,0
2023-05-24,3124.090087890625,3124.090087890625,3135.0400390625,3091.2900390625,3111.550048828125,0
2023-05-25,3336.719970703125,3336.719970703125,3347.3701171875,3238.219970703125,3281.389892578125,0
2023-05-26,3545.669921875,3545.669921875,3563.330078125,3386.340087890625,3387.429931640625,0
2023-05-30,3549.389892578125,3549.389892578125,3643.93994140625,3537.64990234375,3628.469970703125,0
2023-05-31,3453.179931640625,3453.179931640625,3531.389892578125,3451.8701171875,3484.330078125,0
2023-06-01,3506.739990234375,3506.739990234375,3537.820068359375,3437.889892578125,3469.699951171875,0
2023-06-02,3501.39990234375,3501.39990234375,3546.419921875,3478.030029296875,3537.72998046875,0
2023-06-05,3444.1201171875,3444.1201171875,3489.090087890625,3430.280029296875,3488.590087890625,0
2023-06-06,3488.340087890625,3488.340087890625,3504.419921875,3417.510009765625,3426.889892578125,0
2023-06-07,3477.179931640625,3477.179931640625,3557.0,3469.719970703125,3512.64990234375,0
2023-06-08,3514.320068359375,3514.320068359375,3521.360107421875,3469.449951171875,3484.10009765625,0
2023-06-09,3524.969970703125,3524.969970703125,3580.429931640625,3508.719970703125,3559.3798828125,0
2023-06-12,3641.659912109375,3641.659912109375,3644.860107421875,3565.97998046875,3567.820068359375,0
2023-06-13,3683.659912109375,3683.659912109375,3711.81005859375,3646.360107421875,3694.81005859375,0
2023-06-14,3739.75,3739.75,3740.699951171875,3653.75,3670.330078125,0
2023-06-15,3708.06005859375,3708.06005859375,3736.5,3684.3701171875,3698.56005859375,0
2023-06-16,3673.139892578125,3673.139892578125,3743.72998046875,3671.27001953125,3738.68994140625,0
2023-06-20,3647.56005859375,3647.56005859375,3693.409912109375,3616.050048828125,3666.2099609375,0
2023-06-21,3549.72998046875,3549.72998046875,3636.909912109375,3548.389892578125,3624.1201171875,0
2023-06-22,3569.8701171875,3569.8701171875,3580.659912109375,3523.780029296875,3525.52001953125,0
2023-06-23,3506.7099609375,3506.7099609375,3526.969970703125,3489.1298828125,3508.010009765625,0
2023-06-26,3515.77001953125,3515.77001953125,3582.260009765625,3515.510009765625,3527.64990234375,0
2023-06-27,3642.409912109375,3642.409912109375,3647.010009765625,3517.52001953125,3527.25,0
2023-06-28,3609.47998046875,3609.47998046875,3644.9599609375,3580.830078125,3588.909912109375,0
2023-06-29,3614.179931640625,3614.179931640625,3627.25,3583.489990234375,3626.989990234375,0
2023-06-30,3673.06005859375,3673.06005859375,3685.760009765625,3644.030029296875,3654.739990234375,0
2023-07-03,3703.6201171875,3703.6201171875,3713.909912109375,3663.449951171875,3691.280029296875,0
2023-07-05,3622.320068359375,3622.320068359375,3683.719970703125,3622.10009765625,3672.389892578125,0
2023-07-06,3577.489990234375,3577.489990234375,3581.6298828125,3532.68994140625,3559.35009765625,0
2023-07-07,3577.72998046875,3577.72998046875,3633.7900390625,3573.340087890625,3583.56005859375,0
2023-07-10,3651.60009765625,3651.60009765625,3655.909912109375,3586.409912109375,3587.050048828125,0
2023-07-11,3653.530029296875,3653.530029296875,3669.43994140625,3599.2099609375,3665.8701171875,0
2023-07-12,3721.469970703125,3721.469970703125,3727.449951171875,3684.8798828125,3704.719970703125,0
2023-07-13,3797.1298828125,3797.1298828125,3803.199951171875,3746.8798828125,3755.820068359375,0
2023-07-14,3750.409912109375,3750.409912109375,3828.159912109375,3735.4599609375,3798.530029296875,0
2023-07-17,3837.31005859375,3837.31005859375,3855.47998046875,3729.06005859375,3756.360107421875,0
2023-07-18,3842.360107421875,3842.360107421875,3854.570068359375,3790.300048828125,3821.080078125,0
2023-07-19,3801.659912109375,3801.659912109375,3849.7900390625,3792.110107421875,3849.10009765625,0
2023-07-20,3663.85009765625,3663.85009765625,3742.949951171875,3647.9599609375,3727.469970703125,0
2023-07-21,3698.85009765625,3698.85009765625,3730.340087890625,3678.840087890625,3702.68994140625,0
2023-07-24,3692.320068359375,3692.320068359375,3723.090087890625,3679.7099609375,3702.409912109375,0
2023-07-25,3755.27001953125,3755.27001953125,3774.300048828125,3717.97998046875,3717.97998046875,0
2023-07-26,3699.3701171875,3699.3701171875,3730.409912109375,3662.0,3702.760009765625,0
2023-07-27,3768.27001953125,3768.27001953125,3845.02001953125,3746.60009765625,3795.050048828125,0
2023-07-28,3851.760009765625,3851.760009765625,3862.25,3803.7900390625,3840.110107421875,0
2023-07-31,3861.6298828125,3861.6298828125,3875.169921875,3843.050048828125,3867.639892578125,0
2023-08-01,3858.2099609375,3858.2099609375,3866.85009765625,3818.06005859375,3825.3798828125,0
2023-08-02,3711.60009765625,3711.60009765625,3809.75,3691.3701171875,3809.31005859375,0
2023-08-03,3708.080078125,3708.080078125,3731.050048828125,3658.429931640625,3665.530029296875,0
2023-08-04,3699.199951171875,3699.199951171875,3751.330078125,3660.300048828125,3689.830078125,0
2023-08-07,3739.409912109375,3739.409912109375,3740.409912109375,3705.02001953125,3730.93994140625,0
2023-08-08,3679.419921875,3679.419921875,3684.97998046875,3631.81005859375,3673.43994140625,0
2023-08-09,3610.47998046875,3610.47998046875,3678.75,3606.090087890625,3677.419921875,0
2023-08-10,3597.02001953125,3597.02001953125,3680.260009765625,3574.9599609375,3634.64990234375,0
2023-08-11,3514.550048828125,3514.550048828125,3554.81005859375,3504.639892578125,3545.669921875,0
2023-08-14,3615.449951171875,3615.449951171875,3616.0,3488.550048828125,3492.1201171875,0
2023-08-15,3553.9599609375,3553.9599609375,3607.969970703125,3552.1201171875,3600.610107421875,0
2023-08-16,3480.080078125,3480.080078125,3552.389892578125,3478.570068359375,3552.3798828125,0
2023-08-17,3446.35009765625,3446.35009765625,3492.7900390625,3437.8701171875,3492.7900390625,0
2023-08-18,3462.739990234375,3462.739990234375,3475.860107421875,3405.35009765625,3411.469970703125,0
2023-08-21,3560.739990234375,3560.739990234375,3565.760009765625,3475.580078125,3481.22998046875,0
2023-08-22,3527.68994140625,3527.68994140625,3610.14990234375,3516.75,3606.280029296875,0
2023-08-23,3602.010009765625,3602.010009765625,3614.080078125,3507.0400390625,3508.070068359375,0
2023-08-24,3481.300048828125,3481.300048828125,3663.949951171875,3474.25,3663.949951171875,0
2023-08-25,3495.64990234375,3495.64990234375,3521.340087890625,3425.7900390625,3476.300048828125,0
2023-08-28,3537.8701171875,3537.8701171875,3546.760009765625,3503.2900390625,3528.409912109375,0
2023-08-29,3629.570068359375,3629.570068359375,3640.429931640625,3515.840087890625,3518.340087890625,0
2023-08-30,3643.919921875,3643.919921875,3658.56005859375,3593.47998046875,3615.1201171875,0
2023-08-31,3670.929931640625,3670.929931640625,3690.300048828125,3636.530029296875,3637.050048828125,0
2023-09-01,3682.840087890625,3682.840087890625,3705.580078125,3658.2900390625,3694.72998046875,0
2023-09-05,3683.7900390625,3683.7900390625,3711.550048828125,3651.93994140625,3669.659912109375,0
2023-09-06,3654.4599609375,3654.4599609375,3693.919921875,3615.419921875,3673.68994140625,0
2023-09-07,3582.110107421875,3582.110107421875,3591.820068359375,3536.56005859375,3569.97998046875,0
2023-09-08,3565.989990234375,3565.989990234375,3601.47998046875,3552.239990234375,3575.81005859375,0
2023-09-11,3569.22998046875,3569.22998046875,3607.580078125,3521.669921875,3605.6298828125,0
2023-09-12,3541.090087890625,3541.090087890625,3599.320068359375,3536.199951171875,3539.550048828125,0
2023-09-13,3560.4599609375,3560.4599609375,3595.030029296875,3536.739990234375,3536.739990234375,0
2023-09-14,3584.22998046875,3584.22998046875,3598.14990234375,3549.1298828125,3594.570068359375,0
2023-09-15,3476.389892578125,3476.389892578125,3560.889892578125,3461.159912109375,3555.570068359375,0
2023-09-18,3492.469970703125,3492.469970703125,3504.030029296875,3446.219970703125,3446.800048828125,0
2023-09-19,3459.02001953125,3459.02001953125,3482.530029296875,3441.909912109375,3475.530029296875,0
2023-09-20,3398.81005859375,3398.81005859375,3485.719970703125,3397.969970703125,3471.739990234375,0
2023-09-21,3338.85009765625,3338.85009765625,3381.550048828125,3337.860107421875,3356.159912109375,0
2023-09-22,3365.2900390625,3365.2900390625,3398.43994140625,3353.9599609375,3369.35009765625,0
2023-09-25,3389.4599609375,3389.4599609375,3390.52001953125,3337.35009765625,3349.469970703125,0
2023-09-26,3329.6201171875,3329.6201171875,3370.050048828125,3314.5,3362.179931640625,0
2023-09-27,3361.409912109375,3361.409912109375,3385.6201171875,3310.14990234375,3356.739990234375,0
2023-09-28,3420.989990234375,3420.989990234375,3457.4599609375,3343.580078125,3351.919921875,0
2023-09-29,3434.2900390625,3434.2900390625,3481.7900390625,3421.5400390625,3474.419921875,0
2023-10-02,3448.85009765625,3448.85009765625,3474.989990234375,3408.260009765625,3440.1201171875,0
2023-10-03,3376.580078125,3376.580078125,3464.739990234375,3355.409912109375,3424.06005859375,0
2023-10-04,3424.919921875,3424.919921875,3432.429931640625,3370.679931640625,3397.739990234375,0
2023-10-05,3406.97998046875,3406.97998046875,3432.97998046875,3376.860107421875,3425.739990234375,0
2023-10-06,3475.2099609375,3475.2099609375,3491.989990234375,3365.89990234375,3392.77001953125,0
2023-10-09,3467.35009765625,3467.35009765625,3475.389892578125,3414.300048828125,3441.93994140625,0
2023-10-10,3512.070068359375,3512.070068359375,3543.89990234375,3466.010009765625,3481.489990234375,0
2023-10-11,3537.830078125,3537.830078125,3544.280029296875,3497.8798828125,3526.659912109375,0
2023-10-12,3548.6201171875,3548.6201171875,3596.780029296875,3515.5,3549.949951171875,0
2023-10-13,3452.969970703125,3452.969970703125,3557.22998046875,3446.760009765625,3556.429931640625,0
2023-10-16,3502.510009765625,3502.510009765625,3512.989990234375,3459.679931640625,3462.010009765625,0
2023-10-17,3474.659912109375,3474.659912109375,3500.179931640625,3393.489990234375,3429.739990234375,0
2023-10-18,3413.449951171875,3413.449951171875,3443.659912109375,3397.550048828125,3414.830078125,0
2023-10-19,3367.77001953125,3367.77001953125,3449.030029296875,3356.360107421875,3444.679931640625,0
2023-10-20,3316.139892578125,3316.139892578125,3390.97998046875,3312.25,3364.320068359375,0
2023-10-23,3298.5400390625,3298.5400390625,3356.949951171875,3264.760009765625,3300.3701171875,0
2023-10-24,3343.93994140625,3343.93994140625,3349.1298828125,3303.469970703125,3316.3798828125,0
2023-10-25,3205.840087890625,3205.840087890625,3309.320068359375,3190.760009765625,3305.39990234375,0
2023-10-26,3188.419921875,3188.419921875,3254.320068359375,3173.550048828125,3217.6201171875,0
2023-10-27,3227.090087890625,3227.090087890625,3258.419921875,3213.050048828125,3238.080078125,0
2023-10-30,3185.179931640625,3185.179931640625,3225.090087890625,3152.52001953125,3204.85009765625,0
2023-10-31,3215.889892578125,3215.889892578125,3223.3701171875,3151.0,3183.6298828125,0
2023-11-01,3290.949951171875,3290.949951171875,3293.06005859375,3218.239990234375,3224.919921875,0
2023-11-02,3368.5400390625,3368.5400390625,3388.8798828125,3320.570068359375,3355.800048828125,0
2023-11-03,3454.570068359375,3454.570068359375,3477.449951171875,3398.77001953125,3405.989990234375,0
2023-11-06,3444.889892578125,3444.889892578125,3467.43994140625,3413.320068359375,3459.449951171875,0
2023-11-07,3471.4599609375,3471.4599609375,3489.75,3439.1298828125,3445.68994140625,0
2023-11-08,3472.669921875,3472.669921875,3491.9599609375,3450.590087890625,3473.8701171875,0
2023-11-09,3452.340087890625,3452.340087890625,3534.43994140625,3448.050048828125,3499.659912109375,0
2023-11-10,3591.739990234375,3591.739990234375,3600.39990234375,3487.169921875,3496.739990234375,0
2023-11-13,3556.75,3556.75,3568.64990234375,3535.1298828125,3562.5,0
2023-11-14,3685.570068359375,3685.570068359375,3696.06005859375,3639.75,3653.360107421875,0
2023-11-15,3712.090087890625,3712.090087890625,3739.340087890625,3687.360107421875,3710.139892578125,0
2023-11-16,3724.10009765625,3724.10009765625,3733.47998046875,3689.72998046875,3691.25,0
2023-11-17,3748.64990234375,3748.64990234375,3754.669921875,3707.090087890625,3707.090087890625,0
2023-11-20,3805.81005859375,3805.81005859375,3817.830078125,3747.2900390625,3747.52001953125,0
2023-11-21,3732.7900390625,3732.7900390625,3774.530029296875,3714.760009765625,3772.260009765625,0
2023-11-22,3744.9599609375,3744.9599609375,3804.89990234375,3736.300048828125,3762.659912109375,0
2023-11-24,3747.929931640625,3747.929931640625,3750.3798828125,3734.18994140625,3739.590087890625,0
2023-11-27,3739.31005859375,3739.31005859375,3771.679931640625,3723.010009765625,3734.530029296875,0
2023-11-28,3718.35009765625,3718.35009765625,3735.610107421875,3688.6201171875,3713.260009765625,0
2023-11-29,3753.360107421875,3753.360107421875,3809.7099609375,3747.510009765625,3769.6201171875,0
2023-11-30,3724.580078125,3724.580078125,3760.679931640625,3695.0,3760.39990234375,0
2023-12-01,3738.27001953125,3738.27001953125,3744.72998046875,3675.2900390625,3696.489990234375,0
2023-12-04,3693.43994140625,3693.43994140625,3701.68994140625,3638.72998046875,3699.6298828125,0
2023-12-05,3672.39990234375,3672.39990234375,3680.5,3641.929931640625,3657.530029296875,0
2023-12-06,3645.820068359375,3645.820068359375,3727.429931640625,3642.070068359375,3726.18994140625,0
2023-12-07,3747.5400390625,3747.5400390625,3756.840087890625,3669.389892578125,3674.47998046875,0
2023-12-08,3774.169921875,3774.169921875,3791.60009765625,3740.550048828125,3745.02001953125,0
2023-12-11,3902.389892578125,3902.389892578125,3917.43994140625,3809.31005859375,3812.5400390625,0
2023-12-12,3930.179931640625,3930.179931640625,3931.010009765625,3880.81005859375,3882.510009765625,0
2023-12-13,3990.949951171875,3990.949951171875,4011.719970703125,3917.969970703125,3932.22998046875,0
2023-12-14,4097.47021484375,4097.47021484375,4113.9501953125,4034.43994140625,4034.43994140625,0
2023-12-15,4117.0,4117.0,4161.919921875,4107.0,4121.22021484375,0
2023-12-18,4103.7900390625,4103.7900390625,4122.3701171875,4069.530029296875,4114.10986328125,0
2023-12-19,4125.56005859375,4125.56005859375,4130.8798828125,4101.72998046875,4101.72998046875,0
2023-12-20,4007.659912109375,4007.659912109375,4117.58984375,4006.68994140625,4093.89990234375,0
2023-12-21,4118.58984375,4118.58984375,4124.509765625,4073.840087890625,4094.2900390625,0
2023-12-22,4132.85009765625,4132.85009765625,4153.25,4104.68994140625,4134.580078125,0
2023-12-26,4207.4501953125,4207.4501953125,4222.31982421875,4155.2001953125,4155.72998046875,0
2023-12-27,4214.58984375,4214.58984375,4230.93017578125,4194.9599609375,4222.240234375,0
2023-12-28,4208.68017578125,4208.68017578125,4233.72998046875,4205.68017578125,4228.47021484375,0
2023-12-29,4175.47021484375,4175.47021484375,4215.740234375,4155.33984375,4205.10986328125,0
2024-01-02,4023.0400390625,4023.0400390625,4105.759765625,3990.719970703125,4100.169921875,0
2024-01-03,3941.2099609375,3941.2099609375,3976.75,3926.860107421875,3938.949951171875,0
2024-01-04,3908.85009765625,3908.85009765625,3947.27001953125,3875.179931640625,3876.969970703125,0
2024-01-05,3933.489990234375,3933.489990234375,3965.909912109375,3908.719970703125,3914.169921875,0
2024-01-08,4062.47998046875,4062.47998046875,4071.6201171875,3956.050048828125,3956.159912109375,0
2024-01-09,4064.64990234375,4064.64990234375,4094.780029296875,4015.449951171875,4023.510009765625,0
2024-01-10,4048.840087890625,4048.840087890625,4066.659912109375,4000.39990234375,4065.77001953125,0
2024-01-11,4067.89990234375,4067.89990234375,4089.070068359375,3987.590087890625,4057.159912109375,0
2024-01-12,4052.429931640625,4052.429931640625,4089.330078125,4031.010009765625,4073.39990234375,0
2024-01-16,4105.93994140625,4105.93994140625,4132.990234375,4035.919921875,4050.0400390625,0
2024-01-17,4069.949951171875,4069.949951171875,4075.2099609375,4001.35009765625,4065.1298828125,0
2024-01-18,4206.52001953125,4206.52001953125,4213.02978515625,4139.7998046875,4194.509765625,0
2024-01-19,4375.64990234375,4375.64990234375,4380.7900390625,4240.81005859375,4258.2998046875,0
2024-01-22,4386.60009765625,4386.60009765625,4439.58984375,4347.2099609375,4410.06005859375,0
2024-01-23,4415.259765625,4415.259765625,4419.2001953125,4347.89990234375,4384.02001953125,0
2024-01-24,4483.330078125,4483.330078125,4541.75,4435.56005859375,4475.5400390625,0
2024-01-25,4472.259765625,4472.259765625,4566.56005859375,4450.0400390625,4562.2099609375,0
2024-01-26,4342.10009765625,4342.10009765625,4405.35986328125,4330.9599609375,4366.919921875,0
2024-01-29,4388.27001953125,4388.27001953125,4388.35009765625,4323.56005859375,4354.990234375,0
2024-01-30,4319.990234375,4319.990234375,4384.080078125,4301.85986328125,4363.56005859375,0
2024-01-31,4260.919921875,4260.919921875,4334.81005859375,4220.9501953125,4239.8701171875,0
2024-02-01,4280.47998046875,4280.47998046875,4291.330078125,4226.580078125,4270.60986328125,0
2024-02-02,4336.72998046875,4336.72998046875,4346.02978515625,4270.83984375,4273.06005859375,0
2024-02-05,4388.10009765625,4388.10009765625,4407.0,4320.1201171875,4370.759765625,0
2024-02-06,4338.27001953125,4338.27001953125,4396.4501953125,4291.8798828125,4388.75,0
2024-02-07,4408.72998046875,4408.72998046875,4412.60986328125,4329.9501953125,4364.31005859375,0
2024-02-08,4478.009765625,4478.009765625,4510.2001953125,4417.830078125,4424.990234375,0
2024-02-09,4567.2998046875,4567.2998046875,4574.93017578125,4479.06005859375,4505.81982421875,0
2024-02-12,4560.0400390625,4560.0400390625,4644.0400390625,4543.0400390625,4566.18017578125,0
2024-02-13,4468.18017578125,4468.18017578125,4514.990234375,4408.4599609375,4412.93994140625,0
2024-02-14,4565.41015625,4565.41015625,4568.06982421875,4503.330078125,4533.35009765625,0
2024-02-15,4558.10009765625,4558.10009765625,4599.91015625,4540.08984375,4591.64990234375,0
2024-02-16,4527.68017578125,4527.68017578125,4624.490234375,4514.97998046875,4585.31005859375,0
2024-02-20,4456.8701171875,4456.8701171875,4507.52978515625,4389.77978515625,4489.8798828125,0
2024-02-21,4446.35986328125,4446.35986328125,4446.83984375,4383.91015625,4402.9501953125,0
2024-02-22,4667.3701171875,4667.3701171875,4687.259765625,4604.2001953125,4632.6298828125,0
2024-02-23,4615.02978515625,4615.02978515625,4709.52001953125,4592.97021484375,4688.60986328125,0
2024-02-26,4663.47021484375,4663.47021484375,4683.91015625,4634.81982421875,4658.91015625,0
2024-02-27,4654.89013671875,4654.89013671875,4697.16015625,4651.39990234375,4680.18017578125,0
2024-02-28,4602.60009765625,4602.60009765625,4627.169921875,4583.81982421875,4602.10986328125,0
2024-02-29,4726.919921875,4726.919921875,4737.06982421875,4645.47021484375,4663.89013671875,0
2024-03-01,4929.580078125,4929.580078125,4950.259765625,4780.990234375,4780.990234375,0
2024-03-04,4981.97021484375,4981.97021484375,5037.56982421875,4956.14990234375,4973.52001953125,0
2024-03-05,4879.830078125,4879.830078125,4953.9599609375,4829.35986328125,4921.66015625,0
2024-03-06,4997.93017578125,4997.93017578125,5051.990234375,4947.0498046875,4976.6201171875,0
2024-03-07,5165.830078125,5165.830078125,5187.60009765625,5062.72998046875,5063.5,0
2024-03-08,4957.77978515625,4957.77978515625,5217.830078125,4957.16015625,5185.330078125,0
2024-03-11,4890.2001953125,4890.2001953125,4926.3701171875,4835.8701171875,4888.3701171875,0
2024-03-12,4992.509765625,4992.509765625,4993.0,4868.419921875,4946.77978515625,0
2024-03-13,4868.9501953125,4868.9501953125,4932.1201171875,4841.7001953125,4926.740234375,0
2024-03-14,4783.64990234375,4783.64990234375,4880.0400390625,4741.58984375,4859.740234375,0
2024-03-15,4757.7099609375,4757.7099609375,4808.68017578125,4719.72021484375,4745.72021484375,0
2024-03-18,4757.60009765625,4757.60009765625,4856.39990234375,4751.39013671875,4834.080078125,0
2024-03-19,4712.81005859375,4712.81005859375,4734.490234375,4620.52001953125,4683.72998046875,0
2024-03-20,4788.18017578125,4788.18017578125,4798.33984375,4682.490234375,4718.22998046875,0
2024-03-21,4897.8798828125,4897.8798828125,4983.4599609375,4890.47998046875,4949.14990234375,0
2024-03-22,4908.259765625,4908.259765625,4945.64013671875,4868.9501953125,4876.009765625,0
2024-03-25,4891.490234375,4891.490234375,4937.35009765625,4836.43994140625,4838.31005859375,0
2024-03-26,4851.8798828125,4851.8798828125,4943.25,4849.81005859375,4920.2099609375,0
2024-03-27,4899.9501953125,4899.9501953125,4903.18017578125,4815.06005859375,4902.27978515625,0
2024-03-28,4905.2099609375,4905.2099609375,4926.759765625,4887.08984375,4892.4501953125,0
2024-04-01,4962.10009765625,4962.10009765625,5030.52001953125,4919.97021484375,4921.52978515625,0
2024-04-02,4886.93994140625,4886.93994140625,4898.1201171875,4834.22021484375,4883.56005859375,0
2024-04-03,4903.5,4903.5,4938.330078125,4831.52978515625,4838.080078125,0
2024-04-04,4756.06982421875,4756.06982421875,4984.91015625,4750.990234375,4973.33984375,0
2024-04-05,4819.1298828125,4819.1298828125,4847.509765625,4751.009765625,4784.18994140625,0
2024-04-08,4825.39013671875,4825.39013671875,4868.85986328125,4808.77001953125,4848.669921875,0
2024-04-09,4870.81005859375,4870.81005859375,4890.919921875,4785.6201171875,4869.39013671875,0
2024-04-10,4790.35009765625,4790.35009765625,4847.52001953125,4761.10986328125,4789.93017578125,0
2024-04-11,4906.3701171875,4906.3701171875,4911.5400390625,4784.39013671875,4816.10986328125,0
2024-04-12,4745.0498046875,4745.0498046875,4819.7900390625,4735.490234375,4810.66015625,0
2024-04-15,4679.10009765625,4679.10009765625,4827.89013671875,4658.93994140625,4804.240234375,0
2024-04-16,4720.52978515625,4720.52978515625,4744.22998046875,4670.3798828125,4682.81982421875,0
2024-04-17,4567.31005859375,4567.31005859375,4733.419921875,4561.56005859375,4725.759765625,0
2024-04-18,4491.7099609375,4491.7099609375,4567.6298828125,4474.8701171875,4541.47998046875,0
2024-04-19,4306.8701171875,4306.8701171875,4480.06982421875,4288.0,4444.91015625,0
2024-04-22,4381.919921875,4381.919921875,4411.58984375,4299.72021484375,4351.22998046875,0
2024-04-23,4478.7998046875,4478.7998046875,4500.33984375,4407.18017578125,4415.6201171875,0
2024-04-24,4526.2001953125,4526.2001953125,4616.89013671875,4490.52978515625,4608.0498046875,0
2024-04-25,4615.0400390625,4615.0400390625,4645.56005859375,4492.93994140625,4515.85986328125,0
2024-04-26,4735.2900390625,4735.2900390625,4756.91015625,4616.419921875,4619.81982421875,0
2024-04-29,4765.7900390625,4765.7900390625,4772.080078125,4690.81982421875,4735.3701171875,0
2024-04-30,4673.2998046875,4673.2998046875,4803.0498046875,4671.77978515625,4756.75,0
2024-05-01,4507.68017578125,4507.68017578125,4659.97998046875,4482.1201171875,4588.43017578125,0
2024-05-02,4605.35009765625,4605.35009765625,4620.68017578125,4498.490234375,4586.580078125,0
2024-05-03,4716.18994140625,4716.18994140625,4740.4599609375,4675.68994140625,4695.97998046875,0
2024-05-06,4820.4501953125,4820.4501953125,4820.4599609375,4739.35009765625,4749.89013671875,0
2024-05-07,4784.8798828125,4784.8798828125,4840.60009765625,4783.85009765625,4825.68994140625,0
2024-05-08,4790.3798828125,4790.3798828125,4794.33984375,4737.27978515625,4741.72021484375,0
2024-05-09,4759.77001953125,4759.77001953125,4789.43994140625,4737.490234375,4786.5,0
2024-05-10,4808.02978515625,4808.02978515625,4857.83984375,4787.759765625,4814.8701171875,0
2024-05-13,4823.08984375,4823.08984375,4846.81005859375,4811.0,4828.58984375,0
2024-05-14,4903.93017578125,4903.93017578125,4908.52001953125,4811.81982421875,4817.39013671875,0
2024-05-15,5045.080078125,5045.080078125,5046.27001953125,4930.68994140625,4946.22021484375,0
2024-05-16,5017.5400390625,5017.5400390625,5084.56982421875,5017.2998046875,5045.02001953125,0
2024-05-17,4983.02001953125,4983.02001953125,5056.0400390625,4947.169921875,5048.93017578125,0
2024-05-20,5090.35009765625,5090.35009765625,5119.16015625,4999.41015625,5002.0498046875,0
2024-05-21,5074.39990234375,5074.39990234375,5080.91015625,5020.58984375,5031.0,0
2024-05-22,5126.81005859375,5126.81005859375,5140.830078125,5074.3701171875,5114.97998046875,0
2024-05-23,5125.97998046875,5125.97998046875,5255.64013671875,5081.990234375,5243.7001953125,0
2024-05-24,5220.919921875,5220.919921875,5232.31982421875,5149.31005859375,5167.0,0
2024-05-28,5317.8701171875,5317.8701171875,5343.68017578125,5235.89013671875,5286.02001953125,0
2024-05-29,5219.31982421875,5219.31982421875,5249.68994140625,5206.93017578125,5234.39013671875,0
2024-05-30,5173.259765625,5173.259765625,5228.18017578125,5145.8701171875,5208.7998046875,0
2024-05-31,5123.35986328125,5123.35986328125,5204.4599609375,4988.0498046875,5180.5498046875,0
2024-06-03,5152.509765625,5152.509765625,5215.08984375,5059.91015625,5215.08984375,0
2024-06-04,5116.27001953125,5116.27001953125,5148.9501953125,5074.3798828125,5144.5400390625,0
2024-06-05,5347.43994140625,5347.43994140625,5348.91015625,5193.72998046875,5208.080078125,0
2024-06-06,5301.68017578125,5301.68017578125,5353.47998046875,5260.56005859375,5343.97998046875,0
2024-06-07,5287.240234375,5287.240234375,5322.1201171875,5254.89990234375,5288.14990234375,0
2024-06-10,5362.39990234375,5362.39990234375,5379.490234375,5238.83984375,5243.72021484375,0
2024-06-11,5365.3798828125,5365.3798828125,5374.2099609375,5287.0498046875,5343.2998046875,0
2024-06-12,5520.8701171875,5520.8701171875,5543.580078125,5452.85009765625,5456.16015625,0
2024-06-13,5602.419921875,5602.419921875,5624.009765625,5527.22998046875,5590.580078125,0
2024-06-14,5598.31005859375,5598.31005859375,5613.31982421875,5540.9501953125,5558.64013671875,0
2024-06-17,5688.10009765625,5688.10009765625,5699.2099609375,5571.419921875,5639.9599609375,0
2024-06-18,5765.1201171875,5765.1201171875,5792.85986328125,5695.97998046875,5705.490234375,0
2024-06-20,5610.009765625,5610.009765625,5789.6298828125,5577.56005859375,5787.9501953125,0
2024-06-21,5538.5400390625,5538.5400390625,5613.47021484375,5482.4501953125,5538.14990234375,0
2024-06-24,5371.52001953125,5371.52001953125,5519.39990234375,5369.56005859375,5485.18017578125,0
2024-06-25,5467.66015625,5467.66015625,5470.27001953125,5361.81005859375,5413.0498046875,0
2024-06-26,5452.31982421875,5452.31982421875,5499.41015625,5389.47998046875,5469.64990234375,0
2024-06-27,5421.08984375,5421.08984375,5477.509765625,5389.27001953125,5435.330078125,0
2024-06-28,5472.259765625,5472.259765625,5583.1298828125,5431.27001953125,5454.3701171875,0
2024-07-01,5477.14990234375,5477.14990234375,5481.64013671875,5371.10986328125,5472.0,0
2024-07-02,5544.990234375,5544.990234375,5546.0400390625,5442.0498046875,5443.2900390625,0
2024-07-03,5651.72021484375,5651.72021484375,5673.6298828125,5537.0,5555.5400390625,0
2024-07-05,5656.31005859375,5656.31005859375,5703.52978515625,5625.47021484375,5684.0400390625,0
2024-07-08,5765.2099609375,5765.2099609375,5772.5,5700.91015625,5701.2998046875,0
2024-07-09,5765.2001953125,5765.2001953125,5826.16015625,5713.93994140625,5798.6201171875,0
2024-07-10,5904.5400390625,5904.5400390625,5913.9501953125,5799.43017578125,5818.35009765625,0
2024-07-11,5699.66015625,5699.66015625,5931.830078125,5682.10986328125,5929.990234375,0
2024-07-12,5775.18994140625,5775.18994140625,5871.0,5705.8798828125,5727.009765625,0
2024-07-15,5777.7099609375,5777.7099609375,5854.1201171875,5743.759765625,5802.58984375,0
2024-07-16,5804.02978515625,5804.02978515625,5812.7001953125,5714.72998046875,5797.56982421875,0
2024-07-17,5408.7099609375,5408.7099609375,5636.10009765625,5402.93017578125,5596.02978515625,0
2024-07-18,5436.419921875,5436.419921875,5511.47998046875,5341.31982421875,5499.7998046875,0
2024-07-19,5267.16015625,5267.16015625,5429.2099609375,5261.64990234375,5424.52001953125,0
2024-07-22,5477.830078125,5477.830078125,5481.97021484375,5344.27001953125,5382.490234375,0
2024-07-23,5397.89990234375,5397.89990234375,5453.60009765625,5385.9501953125,5407.60986328125,0
2024-07-24,5105.64990234375,5105.64990234375,5330.91015625,5098.43017578125,5320.10009765625,0
2024-07-25,5005.35986328125,5005.35986328125,5168.08984375,4906.72998046875,5052.2998046875,0
2024-07-26,5103.1298828125,5103.1298828125,5147.93994140625,5056.2099609375,5110.6298828125,0
2024-07-29,5087.6201171875,5087.6201171875,5226.3798828125,5074.2998046875,5156.0,0
2024-07-30,4890.14990234375,4890.14990234375,5119.35009765625,4874.60986328125,5108.009765625,0
2024-07-31,5233.18017578125,5233.18017578125,5240.580078125,5088.43994140625,5127.6201171875,0
2024-08-01,4859.58984375,4859.58984375,5201.2900390625,4801.0498046875,5143.83984375,0
2024-08-02,4607.759765625,4607.759765625,4698.8798828125,4540.68017578125,4644.4599609375,0
2024-08-05,4519.4501953125,4519.4501953125,4635.1298828125,4290.35009765625,4330.259765625,0
2024-08-06,4567.56982421875,4567.56982421875,4683.06005859375,4493.669921875,4558.7001953125,0
2024-08-07,4426.27001953125,4426.27001953125,4738.93994140625,4418.56982421875,4709.6201171875,0
2024-08-08,4730.009765625,4730.009765625,4736.72021484375,4472.35009765625,4552.16015625,0
2024-08-09,4709.4501953125,4709.4501953125,4746.27001953125,4643.85009765625,4702.97021484375,0
2024-08-12,4743.81982421875,4743.81982421875,4800.169921875,4690.2099609375,4729.27001953125,0
2024-08-13,4942.31005859375,4942.31005859375,4945.7900390625,4788.27978515625,4807.68017578125,0
2024-08-14,4933.35009765625,4933.35009765625,5000.10986328125,4852.35986328125,4981.77978515625,0
2024-08-15,5173.3798828125,5173.3798828125,5190.169921875,5022.02978515625,5035.580078125,0
2024-08-16,5170.25,5170.25,5186.1201171875,5100.14013671875,5108.72021484375,0
2024-08-19,5266.56982421875,5266.56982421875,5266.97998046875,5096.35009765625,5159.5400390625,0
2024-08-20,5196.2998046875,5196.2998046875,5273.27001953125,5159.10009765625,5237.2900390625,0
2024-08-21,5267.93017578125,5267.93017578125,5288.5400390625,5205.08984375,5232.2998046875,0
2024-08-22,5086.89990234375,5086.89990234375,5315.72021484375,5072.43017578125,5303.830078125,0
2024-08-23,5228.64990234375,5228.64990234375,5259.27978515625,5149.009765625,5163.06005859375,0
2024-08-26,5097.35009765625,5097.35009765625,5229.10009765625,5079.97021484375,5199.02001953125,0
2024-08-27,5153.6298828125,5153.6298828125,5171.10009765625,5018.830078125,5063.47021484375,0
2024-08-28,5059.56005859375,5059.56005859375,5163.7099609375,5005.5,5138.60009765625,0
2024-08-29,5029.25,5029.25,5157.68994140625,5010.0498046875,5068.7099609375,0
2024-08-30,5158.81982421875,5158.81982421875,5176.830078125,5075.3798828125,5154.56982421875,0
2024-09-03,4759.0,4759.0,5058.7099609375,4735.89990234375,5058.7099609375,0
2024-09-04,4770.85009765625,4770.85009765625,4844.259765625,4695.169921875,4707.02001953125,0
2024-09-05,4742.419921875,4742.419921875,4821.64013671875,4698.0498046875,4708.58984375,0
2024-09-06,4528.22021484375,4528.22021484375,4701.08984375,4507.68017578125,4698.77978515625,0
2024-09-09,4625.77978515625,4625.77978515625,4636.6201171875,4547.18017578125,4598.27978515625,0
2024-09-10,4680.669921875,4680.669921875,4684.58984375,4561.93017578125,4624.990234375,0
2024-09-11,4910.169921875,4910.169921875,4918.919921875,4616.58984375,4712.1298828125,0
2024-09-12,4898.43994140625,4898.43994140625,4944.3798828125,4824.2900390625,4878.18017578125,0
2024-09-13,4980.490234375,4980.490234375,4991.33984375,4929.5498046875,4940.22021484375,0
2024-09-16,4910.43994140625,4910.43994140625,4935.77978515625,4850.35986328125,4905.68994140625,0
2024-09-17,4912.10009765625,4912.10009765625,4980.85986328125,4874.33984375,4971.39013671875,0
2024-09-18,4859.2900390625,4859.2900390625,5006.43017578125,4854.8701171875,4935.4501953125,0
2024-09-19,5066.64990234375,5066.64990234375,5135.89013671875,5005.02001953125,5049.77978515625,0
2024-09-20,5000.06005859375,5000.06005859375,5034.580078125,4928.85009765625,5016.39990234375,0
2024-09-23,5025.81005859375,5025.81005859375,5043.97021484375,4984.68017578125,5027.3798828125,0
2024-09-24,5091.77978515625,5091.77978515625,5119.7900390625,5009.7001953125,5071.47998046875,0
2024-09-25,5132.52001953125,5132.52001953125,5167.83984375,5078.25,5078.25,0
2024-09-26,5310.5,5310.5,5355.97021484375,5182.509765625,5352.35009765625,0
2024-09-27,5217.22998046875,5217.22998046875,5318.06005859375,5190.72021484375,5318.0400390625,0
2024-09-30,5173.06005859375,5173.06005859375,5201.830078125,5101.85986328125,5154.47021484375,0
2024-10-01,5024.93994140625,5024.93994140625,5188.39990234375,4987.669921875,5178.47998046875,0
2024-10-02,5099.2001953125,5099.2001953125,5151.02978515625,5008.10986328125,5031.93994140625,0
2024-10-03,5125.2099609375,5125.2099609375,5188.97998046875,5070.58984375,5071.5400390625,0
2024-10-04,5206.83984375,5206.83984375,5237.0400390625,5141.1201171875,5237.0400390625,0
2024-10-07,5196.7998046875,5196.7998046875,5243.3701171875,5162.72021484375,5169.5,0
2024-10-08,5266.10009765625,5266.10009765625,5282.56005859375,5177.27001953125,5208.830078125,0
2024-10-09,5321.89990234375,5321.89990234375,5327.2001953125,5219.52001953125,5267.64990234375,0
2024-10-10,5293.93994140625,5293.93994140625,5322.06005859375,5224.52978515625,5252.669921875,0
2024-10-11,5335.93994140625,5335.93994140625,5351.7099609375,5261.22998046875,5261.419921875,0
2024-10-14,5432.2099609375,5432.2099609375,5445.080078125,5376.16015625,5377.8798828125,0
2024-10-15,5145.2099609375,5145.2099609375,5441.9599609375,5112.27978515625,5421.7099609375,0
2024-10-16,5155.85986328125,5155.85986328125,5206.740234375,5125.9501953125,5193.06005859375,0
2024-10-17,5204.81005859375,5204.81005859375,5302.18017578125,5204.2998046875,5292.72021484375,0
2024-10-18,5208.6201171875,5208.6201171875,5244.1298828125,5190.22021484375,5238.259765625,0
2024-10-21,5215.2099609375,5215.2099609375,5222.93017578125,5145.1298828125,5195.18017578125,0
2024-10-22,5190.7099609375,5190.7099609375,5207.72021484375,5152.02001953125,5182.2998046875,0
2024-10-23,5131.3701171875,5131.3701171875,5190.64990234375,5061.39990234375,5174.83984375,0
2024-10-24,5157.60986328125,5157.60986328125,5175.0,5116.41015625,5170.27001953125,0
2024-10-25,5212.830078125,5212.830078125,5287.77001953125,5210.7998046875,5212.3798828125,0
2024-10-28,5211.669921875,5211.669921875,5246.8798828125,5190.02001953125,5199.58984375,0
2024-10-29,5332.169921875,5332.169921875,5358.0400390625,5187.81005859375,5211.1201171875,0
2024-10-30,5153.490234375,5153.490234375,5228.52978515625,5151.85009765625,5192.64013671875,0
2024-10-31,4946.75,4946.75,5085.56005859375,4911.60986328125,5085.56005859375,0
2024-11-01,5001.43017578125,5001.43017578125,5054.06005859375,4975.72998046875,4984.990234375,0
2024-11-04,4974.0,4974.0,5051.77001953125,4960.64013671875,4996.9599609375,0
2024-11-05,5057.830078125,5057.830078125,5059.259765625,4999.16015625,4999.3798828125,0
2024-11-06,5215.56982421875,5215.56982421875,5233.75,5118.72998046875,5163.580078125,0
2024-11-07,5333.990234375,5333.990234375,5337.91015625,5280.31005859375,5294.64990234375,0
2024-11-08,5290.52001953125,5290.52001953125,5333.2900390625,5262.02978515625,5311.85986328125,0
2024-11-11,5156.39013671875,5156.39013671875,5242.6298828125,5097.7900390625,5240.6298828125,0
2024-11-12,5108.64013671875,5108.64013671875,5153.33984375,5043.77001953125,5145.68017578125,0
2024-11-13,5006.2900390625,5006.2900390625,5086.419921875,4999.64990234375,5077.27978515625,0
2024-11-14,5004.58984375,5004.58984375,5075.81982421875,4992.5400390625,5062.7998046875,0
2024-11-15,4833.58984375,4833.58984375,4936.18994140625,4816.52978515625,4914.080078125,0
2024-11-18,4888.77001953125,4888.77001953125,4896.77001953125,4806.0,4833.4599609375,0
2024-11-19,4919.16015625,4919.16015625,4925.06005859375,4860.72998046875,4874.18017578125,0
2024-11-20,4884.25,4884.25,4902.83984375,4813.2998046875,4902.41015625,0
2024-11-21,4963.0498046875,4963.0498046875,4989.91015625,4842.16015625,4949.39013671875,0
2024-11-22,4955.7998046875,4955.7998046875,4973.6298828125,4921.56005859375,4956.2998046875,0
2024-11-25,4987.919921875,4987.919921875,5031.240234375,4955.10986328125,5001.14990234375,0
2024-11-26,4927.56005859375,4927.56005859375,5036.27978515625,4892.0498046875,5027.72021484375,0
2024-11-27,4853.009765625,4853.009765625,4899.47998046875,4770.2998046875,4897.35009765625,0
2024-11-29,4926.56005859375,4926.56005859375,4975.60986328125,4887.85986328125,4894.97021484375,0
2024-12-02,5055.31982421875,5055.31982421875,5084.31005859375,4956.41015625,4957.02001953125,0
2024-12-03,5035.85986328125,5035.85986328125,5059.83984375,5014.81982421875,5027.740234375,0
2024-12-04,5121.77978515625,5121.77978515625,5143.8798828125,5076.259765625,5140.77001953125,0
2024-12-05,5026.3701171875,5026.3701171875,5114.16015625,5015.169921875,5104.2001953125,0
2024-12-06,5061.2998046875,5061.2998046875,5073.10009765625,5018.97021484375,5029.60986328125,0
2024-12-09,5018.83984375,5018.83984375,5085.47998046875,4998.56982421875,5023.7099609375,0
2024-12-10,4894.7001953125,4894.7001953125,5032.669921875,4863.39990234375,5032.64990234375,0
2024-12-11,5027.7998046875,5027.7998046875,5055.25,4940.06005859375,4968.83984375,0
2024-12-12,4982.18994140625,4982.18994140625,5005.81005859375,4946.64990234375,4979.080078125,0
2024-12-13,5149.77978515625,5149.77978515625,5184.83984375,5070.759765625,5126.60009765625,0
2024-12-16,5256.06005859375,5256.06005859375,5280.7900390625,5135.18994140625,5175.85009765625,0
2024-12-17,5169.7900390625,5169.7900390625,5213.22998046875,5135.669921875,5193.02978515625,0
2024-12-18,4970.97998046875,4970.97998046875,5247.7001953125,4935.5400390625,5207.2001953125,0
2024-12-19,4893.47021484375,4893.47021484375,4996.919921875,4881.580078125,4984.009765625,0
2024-12-20,4964.91015625,4964.91015625,5032.97998046875,4853.2001953125,4862.4599609375,0
2024-12-23,5118.75,5118.75,5124.18994140625,5013.75,5013.75,0
2024-12-24,5173.56005859375,5173.56005859375,5173.7998046875,5123.31982421875,5151.02001953125,0
2024-12-26,5175.31005859375,5175.31005859375,5207.3701171875,5128.759765625,5140.6201171875,0
2024-12-27,5122.97021484375,5122.97021484375,5153.7900390625,5058.81005859375,5149.5498046875,0
2024-12-30,5026.509765625,5026.509765625,5075.60986328125,4988.5498046875,5032.4501953125,0
2024-12-31,4979.93017578125,4979.93017578125,5059.5,4962.419921875,5041.080078125,0
2025-01-02,5021.5,5021.5,5094.14013671875,4976.2900390625,5024.580078125,0
2025-01-03,5163.64990234375,5163.64990234375,5173.39013671875,5059.81005859375,5061.52001953125,0
2025-01-06,5310.14013671875,5310.14013671875,5381.0400390625,5283.39990234375,5284.509765625,0
2025-01-07,5212.25,5212.25,5370.830078125,5186.1298828125,5368.43017578125,0
2025-01-08,5162.35009765625,5162.35009765625,5207.0400390625,5104.64013671875,5204.18994140625,0
2025-01-10,5037.47021484375,5037.47021484375,5091.4599609375,5001.27001953125,5089.9501953125,0
2025-01-13,5020.0400390625,5020.0400390625,5026.47021484375,4929.93017578125,4945.97021484375,0
2025-01-14,5045.9501953125,5045.9501953125,5097.4501953125,4987.43994140625,5064.93994140625,0
2025-01-15,5153.669921875,5153.669921875,5179.330078125,5107.2001953125,5128.22021484375,0
2025-01-16,5162.9599609375,5162.9599609375,5262.009765625,5161.919921875,5246.7998046875,0
2025-01-17,5309.740234375,5309.740234375,5319.68017578125,5252.35986328125,5289.60986328125,0
2025-01-21,5378.5,5378.5,5425.330078125,5307.52001953125,5356.91015625,0
2025-01-22,5469.2900390625,5469.2900390625,5525.14990234375,5433.7998046875,5436.77001953125,0
2025-01-23,5444.68994140625,5444.68994140625,5444.740234375,5350.85009765625,5367.52001953125,0
2025-01-24,5341.93994140625,5341.93994140625,5449.81005859375,5320.60986328125,5447.2900390625,0
2025-01-27,4853.240234375,4853.240234375,5045.43017578125,4785.43017578125,5007.83984375,0
2025-01-28,4907.02978515625,4907.02978515625,4928.18994140625,4776.81982421875,4896.25,0
2025-01-29,4918.10009765625,4918.10009765625,4964.669921875,4862.31982421875,4949.43017578125,0
2025-01-30,5030.52978515625,5030.52978515625,5054.43017578125,4959.7001953125,4996.5498046875,0
2025-01-31,5015.85009765625,5015.85009765625,5161.93017578125,5000.18994140625,5058.47021484375,0
2025-02-03,4924.81005859375,4924.81005859375,4983.18994140625,4848.72021484375,4866.4501953125,0
2025-02-04,4976.58984375,4976.58984375,4999.68994140625,4907.4501953125,4917.6298828125,0
2025-02-05,5091.5,5091.5,5102.39990234375,4945.66015625,4988.06005859375,0
2025-02-06,5092.58984375,5092.58984375,5106.490234375,5041.85986328125,5062.2900390625,0
2025-02-07,5009.33984375,5009.33984375,5129.64013671875,4978.56982421875,5115.4501953125,0
2025-02-10,5082.669921875,5082.669921875,5097.3701171875,5056.0400390625,5058.0,0
2025-02-11,5079.97021484375,5079.97021484375,5110.4501953125,5042.5400390625,5043.1201171875,0
2025-02-12,5090.7900390625,5090.7900390625,5093.10009765625,4992.52001953125,5003.2001953125,0
2025-02-13,5156.39013671875,5156.39013671875,5158.490234375,5086.33984375,5087.68017578125,0
2025-02-14,5160.93994140625,5160.93994140625,5176.330078125,5132.93017578125,5149.169921875,0
2025-02-18,5247.85986328125,5247.85986328125,5259.18017578125,5168.490234375,5209.97998046875,0
2025-02-19,5309.68994140625,5309.68994140625,5331.9599609375,5223.1201171875,5246.4501953125,0
2025-02-20,5310.6298828125,5310.6298828125,5366.31982421875,5254.64013671875,5336.9501953125,0
2025-02-21,5136.58984375,5136.58984375,5321.2001953125,5120.02978515625,5318.47998046875,0
2025-02-24,5003.5400390625,5003.5400390625,5167.43994140625,4999.580078125,5155.3701171875,0
2025-02-25,4888.8798828125,4888.8798828125,5009.18994140625,4876.41015625,4993.5498046875,0
2025-02-26,4990.81982421875,4990.81982421875,5032.64013671875,4935.330078125,4959.97021484375,0
2025-02-27,4686.75,4686.75,5041.14990234375,4684.77978515625,5032.8798828125,0
2025-02-28,4766.75,4766.75,4795.89013671875,4634.9501953125,4684.22021484375,0
2025-03-03,4575.3701171875,4575.3701171875,4827.56982421875,4533.759765625,4817.669921875,0
2025-03-04,4604.509765625,4604.509765625,4726.83984375,4469.68994140625,4564.75,0
2025-03-05,4700.7900390625,4700.7900390625,4714.52978515625,4565.89013671875,4646.81982421875,0
2025-03-06,4487.85009765625,4487.85009765625,4623.0,4474.85986328125,4519.10986328125,0
2025-03-07,4629.58984375,4629.58984375,4642.56982421875,4455.759765625,4533.35986328125,0
2025-03-10,4405.08984375,4405.08984375,4548.72998046875,4343.25,4508.64013671875,0
2025-03-11,4374.06982421875,4374.06982421875,4470.330078125,4300.490234375,4418.1298828125,0
2025-03-12,4481.02001953125,4481.02001953125,4537.14013671875,4436.72021484375,4488.06005859375,0
2025-03-13,4453.240234375,4453.240234375,4548.5400390625,4413.68017578125,4485.830078125,0
2025-03-14,4598.7900390625,4598.7900390625,4608.68994140625,4534.7099609375,4542.7099609375,0
2025-03-17,4663.97021484375,4663.97021484375,4703.77001953125,4587.0498046875,4587.10986328125,0
2025-03-18,4589.02978515625,4589.02978515625,4628.64990234375,4562.0400390625,4618.0400390625,0
2025-03-19,4634.52978515625,4634.52978515625,4709.3798828125,4558.58984375,4598.919921875,0
2025-03-20,4601.3701171875,4601.3701171875,4648.4599609375,4575.4501953125,4579.06005859375,0
2025-03-21,4557.9501953125,4557.9501953125,4570.41015625,4484.47998046875,4514.39990234375,0
2025-03-24,4694.22021484375,4694.22021484375,4722.47998046875,4657.330078125,4662.89990234375,0
2025-03-25,4661.33984375,4661.33984375,4693.2001953125,4648.7998046875,4679.8798828125,0
2025-03-26,4508.740234375,4508.740234375,4649.5400390625,4467.7099609375,4639.919921875,0
2025-03-27,4415.25,4415.25,4476.3701171875,4394.7998046875,4452.52001953125,0
2025-03-28,4284.91015625,4284.91015625,4411.66015625,4259.93017578125,4387.83984375,0
2025-03-31,4270.43017578125,4270.43017578125,4277.18994140625,4129.60986328125,4193.5,0
2025-04-01,4282.4599609375,4282.4599609375,4285.9599609375,4179.4501953125,4253.5498046875,0
2025-04-02,4320.75,4320.75,4374.509765625,4206.66015625,4216.240234375,0
2025-04-03,3893.68994140625,3893.68994140625,4131.81982421875,3889.6201171875,4115.1298828125,0
2025-04-04,3597.659912109375,3597.659912109375,3778.780029296875,3529.60009765625,3760.14990234375,0
2025-04-07,3694.949951171875,3694.949951171875,3896.070068359375,3388.6201171875,3460.449951171875,0
2025-04-08,3562.93994140625,3562.93994140625,3902.530029296875,3484.27001953125,3863.699951171875,0
2025-04-09,4230.4501953125,4230.4501953125,4265.02001953125,3572.47998046875,3609.169921875,0
2025-04-10,3893.300048828125,3893.300048828125,4036.8701171875,3757.52001953125,4020.1298828125,0
2025-04-11,3990.89990234375,3990.89990234375,4000.3798828125,3822.280029296875,3881.22998046875,0
2025-04-14,4003.219970703125,4003.219970703125,4098.43994140625,3944.89990234375,4094.639892578125,0
2025-04-15,4021.889892578125,4021.889892578125,4074.93994140625,4000.929931640625,4019.780029296875,0
2025-04-16,3857.169921875,3857.169921875,3905.860107421875,3733.989990234375,3836.89990234375,0
2025-04-17,3832.469970703125,3832.469970703125,3887.989990234375,3796.530029296875,3886.840087890625,0
2025-04-21,3751.909912109375,3751.909912109375,3765.080078125,3681.14990234375,3761.860107421875,0
2025-04-22,3832.050048828125,3832.050048828125,3858.35009765625,3776.969970703125,3787.52001953125,0
2025-04-23,3983.919921875,3983.919921875,4070.8701171875,3963.820068359375,4035.010009765625,0
2025-04-24,4208.18994140625,4208.18994140625,4212.39013671875,4054.669921875,4071.3798828125,0
2025-04-25,4251.60986328125,4251.60986328125,4279.56005859375,4152.740234375,4167.10986328125,0
2025-04-28,4235.6201171875,4235.6201171875,4264.60009765625,4144.60009765625,4227.330078125,0
2025-04-29,4196.75,4196.75,4241.3798828125,4172.7998046875,4184.47021484375,0
2025-04-30,4230.08984375,4230.08984375,4238.02978515625,4066.800048828125,4085.239990234375,0
2025-05-01,4247.66015625,4247.66015625,4332.06005859375,4243.080078125,4288.02001953125,0
2025-05-02,4397.0498046875,4397.0498046875,4430.9501953125,4352.58984375,4363.4501953125,0
2025-05-05,4356.18017578125,4356.18017578125,4399.56005859375,4348.72998046875,4351.35986328125,0
2025-05-06,4311.2001953125,4311.2001953125,4346.31005859375,4252.669921875,4281.06982421875,0
2025-05-07,4386.35986328125,4386.35986328125,4400.240234375,4268.93017578125,4304.35009765625,0
2025-05-08,4430.43994140625,4430.43994140625,4494.8701171875,4392.9599609375,4444.169921875,0
2025-05-09,4466.5,4466.5,4515.759765625,4433.259765625,4509.31982421875,0
2025-05-12,4780.93017578125,4780.93017578125,4807.0,4708.14990234375,4769.75,0
2025-05-13,4931.35009765625,4931.35009765625,4952.89990234375,4798.0400390625,4799.56005859375,0
2025-05-14,4960.72998046875,4960.72998046875,4996.10009765625,4918.8701171875,4968.9501953125,0
2025-05-15,4932.4501953125,4932.4501953125,4968.7001953125,4873.5400390625,4909.68994140625,0
2025-05-16,4922.18994140625,4922.18994140625,4927.81982421875,4868.75,4927.68017578125,0
2025-05-19,4897.7099609375,4897.7099609375,4907.47021484375,4810.4599609375,4812.77978515625,0
2025-05-20,4890.77978515625,4890.77978515625,4892.64990234375,4841.830078125,4854.7998046875,0
2025-05-21,4802.7099609375,4802.7099609375,4949.27001953125,4775.14990234375,4857.06982421875,0
2025-05-22,4775.47021484375,4775.47021484375,4846.81982421875,4772.5400390625,4798.68017578125,0
2025-05-23,4702.3798828125,4702.3798828125,4728.3798828125,4647.31982421875,4659.72021484375,0
2025-05-27,4861.08984375,4861.08984375,4878.77001953125,4767.77978515625,4795.0400390625,0
2025-05-28,4834.419921875,4834.419921875,4889.169921875,4825.68994140625,4868.56005859375,0
2025-05-29,4860.47998046875,4860.47998046875,4956.240234375,4832.35009765625,4956.240234375,0
2025-05-30,4758.06005859375,4758.06005859375,4828.25,4673.41015625,4828.25,0
2025-06-02,4832.7900390625,4832.7900390625,4848.2900390625,4759.02001953125,4762.64990234375,0
2025-06-03,4964.41015625,4964.41015625,4970.39990234375,4815.27978515625,4836.259765625,0
2025-06-04,5033.35009765625,5033.35009765625,5049.56005859375,4959.5498046875,5004.330078125,0
2025-06-05,5010.919921875,5010.919921875,5112.16015625,4980.18994140625,5079.39990234375,0
2025-06-06,5038.06005859375,5038.06005859375,5101.5498046875,5034.77978515625,5066.18017578125,0
2025-06-09,5136.66015625,5136.66015625,5185.89990234375,5083.27978515625,5083.75,0
2025-06-10,5242.5,5242.5,5253.009765625,5149.830078125,5169.2001953125,0
2025-06-11,5232.52978515625,5232.52978515625,5302.64013671875,5186.85009765625,5270.02001953125,0
2025-06-12,5249.14990234375,5249.14990234375,5269.5,5200.91015625,5201.2099609375,0
2025-06-13,5112.240234375,5112.240234375,5193.85986328125,5101.02978515625,5140.89990234375,0
2025-06-16,5267.2998046875,5267.2998046875,5293.169921875,5178.35009765625,5178.41015625,0
2025-06-17,5223.64990234375,5223.64990234375,5311.759765625,5222.3798828125,5243.39013671875,0
2025-06-18,5251.02001953125,5251.02001953125,5305.240234375,5219.6298828125,5248.27001953125,0
2025-06-20,5211.47998046875,5211.47998046875,5304.580078125,5143.64990234375,5296.14013671875,0
2025-06-23,5244.2998046875,5244.2998046875,5267.419921875,5140.3798828125,5209.27001953125,0
2025-06-24,5441.8701171875,5441.8701171875,5444.39013671875,5335.27001953125,5335.27001953125,0
2025-06-25,5493.2998046875,5493.2998046875,5494.77978515625,5443.39990234375,5461.14990234375,0
2025-06-26,5541.4599609375,5541.4599609375,5553.2900390625,5495.22021484375,5530.4599609375,0
2025-06-27,5544.990234375,5544.990234375,5588.52001953125,5488.68017578125,5549.4599609375,0
2025-06-30,5546.5400390625,5546.5400390625,5571.39013671875,5520.27978515625,5564.169921875,0
2025-07-01,5507.5,5507.5,5543.93017578125,5429.16015625,5512.10986328125,0
2025-07-02,5611.0498046875,5611.0498046875,5627.64013671875,5490.56005859375,5503.259765625,0
2025-07-03,5647.1201171875,5647.1201171875,5668.14013671875,5630.240234375,5633.08984375,0
2025-07-07,5541.2001953125,5541.2001953125,5613.919921875,5519.47998046875,5596.47021484375,0
2025-07-08,5641.22021484375,5641.22021484375,5676.68017578125,5572.8798828125,5591.43994140625,0
2025-07-09,5665.990234375,5665.990234375,5722.3798828125,5618.97021484375,5665.8701171875,0
2025-07-10,5708.27978515625,5708.27978515625,5724.0498046875,5657.89013671875,5712.2998046875,0
2025-07-11,5696.2900390625,5696.2900390625,5718.75,5659.08984375,5677.919921875,0
2025-07-14,5646.72021484375,5646.72021484375,5671.2001953125,5568.490234375,5651.77978515625,0
2025-07-15,5718.60986328125,5718.60986328125,5791.81005859375,5714.35009765625,5778.02978515625,0
2025-07-16,5696.2099609375,5696.2099609375,5698.14013671875,5560.06982421875,5659.2998046875,0
2025-07-17,5737.64013671875,5737.64013671875,5755.080078125,5670.14990234375,5696.7900390625,0
2025-07-18,5732.6201171875,5732.6201171875,5776.31005859375,5695.0498046875,5754.89013671875,0
2025-07-21,5739.419921875,5739.419921875,5808.60009765625,5737.81982421875,5754.740234375,0
2025-07-22,5638.7099609375,5638.7099609375,5721.02001953125,5580.2998046875,5717.72021484375,0
2025-07-23,5637.7900390625,5637.7900390625,5642.14990234375,5564.60986328125,5613.68994140625,0
2025-07-24,5644.3701171875,5644.3701171875,5657.580078125,5595.240234375,5645.33984375,0
2025-07-25,5645.85986328125,5645.85986328125,5650.16015625,5589.97998046875,5601.52001953125,0
2025-07-28,5737.10009765625,5737.10009765625,5738.919921875,5695.93017578125,5704.89013671875,0
2025-07-29,5739.7900390625,5739.7900390625,5819.8701171875,5706.02978515625,5784.02978515625,0
2025-07-30,5787.31982421875,5787.31982421875,5820.5400390625,5738.64990234375,5788.83984375,0
2025-07-31,5607.919921875,5607.919921875,5730.419921875,5558.10986328125,5721.580078125,0
2025-08-01,5527.60986328125,5527.60986328125,5583.43017578125,5418.31982421875,5501.91015625,0
2025-08-04,5624.41015625,5624.41015625,5624.85986328125,5550.1201171875,5575.830078125,0
2025-08-05,5561.68994140625,5561.68994140625,5651.0,5501.43017578125,5633.06005859375,0
2025-08-06,5550.2998046875,5550.2998046875,5561.43994140625,5474.509765625,5525.58984375,0
2025-08-07,5633.7001953125,5633.7001953125,5701.509765625,5588.3701171875,5675.1201171875,0
2025-08-08,5678.02001953125,5678.02001953125,5682.10009765625,5616.990234375,5629.47021484375,0
2025-08-11,5670.3701171875,5670.3701171875,5763.31982421875,5660.22998046875,5722.080078125,0
2025-08-12,5840.08984375,5840.08984375,5842.52001953125,5682.5400390625,5710.10986328125,0
2025-08-13,5892.60986328125,5892.60986328125,5907.9599609375,5835.60986328125,5875.4501953125,0
2025-08-14,5885.490234375,5885.490234375,5904.60009765625,5787.2099609375,5828.06982421875,0
2025-08-15,5752.740234375,5752.740234375,5832.6298828125,5737.02978515625,5830.18017578125,0
2025-08-18,5776.31005859375,5776.31005859375,5781.0,5738.5498046875,5742.490234375,0
2025-08-19,5671.509765625,5671.509765625,5797.9599609375,5664.93017578125,5777.66015625,0
2025-08-20,5630.81982421875,5630.81982421875,5644.31005859375,5480.0498046875,5642.89990234375,0
2025-08-21,5603.259765625,5603.259765625,5643.4501953125,5574.259765625,5607.6201171875,0
2025-08-22,5754.4599609375,5754.4599609375,5818.22998046875,5598.8798828125,5612.31982421875,0
2025-08-25,5756.2998046875,5756.2998046875,5784.60009765625,5724.31982421875,5758.77001953125,0
2025-08-26,5807.919921875,5807.919921875,5824.06982421875,5777.5498046875,5780.14013671875,0
2025-08-27,5824.60986328125,5824.60986328125,5831.509765625,5766.77001953125,5789.72021484375,0
2025-08-28,5853.0498046875,5853.0498046875,5889.06005859375,5808.93994140625,5859.18017578125,0
2025-08-29,5668.93994140625,5668.93994140625,5758.7001953125,5646.169921875,5757.97021484375,0
2025-09-02,5605.4599609375,5605.4599609375,5609.41015625,5503.1201171875,5509.41015625,0
2025-09-03,5592.81982421875,5592.81982421875,5624.759765625,5538.2001953125,5619.10009765625,0
2025-09-04,5667.85986328125,5667.85986328125,5672.6201171875,5545.60009765625,5566.68994140625,0
2025-09-05,5761.39990234375,5761.39990234375,5792.97021484375,5687.14013671875,5775.41015625,0
2025-09-08,5809.60986328125,5809.60986328125,5835.77001953125,5786.33984375,5804.02978515625,0
2025-09-09,5819.830078125,5819.830078125,5830.16015625,5776.009765625,5825.0400390625,0
2025-09-10,5958.08984375,5958.08984375,5977.60986328125,5911.509765625,5921.9501953125,0
2025-09-11,5995.39013671875,5995.39013671875,6033.52978515625,5987.52978515625,6008.39013671875,0
2025-09-12,6001.740234375,6001.740234375,6021.759765625,5974.58984375,6018.3798828125,0
2025-09-15,6059.830078125,6059.830078125,6062.2900390625,5979.990234375,5993.8798828125,0
2025-09-16,6079.22021484375,6079.22021484375,6098.1201171875,6034.41015625,6085.97021484375,0
2025-09-17,6060.22021484375,6060.22021484375,6109.080078125,5980.240234375,6067.009765625,0
2025-09-18,6278.16015625,6278.16015625,6311.58984375,6201.0498046875,6220.009765625,0
2025-09-19,6232.25,6232.25,6249.080078125,6184.66015625,6248.39013671875,0
2025-09-22,6330.1201171875,6330.1201171875,6347.60009765625,6246.7099609375,6247.830078125,0
2025-09-23,6308.2099609375,6308.2099609375,6374.6201171875,6274.5400390625,6336.52978515625,0
2025-09-24,6297.0,6297.0,6313.919921875,6216.3701171875,6282.18017578125,0
2025-09-25,6284.669921875,6284.669921875,6298.7001953125,6125.009765625,6176.580078125,0
2025-09-26,6305.0498046875,6305.0498046875,6313.0400390625,6229.72021484375,6279.64013671875,0
2025-09-29,6315.10986328125,6315.10986328125,6408.259765625,6313.7099609375,6380.02001953125,0
2025-09-30,6369.81982421875,6369.81982421875,6374.06005859375,6289.4501953125,6322.56982421875,0
2025-10-01,6500.27978515625,6500.27978515625,6507.02978515625,6317.7900390625,6321.7998046875,0
2025-10-02,6626.3798828125,6626.3798828125,6643.7099609375,6573.10009765625,6633.3701171875,0
2025-10-03,6583.740234375,6583.740234375,6683.43994140625,6547.39990234375,6655.06982421875,0
2025-10-06,6774.06005859375,6774.06005859375,6881.91015625,6773.259765625,6852.72021484375,0
2025-10-07,6634.759765625,6634.759765625,6847.509765625,6622.6298828125,6837.669921875,0
2025-10-08,6860.2001953125,6860.2001953125,6867.08984375,6624.06982421875,6625.2900390625,0
2025-10-09,6840.2001953125,6840.2001953125,6869.080078125,6776.830078125,6845.39013671875,0
2025-10-10,6407.60009765625,6407.60009765625,6867.85986328125,6403.240234375,6853.43017578125,0
2025-10-13,6723.47021484375,6723.47021484375,6742.3701171875,6612.8798828125,6662.89013671875,0
2025-10-14,6570.330078125,6570.330078125,6706.4501953125,6532.740234375,6582.330078125,0
2025-10-15,6767.06005859375,6767.06005859375,6780.72998046875,6632.14013671875,6723.009765625,0
2025-10-16,6800.02001953125,6800.02001953125,6880.56982421875,6727.9599609375,6848.22021484375,0
2025-10-17,6777.97998046875,6777.97998046875,6812.27978515625,6673.580078125,6742.02978515625,0
2025-10-20,6885.02978515625,6885.02978515625,6935.64990234375,6855.18017578125,6858.6298828125,0
2025-10-21,6839.27001953125,6839.27001953125,6875.72998046875,6793.1201171875,6864.240234375,0
2025-10-22,6677.56982421875,6677.56982421875,6819.83984375,6547.3701171875,6764.43994140625,0
2025-10-23,6847.39013671875,6847.39013671875,6861.4599609375,6648.330078125,6648.330078125,0
2025-10-24,6976.93994140625,6976.93994140625,7021.3798828125,6961.16015625,6970.16015625,0
2025-10-27,7167.97998046875,7167.97998046875,7175.52978515625,7083.10009765625,7103.56005859375,0
2025-10-28,7194.7099609375,7194.7099609375,7223.77001953125,7136.3798828125,7158.16015625,0
2025-10-29,7327.93017578125,7327.93017578125,7392.64013671875,7257.81982421875,7342.5400390625,0
2025-10-30,7216.0,7216.0,7351.0498046875,7213.39990234375,7283.08984375,0
2025-10-31,7228.66015625,7228.66015625,7345.91015625,7171.740234375,7284.330078125,0
2025-11-03,7270.97021484375,7270.97021484375,7353.6298828125,7248.68994140625,7342.7998046875,0
2025-11-04,6979.56982421875,6979.56982421875,7190.58984375,6972.3701171875,7074.4501953125,0
2025-11-05,7190.27001953125,7190.27001953125,7277.81982421875,7022.9501953125,7024.27978515625,0
2025-11-06,7018.39013671875,7018.39013671875,7226.06005859375,6974.1201171875,7195.22998046875,0
2025-11-07,6947.35986328125,6947.35986328125,6949.14990234375,6688.83984375,6917.75,0
2025-11-10,7156.9501953125,7156.9501953125,7178.35009765625,7066.47998046875,7136.66015625,0
2025-11-11,6979.7001953125,6979.7001953125,7099.81005859375,6965.759765625,7077.3798828125,0
2025-11-12,7082.1298828125,7082.1298828125,7130.5498046875,7035.27001953125,7112.16015625,0
2025-11-13,6818.740234375,6818.740234375,7008.43994140625,6750.1201171875,7003.169921875,0
2025-11-14,6811.2001953125,6811.2001953125,6911.919921875,6587.83984375,6634.93994140625,0
2025-11-17,6705.740234375,6705.740234375,6886.6298828125,6631.31982421875,6756.56005859375,0
2025-11-18,6551.02978515625,6551.02978515625,6651.58984375,6479.68017578125,6622.009765625,0
2025-11-19,6670.02978515625,6670.02978515625,6751.81982421875,6552.97021484375,6577.27978515625,0
2025-11-20,6352.06982421875,6352.06982421875,6882.990234375,6327.7900390625,6863.1201171875,0
2025-11-21,6406.43017578125,6406.43017578125,6505.8798828125,6160.0498046875,6351.0498046875,0
2025-11-24,6703.2001953125,6703.2001953125,6733.02978515625,6475.39013671875,6494.85986328125,0
2025-11-25,6714.18017578125,6714.18017578125,6730.9599609375,6457.2998046875,6617.14013671875,0
2025-11-26,6899.4599609375,6899.4599609375,6958.93017578125,6790.27978515625,6801.5498046875,0
2025-11-28,7025.14990234375,7025.14990234375,7028.14013671875,6907.7998046875,6926.91015625,0
2025-12-01,7020.52978515625,7020.52978515625,7081.1201171875,6920.669921875,6945.2001953125,0
2025-12-02,7149.47021484375,7149.47021484375,7211.14013671875,7057.31005859375,7098.60986328125,0
2025-12-03,7280.509765625,7280.509765625,7284.35986328125,7099.81005859375,7164.81982421875,0
2025-12-04,7215.97021484375,7215.97021484375,7267.35986328125,7180.77978515625,7238.72998046875,0
2025-12-05,7294.83984375,7294.83984375,7377.2998046875,7282.2900390625,7303.06005859375,0
2025-12-08,7375.22021484375,7375.22021484375,7410.5,7302.7001953125,7358.16015625,0
2025-12-09,7372.509765625,7372.509765625,7386.4501953125,7299.9599609375,7325.830078125,0
2025-12-10,7467.490234375,7467.490234375,7490.27978515625,7333.4599609375,7369.72998046875,0
2025-12-11,7411.47998046875,7411.47998046875,7419.6201171875,7208.22998046875,7353.080078125,0
2025-12-12,7033.56982421875,7033.56982421875,7331.3798828125,7003.39990234375,7297.85009765625,0
2025-12-15,6990.41015625,6990.41015625,7125.9599609375,6971.39990234375,7096.27001953125,0
2025-12-16,6958.43994140625,6958.43994140625,7019.10986328125,6888.6201171875,6977.89990234375,0
2025-12-17,6695.31005859375,6695.31005859375,7005.080078125,6680.68017578125,6993.10009765625,0
2025-12-18,6863.6298828125,6863.6298828125,6970.18994140625,6831.72998046875,6938.919921875,0
2025-12-19,7067.8701171875,7067.8701171875,7095.009765625,6942.4599609375,6942.4599609375,0
2025-12-22,7145.56982421875,7145.56982421875,7206.39013671875,7120.0400390625,7204.02001953125,0
2025-12-23,7184.5400390625,7184.5400390625,7186.39013671875,7091.4599609375,7118.39013671875,0
2025-12-24,7204.3701171875,7204.3701171875,7212.5498046875,7173.27001953125,7191.72021484375,0
2025-12-26,7207.64013671875,7207.64013671875,7233.06005859375,7188.580078125,7229.66015625,0
2025-12-29,7178.27001953125,7178.27001953125,7205.22021484375,7098.77001953125,7116.14990234375,0
