Date,Adj Close,Close,High,Low,Open,Volume
2020-11-30,18.822847366333008,19.752500534057617,19.84749984741211,18.822500228881836,19.71500015258789,184622400
2020-12-01,19.562559127807617,20.528749465942383,20.868749618530273,20.012500762939453,20.2237491607666,169989600
2020-12-02,19.641178131103516,20.611249923706055,20.68000030517578,19.897499084472656,20.2762508392334,146129600
2020-12-03,19.720989227294922,20.69499969482422,21.02375030517578,20.543750762939453,20.6612491607666,157461600
2020-12-04,19.96279525756836,20.948749542236328,20.979999542236328,20.563749313354492,20.700000762939453,127088000
2020-12-07,20.301084518432617,21.303749084472656,21.377500534057617,20.950000762939453,20.987499237060547,124028000
2020-12-08,20.486907958984375,21.498750686645508,21.584999084472656,20.826250076293945,21.206249237060547,133925600
2020-12-09,19.114683151245117,20.05875015258789,21.532499313354492,19.827499389648438,21.479999542236328,244878400
2020-12-10,19.349340438842773,20.30500030517578,20.533750534057617,19.407499313354492,19.6299991607666,173346400
2020-12-11,19.213550567626953,20.162500381469727,20.19124984741211,19.487499237060547,19.956249237060547,169819200
2020-12-14,19.623315811157227,20.592500686645508,21.006250381469727,20.396249771118164,20.403749465942383,146684800
2020-12-15,20.23318862915039,21.232500076293945,21.251249313354492,20.614999771118164,21.072500228881836,157417600
2020-12-16,20.572677612304688,21.5887508392334,21.78125,21.122499465942383,21.346250534057617,137590400
2020-12-17,20.99434471130371,22.03125,22.084999084472656,21.698749542236328,21.956249237060547,139275200
2020-12-18,20.765642166137695,21.791250228881836,22.238750457763672,21.31624984741211,22.19499969482422,168756000
2020-12-21,20.688215255737305,21.709999084472656,21.827499389648438,20.584999084472656,21.196250915527344,203596800
2020-12-22,20.851408004760742,21.881250381469727,22.0887508392334,21.272499084472656,21.912500381469727,160330400
2020-12-23,20.536937713623047,21.551250457763672,21.969999313354492,21.522499084472656,21.8799991607666,119434400
2020-12-24,20.80375862121582,21.831249237060547,21.93000030517578,21.59000015258789,21.613750457763672,77065600
2020-12-28,21.427932739257812,22.486249923706055,22.594999313354492,22.00374984741211,22.395000457763672,117052800
2020-12-29,21.491060256958008,22.552499771118164,22.924999237060547,22.35124969482422,22.793750762939453,121142400
2020-12-30,21.48748779296875,22.548749923706055,22.875,22.408750534057617,22.806249618530273,104807200
2020-12-31,21.65544891357422,22.725000381469727,22.809999465942383,22.291250228881836,22.533750534057617,106708000
2021-01-04,20.708459854125977,21.731250762939453,23.048749923706055,20.853750228881836,23.010000228881836,197472000
2021-01-05,21.227815628051758,22.2762508392334,22.31999969482422,21.53499984741211,21.53499984741211,118712800
2021-01-06,20.34992218017578,21.354999542236328,22.292499542236328,21.02750015258789,21.237499237060547,210730400
2021-01-07,21.819826126098633,22.897499084472656,23.081249237060547,21.918750762939453,21.921249389648438,123695200
2021-01-08,22.66555404663086,23.78499984741211,23.860000610351562,22.924999237060547,23.41374969482422,152815200
2021-01-11,21.663785934448242,22.733749389648438,23.36750030517578,22.60124969482422,23.10124969482422,140325600
2021-01-12,21.569679260253906,22.635000228881836,23.001249313354492,22.049999237060547,22.764999389648438,146031200
2021-01-13,21.98897361755371,23.075000762939453,23.27375030517578,22.5625,22.696250915527344,108750400
2021-01-14,21.654253005981445,22.7237491607666,23.417499542236328,22.6200008392334,23.1875,118236000
2021-01-15,21.127758026123047,22.171249389648438,22.891250610351562,21.885000228881836,22.676250457763672,141692000
2021-01-19,22.04376983642578,23.13249969482422,23.258750915527344,22.450000762939453,22.681249618530273,120967200
2021-01-20,23.580373764038086,24.7450008392334,24.971250534057617,23.88249969482422,23.9637508392334,121736000
2021-01-21,24.166433334350586,25.360000610351562,25.53499984741211,24.75,25.0625,92168400
2021-01-22,23.947256088256836,25.1299991607666,25.3799991607666,24.969999313354492,25.102500915527344,81878800
2021-01-25,24.61192512512207,25.827499389648438,26.267499923706055,24.200000762939453,25.940000534057617,153170400
2021-01-26,24.638132095336914,25.854999542236328,26.145000457763672,25.545000076293945,25.93000030517578,90968800
2021-01-27,22.651260375976562,23.770000457763672,25.325000762939453,23.25,25.315000534057617,188900800
2021-01-28,22.98478889465332,24.1200008392334,25.25,23.837499618530273,23.97249984741211,90021600
2021-01-29,21.553007125854492,22.61750030517578,23.979999542236328,22.1875,23.725000381469727,184278400
2021-02-01,23.137264251708984,24.280000686645508,24.50749969482422,22.934999465942383,23.387500762939453,105659600
2021-02-02,24.256956100463867,25.454999923706055,25.739999771118164,24.940000534057617,24.97249984741211,92746400
2021-02-03,23.978225708007812,25.162500381469727,26.0575008392334,25.162500381469727,25.982500076293945,95172000
2021-02-04,24.826337814331055,26.052499771118164,26.075000762939453,25.1875,25.510000228881836,72808800
2021-02-05,25.08601188659668,26.325000762939453,26.572500228881836,25.892499923706055,26.299999237060547,86615200
2021-02-08,25.576772689819336,26.84000015258789,26.887500762939453,26.337499618530273,26.739999771118164,76994800
2021-02-09,25.564861297607422,26.827499389648438,27.142499923706055,26.6200008392334,26.6200008392334,65768800
2021-02-10,25.383804321289062,26.637500762939453,27.299999237060547,25.864999771118164,27.19499969482422,123548000
2021-02-11,25.79356575012207,27.0674991607666,27.184999465942383,26.489999771118164,27.040000915527344,98860000
2021-02-12,26.23192024230957,27.52750015258789,27.575000762939453,26.610000610351562,26.895000457763672,77471600
2021-02-16,26.012746810913086,27.297500610351562,27.96500015258789,27.020000457763672,27.739999771118164,88663600
2021-02-17,25.65062713623047,26.917499542236328,26.985000610351562,26.002500534057617,26.5575008392334,105986800
2021-02-18,25.305185317993164,26.55500030517578,26.739999771118164,25.56999969482422,26.014999389648438,110202000
2021-02-19,24.97165870666504,26.204999923706055,26.920000076293945,25.96500015258789,26.90999984741211,93377200
2021-02-22,23.037202835083008,24.174999237060547,25.450000762939453,24.125,25.135000228881836,132734800
2021-02-23,22.832319259643555,23.959999084472656,24.34000015258789,21.604999542236328,22.94499969482422,199274800
2021-02-24,23.382640838623047,24.537500381469727,24.61750030517578,22.725000381469727,23.309999465942383,123042000
2021-02-25,20.940744400024414,21.975000381469727,24.517499923706055,21.612499237060547,23.905000686645508,237792000
2021-02-26,21.255212783813477,22.30500030517578,23.290000915527344,21.5625,22.59749984741211,209318400
2021-03-01,23.10866928100586,24.25,24.327499389648438,23.047500610351562,23.34000015258789,133707200
2021-03-02,22.00088119506836,23.087499618530273,24.422500610351562,23.024999618530273,24.385000228881836,151693200
2021-03-03,20.09263038635254,21.084999084472656,23.049999237060547,21.0625,22.842500686645508,231542400
2021-03-04,19.099199295043945,20.042499542236328,21.65999984741211,19.219999313354492,20.99250030517578,432037200
2021-03-05,19.95445442199707,20.940000534057617,21.11750030517578,18.75749969482422,20.572500228881836,336656400
2021-03-08,18.248703002929688,19.149999618530273,21.212499618530273,19.0674991607666,20.81999969482422,235731600
2021-03-09,20.39756965637207,21.405000686645508,21.787500381469727,20.482500076293945,20.61750030517578,173429200
2021-03-10,20.22365951538086,21.22249984741211,22.375,21.077499389648438,22.315000534057617,203371200
2021-03-11,21.62685775756836,22.69499969482422,23.065000534057617,22.03499984741211,22.2549991607666,158935600
2021-03-12,21.08844757080078,22.1299991607666,22.167499542236328,21.267499923706055,21.792499542236328,166590000
2021-03-15,21.76264762878418,22.837499618530273,22.877500534057617,21.844999313354492,22.202499389648438,126701600
2021-03-16,22.119998931884766,23.212499618530273,23.997499465942383,22.899999618530273,23.334999084472656,168770400
2021-03-17,22.39873504638672,23.5049991607666,23.9325008392334,22.15250015258789,22.530000686645508,196370800
2021-03-18,20.34278106689453,21.34749984741211,22.625,21.237499237060547,22.40250015258789,228253600
2021-03-19,20.602453231811523,21.6200008392334,21.887500762939453,20.850000381469727,21.3125,193286400
2021-03-22,21.700706481933594,22.772499084472656,23.217500686645508,22.072500228881836,22.072500228881836,141101200
2021-03-23,21.417217254638672,22.475000381469727,23.3075008392334,22.292499542236328,23.012500762939453,187780800
2021-03-24,20.335630416870117,21.34000015258789,22.780000686645508,21.3125,22.772499084472656,190483600
2021-03-25,20.226043701171875,21.225000381469727,21.545000076293945,20.412500381469727,20.954999923706055,239874400
2021-03-26,21.119421005249023,22.162500381469727,22.24250030517578,20.88249969482422,21.18000030517578,215060400
2021-03-29,21.10750961303711,22.149999618530273,22.385000228881836,21.43000030517578,22.059999465942383,190589200
2021-03-30,20.807327270507812,21.834999084472656,21.947500228881836,21.239999771118164,21.737499237060547,148349600
2021-03-31,21.7412109375,22.815000534057617,23.149999618530273,22.127500534057617,22.197500228881836,161968800
2021-04-01,22.84661293029785,23.975000381469727,24.00749969482422,23.604999542236328,23.65999984741211,145087200
2021-04-05,24.21884536743164,25.415000915527344,25.594999313354492,24.49250030517578,24.552499771118164,130539600
2021-04-06,24.161663055419922,25.354999542236328,25.81999969482422,25.177499771118164,25.34000015258789,120606800
2021-04-07,24.3403377532959,25.542499542236328,25.7450008392334,25.024999618530273,25.25749969482422,98987200
2021-04-08,25.100305557250977,26.34000015258789,26.385000228881836,26.024999618530273,26.229999542236328,113619200
2021-04-09,25.55533218383789,26.8174991607666,26.864999771118164,25.829999923706055,26.0049991607666,129438400
2021-04-12,25.45527458190918,26.712499618530273,26.809999465942383,26.2450008392334,26.575000762939453,109632000
2021-04-13,26.327211380004883,27.627500534057617,27.75,27.030000686645508,27.094999313354492,115022000
2021-04-14,25.40285873413086,26.657499313354492,27.732500076293945,26.440000534057617,27.697500228881836,161227600
2021-04-15,26.524944305419922,27.834999084472656,27.9424991607666,27.309999465942383,27.342500686645508,120798000
2021-04-16,26.636913299560547,27.952499389648438,27.997499465942383,27.475000381469727,27.977500915527344,117488000
2021-04-19,25.910303115844727,27.190000534057617,27.842500686645508,26.6875,27.537500381469727,159168000
2021-04-20,25.343299865722656,26.594999313354492,27.329999923706055,26.09749984741211,27.012500762939453,158283600
2021-04-21,25.984155654907227,27.267499923706055,27.3075008392334,26.0049991607666,26.25,111057200
2021-04-22,25.038366317749023,26.274999618530273,27.407499313354492,25.985000610351562,27.167499542236328,174848400
2021-04-23,25.981769561767578,27.264999389648438,27.579999923706055,26.43000030517578,26.43000030517578,107686000
2021-04-26,26.49635124206543,27.80500030517578,27.86750030517578,27.137500762939453,27.327499389648438,99976800
2021-04-27,26.14853286743164,27.440000534057617,27.917499542236328,27.1924991607666,27.86750030517578,119312800
2021-04-28,25.879329681396484,27.157499313354492,27.600000381469727,26.99250030517578,27.34749984741211,118950000
2021-04-29,26.13900375366211,27.43000030517578,28.0575008392334,26.645000457763672,27.96500015258789,148124400
2021-04-30,25.648242950439453,26.915000915527344,27.450000762939453,26.672500610351562,26.822500228881836,118440400
2021-05-03,25.22895050048828,26.475000381469727,27.372499465942383,26.357500076293945,27.190000534057617,134222000
2021-05-04,23.899606704711914,25.079999923706055,25.922500610351562,24.112499237060547,25.862499237060547,211234000
2021-05-05,23.62087631225586,24.787500381469727,25.712499618530273,24.600000381469727,25.510000228881836,136429200
2021-05-06,24.13784408569336,25.329999923706055,25.3700008392334,24.197500228881836,24.717500686645508,169663200
2021-05-07,24.728660583496094,25.950000762939453,26.520000457763672,25.6924991607666,25.99250030517578,158706800
2021-05-10,22.870437622070312,24.0,25.665000915527344,23.940000534057617,25.622499465942383,184214800
2021-05-11,22.756084442138672,23.8799991607666,24.059999465942383,22.5,22.647499084472656,228806800
2021-05-12,21.024124145507812,22.0625,23.287500381469727,21.829999923706055,22.7549991607666,236158000
2021-05-13,21.467239379882812,22.52750015258789,23.167499542236328,22.017499923706055,22.649999618530273,208602000
2021-05-14,22.86328887939453,23.99250030517578,24.22249984741211,23.104999542236328,23.219999313354492,144263200
2021-05-17,22.477354049682617,23.587499618530273,23.790000915527344,22.9325008392334,23.627500534057617,138542400
2021-05-18,22.005645751953125,23.092500686645508,24.06999969482422,23.047500610351562,23.802499771118164,131684000
2021-05-19,22.08664894104004,23.177499771118164,23.247499465942383,21.832500457763672,21.912500381469727,191889600
2021-05-20,23.363582611083984,24.517499923706055,24.71500015258789,23.457500457763672,23.517499923706055,139226400
2021-05-21,22.977642059326172,24.112499237060547,24.982500076293945,24.02750015258789,24.885000228881836,128133200
2021-05-24,24.128311157226562,25.31999969482422,25.584999084472656,24.55500030517578,24.637500762939453,92181600
2021-05-25,24.245046615600586,25.4424991607666,25.860000610351562,25.157499313354492,25.6875,106728800
2021-05-26,24.49043083190918,25.700000762939453,25.809999465942383,25.43000030517578,25.59000015258789,78034800
2021-05-27,24.204547882080078,25.399999618530273,25.790000915527344,25.360000610351562,25.592500686645508,83216800
2021-05-28,24.44039535522461,25.647499084472656,26.024999618530273,25.575000762939453,25.69499969482422,81857200
2021-06-01,24.20216178894043,25.397499084472656,26.075000762939453,25.072500228881836,25.962499618530273,103863600
2021-06-02,24.328428268432617,25.530000686645508,25.74250030517578,25.13249969482422,25.487499237060547,83178800
2021-06-03,23.56369972229004,24.727500915527344,25.167499542236328,24.344999313354492,24.872499465942383,121032000
2021-06-04,24.771543502807617,25.9950008392334,26.09749984741211,25.13249969482422,25.157499313354492,91175200
2021-06-07,24.990718841552734,26.225000381469727,26.24250030517578,25.702499389648438,25.857500076293945,62193200
2021-06-08,25.019306182861328,26.2549991607666,26.854999542236328,25.857500076293945,26.645000457763672,92944400
2021-06-09,25.04789161682129,26.28499984741211,26.780000686645508,26.232500076293945,26.59000015258789,77803600
2021-06-10,25.815004348754883,27.09000015258789,27.125,26.25,26.357500076293945,117206800
2021-06-11,26.01988983154297,27.30500030517578,27.309999465942383,26.940000534057617,27.104999542236328,68338800
2021-06-14,26.748884201049805,28.06999969482422,28.092500686645508,27.125,27.40999984741211,90823200
2021-06-15,26.25335693359375,27.549999237060547,28.084999084472656,27.364999771118164,28.0049991607666,90108000
2021-06-16,25.97224235534668,27.2549991607666,27.917499542236328,26.3799991607666,27.655000686645508,157778000
2021-06-17,26.941848754882812,28.272499084472656,28.520000457763672,26.982500076293945,26.989999771118164,144323600
2021-06-18,26.298620223999023,27.59749984741211,28.145000457763672,27.420000076293945,27.852500915527344,142894400
2021-06-21,26.77985382080078,28.102500915527344,28.200000762939453,27.09749984741211,27.657499313354492,107708400
2021-06-22,27.527908325195312,28.887500762939453,29.012500762939453,27.99250030517578,28.077499389648438,103578800
2021-06-23,27.5755558013916,28.9375,29.239999771118164,28.732500076293945,28.892499923706055,93996800
2021-06-24,28.082988739013672,29.469999313354492,29.872499465942383,29.297500610351562,29.434999465942383,93672400
2021-06-25,27.994844436645508,29.377500534057617,29.6875,29.212499618530273,29.622499465942383,86993200
2021-06-28,28.985897064208984,30.417499542236328,30.469999313354492,29.684999465942383,29.6924991607666,88787600
2021-06-29,29.312278747558594,30.760000228881836,30.770000457763672,30.167499542236328,30.389999389648438,74560000
2021-06-30,29.183629989624023,30.625,30.825000762939453,30.462499618530273,30.72249984741211,80546800
2021-07-01,29.197925567626953,30.639999389648438,30.78499984741211,30.162500381469727,30.520000457763672,83834800
2021-07-02,30.188980102539062,31.68000030517578,31.787500381469727,31.094999313354492,31.15999984741211,93502000
2021-07-06,30.593976974487305,32.10499954223633,32.189998626708984,31.125,31.862499237060547,109599600
2021-07-07,30.789329528808594,32.310001373291016,32.80500030517578,31.774999618530273,32.724998474121094,115275600
2021-07-08,30.25568389892578,31.75,31.96500015258789,30.559999465942383,30.922500610351562,152524400
2021-07-09,30.76788330078125,32.287498474121094,32.45000076293945,31.407499313354492,31.56999969482422,92875600
2021-07-12,31.153827667236328,32.692501068115234,32.8224983215332,32.26499938964844,32.70000076293945,87126000
2021-07-13,31.137147903442383,32.67499923706055,33.51750183105469,32.45249938964844,32.595001220703125,119450000
2021-07-14,31.30629539489746,32.852500915527344,33.52000045776367,32.63750076293945,33.34000015258789,136042800
2021-07-15,30.658300399780273,32.17250061035156,32.89500045776367,31.614999771118164,32.852500915527344,137192800
2021-07-16,29.90547752380371,31.38249969482422,32.6775016784668,31.292499542236328,32.415000915527344,127402800
2021-07-19,29.188392639160156,30.6299991607666,30.75,29.917499542236328,30.452499389648438,202286400
2021-07-20,30.150861740112305,31.639999389648438,32.07500076293945,30.387500762939453,30.860000610351562,121544800
2021-07-21,30.839351654052734,32.36249923706055,32.397499084472656,31.5,31.577499389648438,81763200
2021-07-22,31.487356185913086,33.04249954223633,33.04999923706055,32.459999084472656,32.462501525878906,94957600
2021-07-23,32.53319549560547,34.13999938964844,34.27750015258789,33.0724983215332,33.42499923706055,103898400
2021-07-26,32.66899490356445,34.282501220703125,34.39250183105469,33.7599983215332,34.005001068115234,85977600
2021-07-27,31.601699829101562,33.162498474121094,34.20750045776367,31.957500457763672,34.20750045776367,178782000
2021-07-28,31.9471435546875,33.525001525878906,33.96500015258789,32.817501068115234,33.46500015258789,143940400
2021-07-29,32.10437774658203,33.689998626708984,34.029998779296875,33.36750030517578,33.369998931884766,88638400
2021-07-30,31.623138427734375,33.185001373291016,33.337501525878906,32.567501068115234,32.587501525878906,113118800
2021-08-02,31.613611221313477,33.17499923706055,33.79750061035156,33.005001068115234,33.6349983215332,109120000
2021-08-03,32.16393280029297,33.752498626708984,33.79999923706055,32.462501525878906,33.36000061035156,126835600
2021-08-04,32.323551177978516,33.91999816894531,34.189998626708984,33.45000076293945,33.772499084472656,96856800
2021-08-05,32.93104553222656,34.557498931884766,34.619998931884766,33.95000076293945,34.13999938964844,77340400
2021-08-06,32.50222396850586,34.10749816894531,34.48249816894531,33.790000915527344,34.1974983215332,86306000
2021-08-09,32.6761360168457,34.290000915527344,34.44499969482422,33.91999816894531,34.227500915527344,68421600
2021-08-10,32.187767028808594,33.77750015258789,34.52750015258789,33.43000030517578,34.442501068115234,106162400
2021-08-11,32.01384735107422,33.595001220703125,34.26250076293945,33.209999084472656,34.125,93188000
2021-08-12,32.347373962402344,33.94499969482422,34.04999923706055,33.060001373291016,33.45249938964844,79490800
2021-08-13,32.6713752746582,34.28499984741211,34.40250015258789,33.907501220703125,34.04499816894531,73289600
2021-08-16,32.728553771972656,34.345001220703125,34.35749816894531,32.875,33.98500061035156,122458400
2021-08-17,31.8685245513916,33.442501068115234,33.837501525878906,32.74250030517578,33.5525016784668,166395200
2021-08-18,30.941795349121094,32.470001220703125,33.68000030517578,32.377498626708984,33.275001525878906,130084800
2021-08-19,31.38252830505371,32.932498931884766,33.400001525878906,31.862499237060547,31.934999465942383,163247600
2021-08-20,32.35213851928711,33.95000076293945,34.067501068115234,33.14500045776367,33.23749923706055,125082400
2021-08-23,33.793453216552734,35.462501525878906,35.67499923706055,34.25,34.25749969482422,96532400
2021-08-24,34.12698745727539,35.8125,35.98500061035156,35.51750183105469,35.65250015258789,72686800
2021-08-25,34.16510009765625,35.852500915527344,36.099998474121094,35.657501220703125,35.872501373291016,76127200
2021-08-26,33.586185455322266,35.244998931884766,35.877498626708984,35.11000061035156,35.66749954223633,107004800
2021-08-27,34.56771469116211,36.275001525878906,36.400001525878906,35.28499984741211,35.42250061035156,92320000
2021-08-30,35.713619232177734,37.477500915527344,37.630001068115234,36.48749923706055,36.5,91270400
2021-08-31,35.61356735229492,37.372501373291016,37.57500076293945,36.92250061035156,37.55500030517578,91796000
2021-09-01,35.80891036987305,37.57749938964844,38.20500183105469,37.51750183105469,37.70750045776367,95568000
2021-09-02,35.758880615234375,37.525001525878906,38.084999084472656,37.150001525878906,37.98749923706055,95038400
2021-09-03,36.08049392700195,37.86249923706055,37.98500061035156,37.165000915527344,37.17499923706055,93201200
2021-09-07,36.22820281982422,38.01750183105469,38.220001220703125,37.540000915527344,37.88750076293945,90370800
2021-09-08,35.8565559387207,37.627498626708984,37.962501525878906,36.9275016784668,37.95249938964844,126846000
2021-09-09,35.472999572753906,37.224998474121094,38.025001525878906,37.147499084472656,37.682498931884766,110573600
2021-09-10,34.674922943115234,36.38750076293945,37.962501525878906,36.27750015258789,37.75,138435600
2021-09-13,34.596309661865234,36.30500030517578,37.19499969482422,35.689998626708984,37.0724983215332,155549200
2021-09-14,34.29851150512695,35.99250030517578,36.96500015258789,35.70500183105469,36.73749923706055,119258400
2021-09-15,35.0584831237793,36.790000915527344,36.88999938964844,35.439998626708984,36.122501373291016,111785200
2021-09-16,35.127567291259766,36.86249923706055,37.032501220703125,35.810001373291016,36.38750076293945,105230800
2021-09-17,33.88636779785156,35.560001373291016,36.73249816894531,35.2400016784668,36.724998474121094,154650400
2021-09-20,31.801820755004883,33.372501373291016,34.3650016784668,32.0,33.85499954223633,243827200
2021-09-21,31.84231948852539,33.415000915527344,34.1875,33.147499084472656,33.845001220703125,143401200
2021-09-22,32.7738151550293,34.39250183105469,34.807498931884766,33.40250015258789,33.71500015258789,175338800
2021-09-23,33.683860778808594,35.34749984741211,35.64250183105469,34.54249954223633,34.727500915527344,138739200
2021-09-24,33.77915573120117,35.4474983215332,35.5625,34.57500076293945,34.68000030517578,109550400
2021-09-27,32.96440505981445,34.592498779296875,34.849998474121094,33.849998474121094,34.5525016784668,156710800
2021-09-28,30.215181350708008,31.707500457763672,33.47249984741211,31.517499923706055,33.28499984741211,297646000
2021-09-29,30.015066146850586,31.497499465942383,32.5724983215332,31.325000762939453,31.989999771118164,195061200
2021-09-30,29.67677116394043,31.142499923706055,32.3849983215332,31.020000457763672,31.94499969482422,234624000
2021-10-01,30.217561721801758,31.709999084472656,32.002498626708984,30.209999084472656,31.3125,208708000
2021-10-04,28.359344482421875,29.760000228881836,31.372499465942383,29.11750030517578,31.274999618530273,257236000
2021-10-05,29.450450897216797,30.905000686645508,31.5,29.93000030517578,29.99250030517578,162612800
2021-10-06,30.0317440032959,31.514999389648438,31.579999923706055,29.815000534057617,30.065000534057617,234990800
2021-10-07,30.8441219329834,32.36750030517578,33.084999084472656,32.182498931884766,32.33000183105469,150815200
2021-10-08,30.370038986206055,31.8700008392334,32.72999954223633,31.74250030517578,32.66749954223633,157132000
2021-10-11,29.69583511352539,31.162500381469727,32.42250061035156,31.135000228881836,31.46500015258789,136215200
2021-10-12,29.393274307250977,30.844999313354492,31.655000686645508,30.65250015258789,31.542499542236328,174403600
2021-10-13,30.08177375793457,31.5674991607666,31.737499237060547,30.899999618530273,31.44499969482422,140921200
2021-10-14,31.74226188659668,33.310001373291016,33.36249923706055,32.349998474121094,32.52750015258789,121750000
2021-10-15,32.33069610595703,33.9275016784668,33.962501525878906,33.35499954223633,33.650001525878906,102858000
2021-10-18,33.300315856933594,34.94499969482422,35.005001068115234,33.39500045776367,33.5625,100876400
2021-10-19,34.03168869018555,35.712501525878906,35.75749969482422,35.06999969482422,35.2599983215332,106450800
2021-10-20,33.924476623535156,35.599998474121094,36.05500030517578,35.16999816894531,35.872501373291016,118709600
2021-10-21,34.531978607177734,36.23749923706055,36.3025016784668,35.282501220703125,35.36000061035156,92100400
2021-10-22,33.65766525268555,35.31999969482422,36.165000915527344,34.84000015258789,35.86750030517578,140248400
2021-10-25,34.66777420043945,36.380001068115234,36.682498931884766,35.18000030517578,35.747501373291016,118951600
2021-10-26,34.99177932739258,36.720001220703125,37.79999923706055,36.412498474121094,37.08000183105469,167975600
2021-10-27,35.26811599731445,37.0099983215332,37.93000030517578,36.814998626708984,36.88999938964844,145068000
2021-10-28,36.425933837890625,38.224998474121094,38.3125,37.349998474121094,37.57749938964844,130737600
2021-10-29,36.96434020996094,38.790000915527344,38.849998474121094,37.19499969482422,37.29750061035156,134514400
2021-11-01,37.32883834838867,39.17250061035156,39.23249816894531,38.29499816894531,38.95000076293945,130045600
2021-11-02,37.82674789428711,39.69499969482422,39.842498779296875,38.9900016784668,39.00749969482422,120171200
2021-11-03,39.02744674682617,40.95500183105469,41.08000183105469,39.51750183105469,39.834999084472656,145210400
2021-11-04,40.48305892944336,42.48249816894531,42.837501525878906,41.182498931884766,41.35749816894531,160879600
2021-11-05,40.63314437866211,42.63999938964844,43.415000915527344,42.182498931884766,43.1150016784668,170505600
2021-11-08,40.46637725830078,42.46500015258789,42.974998474121094,42.26499938964844,42.625,112919600
2021-11-09,39.63256072998047,41.59000015258789,42.9474983215332,41.14250183105469,42.8125,176237600
2021-11-10,37.89584732055664,39.76750183105469,41.599998474121094,39.125,40.68000030517578,193953600
2021-11-11,38.203163146972656,40.09000015258789,40.747501373291016,39.974998474121094,40.6875,115438000
2021-11-12,39.415771484375,41.36249923706055,41.51750183105469,39.9375,40.45249938964844,127640800
2021-11-15,39.40385818481445,41.349998474121094,41.82749938964844,40.522499084472656,41.727500915527344,139458400
2021-11-16,40.21862030029297,42.20500183105469,42.352500915527344,41.01499938964844,41.0724983215332,103181600
2021-11-17,40.26626968383789,42.255001068115234,42.92250061035156,41.9474983215332,42.3025016784668,115936000
2021-11-18,41.49793243408203,43.54750061035156,43.724998474121094,42.192501068115234,42.91999816894531,173683200
2021-11-19,42.20072937011719,44.28499984741211,44.717498779296875,43.83000183105469,44.10749816894531,129214400
2021-11-22,40.73796463012695,42.75,45.84000015258789,42.71500015258789,44.8224983215332,179044800
2021-11-23,40.1828727722168,42.16749954223633,43.04249954223633,40.6974983215332,42.36249923706055,226025600
2021-11-24,40.55452346801758,42.557498931884766,42.63999938964844,40.58250045776367,41.32749938964844,198241600
2021-11-26,38.317508697509766,40.209999084472656,42.15999984741211,39.68000030517578,41.69499969482422,177682400
2021-11-29,40.69747543334961,42.70750045776367,43.040000915527344,41.33250045776367,41.54999923706055,158932000
2021-11-30,38.94883728027344,40.872501373291016,43.1974983215332,40.1775016784668,42.41999816894531,302586000
2021-12-01,36.950050354003906,38.775001525878906,42.904998779296875,38.61750030517578,42.21500015258789,302551200
2021-12-02,37.645694732666016,39.505001068115234,40.130001068115234,37.912498474121094,38.35499954223633,396432800
2021-12-03,35.754112243652344,37.52000045776367,40.31999969482422,36.23249816894531,40.0,480573600
2021-12-06,36.5903205871582,38.397499084472656,38.81999969482422,36.38249969482422,37.647499084472656,304828000
2021-12-07,39.88985061645508,41.86000061035156,42.06999969482422,40.435001373291016,40.442501068115234,270578400
2021-12-08,40.44493865966797,42.442501068115234,42.5,41.36750030517578,41.97249984741211,205243600
2021-12-09,38.69868087768555,40.61000061035156,42.627498626708984,40.5,42.037498474121094,212802000
2021-12-10,39.89699935913086,41.86750030517578,41.95750045776367,40.44499969482422,41.442501068115234,203075200
2021-12-13,38.181724548339844,40.067501068115234,41.97249984741211,39.94499969482422,41.86750030517578,179145200
2021-12-14,37.045345306396484,38.875,39.38999938964844,37.45750045776367,38.529998779296875,230933600
2021-12-15,39.49676513671875,41.4474983215332,41.567501068115234,37.50749969482422,38.7400016784668,269061200
2021-12-16,36.483116149902344,38.28499984741211,41.904998779296875,37.73749923706055,41.752498626708984,296220000
2021-12-17,35.92565155029297,37.70000076293945,38.9474983215332,36.75,37.20750045776367,300020800
2021-12-20,34.8512077331543,36.5724983215332,36.8125,35.625,36.255001068115234,241866000
2021-12-21,37.18114471435547,39.01750183105469,39.11249923706055,36.4275016784668,37.540000915527344,219124800
2021-12-22,38.50809860229492,40.40999984741211,40.5,38.70500183105469,38.89500045776367,177222800
2021-12-23,39.422916412353516,41.369998931884766,41.8224983215332,40.49250030517578,40.54249954223633,131308400
2021-12-27,41.307342529296875,43.34749984741211,43.38249969482422,41.75,41.772499084472656,125963200
2021-12-28,40.82135009765625,42.837501525878906,43.744998931884766,42.50749969482422,43.689998626708984,144825200
2021-12-29,40.75702667236328,42.77000045776367,43.247501373291016,41.98749923706055,42.82749938964844,115494800
2021-12-30,40.3758430480957,42.369998931884766,43.415000915527344,42.192501068115234,42.692501068115234,113271600
2021-12-31,39.62541198730469,41.58250045776367,42.599998474121094,41.4275016784668,42.157501220703125,120497200
2022-01-03,40.76894760131836,42.782501220703125,42.86000061035156,41.279998779296875,41.95750045776367,153010400
2022-01-04,39.184688568115234,41.119998931884766,42.97249984741211,40.09749984741211,42.95750045776367,213296400
2022-01-05,35.5802116394043,37.337501525878906,40.93000030517578,37.25,40.595001220703125,266490400
2022-01-06,35.4825325012207,37.23500061035156,38.20249938964844,36.10499954223633,36.75749969482422,308453200
2022-01-07,34.32233428955078,36.01750183105469,37.73500061035156,35.5,37.224998474121094,285426800
2022-01-10,34.4485969543457,36.150001525878906,36.23500061035156,33.025001525878906,34.587501525878906,358434800
2022-01-11,35.963768005371094,37.7400016784668,37.75749969482422,35.2599983215332,35.85749816894531,308653600
2022-01-12,36.3735237121582,38.16999816894531,38.98249816894531,37.470001220703125,38.49250030517578,276742400
2022-01-13,33.73390197753906,35.400001525878906,38.775001525878906,35.0099983215332,38.564998626708984,173531800
2022-01-14,34.24371337890625,35.935001373291016,36.03499984741211,34.5,34.54499816894531,178451600
2022-01-18,31.775611877441406,33.345001220703125,34.86000061035156,33.029998779296875,34.244998931884766,155320000
2022-01-19,30.670211791992188,32.185001373291016,34.35499954223633,32.08000183105469,33.68000030517578,183284400
2022-01-20,29.483808517456055,30.940000534057617,34.09000015258789,30.75,33.0099983215332,172197000
2022-01-21,27.00141143798828,28.334999084472656,31.014999389648438,28.25,30.309999465942383,342054600
2022-01-24,27.39211654663086,28.7450008392334,28.875,24.084999084472656,26.924999237060547,510169200
2022-01-25,25.37189483642578,26.625,28.155000686645508,25.875,27.075000762939453,347498000
2022-01-26,25.32424545288086,26.575000762939453,29.424999237060547,25.684999465942383,28.4950008392334,415676200
2022-01-27,24.56665802001953,25.780000686645508,28.1200008392334,25.520000457763672,27.700000762939453,323528200
2022-01-28,26.85847282409668,28.184999465942383,28.229999542236328,25.049999237060547,26.200000762939453,334032400
2022-01-31,29.459983825683594,30.915000915527344,31.030000686645508,28.110000610351562,28.524999618530273,227502200
2022-02-01,30.022214889526367,31.5049991607666,31.674999237060547,29.864999771118164,31.209999084472656,203691600
2022-02-02,30.732145309448242,32.25,32.685001373291016,31.174999237060547,32.61000061035156,201630400
2022-02-03,27.034765243530273,28.3700008392334,30.53499984741211,28.059999465942383,29.65999984741211,211150000
2022-02-04,27.96863555908203,29.350000381469727,30.204999923706055,27.94499969482422,28.434999465942383,193068800
2022-02-07,27.334938049316406,28.684999465942383,30.135000228881836,28.360000610351562,29.53499984741211,153912200
2022-02-08,28.264049530029297,29.65999984741211,29.915000915527344,28.114999771118164,28.399999618530273,158593200
2022-02-09,30.01744842529297,31.5,31.540000915527344,30.3799991607666,30.780000686645508,151075400
2022-02-10,28.02581214904785,29.40999984741211,31.454999923706055,28.899999618530273,29.655000686645508,254286600
2022-02-11,25.38618278503418,26.639999389648438,29.774999618530273,26.280000686645508,29.389999389648438,268511200
2022-02-14,25.457653045654297,26.71500015258789,27.485000610351562,25.850000381469727,26.450000762939453,190125000
2022-02-15,27.301586151123047,28.649999618530273,28.719999313354492,27.674999237060547,27.915000915527344,163444600
2022-02-16,27.296823501586914,28.645000457763672,28.899999618530273,27.350000381469727,28.135000228881836,186181000
2022-02-17,24.876367568969727,26.104999542236328,28.024999618530273,25.985000610351562,27.81999969482422,157671200
2022-02-18,24.033018112182617,25.219999313354492,26.395000457763672,24.655000686645508,26.295000076293945,226165400
2022-02-22,23.28972816467285,24.440000534057617,25.75,23.604999542236328,24.520000457763672,262876200
2022-02-23,21.50773811340332,22.56999969482422,25.315000534057617,22.485000610351562,25.1200008392334,260920400
2022-02-24,23.61372947692871,24.780000686645508,24.924999237060547,20.30500030517578,20.3799991607666,389734800
2022-02-25,24.733427047729492,25.954999923706055,26.0049991607666,24.125,25.0,238372200
2022-02-28,24.9954833984375,26.229999542236328,26.594999313354492,24.959999084472656,25.229999542236328,243401000
2022-03-01,23.842432022094727,25.020000457763672,26.485000610351562,24.424999237060547,25.959999084472656,248145000
2022-03-02,24.981189727783203,26.21500015258789,26.524999618530273,24.709999084472656,25.334999084472656,219495800
2022-03-03,23.937725067138672,25.1200008392334,26.889999389648438,24.684999465942383,26.875,223888600
2022-03-04,22.913320541381836,24.045000076293945,24.899999618530273,23.5,24.584999084472656,231391000
2022-03-07,20.354690551757812,21.360000610351562,24.270000457763672,21.315000534057617,24.024999618530273,249752600
2022-03-08,20.07357406616211,21.065000534057617,23.0,20.385000228881836,21.19499969482422,355936000
2022-03-09,22.222440719604492,23.31999969482422,23.600000381469727,22.174999237060547,22.700000762939453,219074200
2022-03-10,21.50773811340332,22.56999969482422,22.809999465942383,21.594999313354492,22.450000762939453,225574800
2022-03-11,20.17363166809082,21.170000076293945,23.235000610351562,21.045000076293945,23.170000076293945,197814800
2022-03-14,18.991992950439453,19.93000030517578,21.565000534057617,19.780000686645508,20.905000686645508,246265200
2022-03-15,20.75015640258789,21.774999618530273,21.94499969482422,20.1200008392334,20.434999465942383,211407200
2022-03-16,23.0800838470459,24.219999313354492,24.239999771118164,21.844999313354492,22.579999923706055,326175000
2022-03-17,23.851961135864258,25.030000686645508,25.094999313354492,23.520000457763672,23.795000076293945,192061600
2022-03-18,25.33377456665039,26.584999084472656,26.704999923706055,24.46500015258789,24.729999542236328,201569600
2022-03-21,25.15271759033203,26.395000457763672,26.96500015258789,25.385000228881836,26.43000030517578,221094600
2022-03-22,26.639299392700195,27.954999923706055,28.170000076293945,26.434999465942383,26.53499984741211,186689200
2022-03-23,25.514827728271484,26.774999618530273,28.135000228881836,26.75,27.280000686645508,205499400
2022-03-24,27.168174743652344,28.510000228881836,28.545000076293945,26.704999923706055,27.21500015258789,171150600
2022-03-25,27.125289916992188,28.46500015258789,28.780000686645508,27.424999237060547,28.520000457763672,198789400
2022-03-28,28.359344482421875,29.760000228881836,29.80500030517578,28.165000915527344,28.459999084472656,183407400
2022-03-29,29.812570571899414,31.28499984741211,31.479999542236328,30.06999969482422,30.760000228881836,204013400
2022-03-30,28.916807174682617,30.344999313354492,31.270000457763672,29.899999618530273,30.84000015258789,167818800
2022-03-31,27.72088050842285,29.09000015258789,30.415000915527344,28.950000762939453,30.31999969482422,168098800
2022-04-01,27.601757049560547,28.96500015258789,29.40999984741211,28.200000762939453,29.21500015258789,176162600
2022-04-04,29.326570510864258,30.774999618530273,30.774999618530273,29.114999771118164,29.190000534057617,137515000
2022-04-05,27.387346267700195,28.739999771118164,30.579999923706055,28.43000030517578,30.40999984741211,172097600
2022-04-06,25.5863037109375,26.850000381469727,27.684999465942383,26.200000762939453,27.40999984741211,296859800
2022-04-07,25.753067016601562,27.024999618530273,27.545000076293945,25.790000915527344,26.614999771118164,229654000
2022-04-08,24.700075149536133,25.920000076293945,26.795000076293945,25.75,26.610000610351562,204182400
2022-04-11,22.946672439575195,24.079999923706055,25.135000228881836,23.975000381469727,24.915000915527344,185914600
2022-04-12,22.651260375976562,23.770000457763672,25.489999771118164,23.44499969482422,25.079999923706055,247928200
2022-04-13,24.00918960571289,25.19499969482422,25.420000076293945,23.665000915527344,23.829999923706055,190084600
2022-04-14,22.39396858215332,23.5,25.325000762939453,23.415000915527344,25.209999084472656,167843600
2022-04-18,22.455915451049805,23.565000534057617,24.0049991607666,22.90999984741211,23.235000610351562,175525400
2022-04-19,23.899606704711914,25.079999923706055,25.209999084472656,23.155000686645508,23.364999771118164,172372600
2022-04-20,22.82279396057129,23.950000762939453,25.3700008392334,23.719999313354492,25.28499984741211,215629400
2022-04-21,21.48391342163086,22.545000076293945,25.385000228881836,22.295000076293945,24.81999969482422,268626400
2022-04-22,19.778165817260742,20.7549991607666,22.78499984741211,20.639999389648438,22.524999618530273,248824800
2022-04-25,20.51192283630371,21.524999618530273,21.579999923706055,20.155000686645508,20.405000686645508,332878800
2022-04-26,18.205820083618164,19.104999542236328,21.145000457763672,19.049999237060547,21.110000610351562,332263200
2022-04-27,18.12482452392578,19.020000457763672,20.110000610351562,18.684999465942383,19.084999084472656,316698600
2022-04-28,20.040220260620117,21.030000686645508,21.364999771118164,19.139999389648438,19.915000915527344,344698400
2022-04-29,17.405353546142578,18.264999389648438,20.885000228881836,18.100000381469727,20.19499969482422,320116800
2022-05-02,18.22488021850586,19.125,19.139999389648438,17.565000534057617,18.125,311905600
2022-05-03,18.267763137817383,19.170000076293945,19.584999084472656,18.649999618530273,19.094999313354492,285565600
2022-05-04,20.078336715698242,21.06999969482422,21.225000381469727,18.264999389648438,19.2450008392334,438806800
2022-05-05,17.086124420166016,17.93000030517578,20.2549991607666,17.260000228881836,20.25,455552600
2022-05-06,16.490537643432617,17.30500030517578,18.264999389648438,16.549999237060547,17.545000076293945,466794400
2022-05-09,14.541786193847656,15.260000228881836,16.709999084472656,15.005000114440918,16.280000686645508,420419800
2022-05-10,15.042078971862793,15.78499984741211,16.540000915527344,15.140000343322754,16.360000610351562,463579600
2022-05-11,13.703204154968262,14.380000114440918,16.299999237060547,14.234999656677246,15.425000190734863,529531800
2022-05-12,13.59361743927002,14.265000343322754,14.944999694824219,13.345000267028809,13.71500015258789,590993000
2022-05-13,15.070667266845703,15.8149995803833,16.0,14.6899995803833,14.925000190734863,395948000
2022-05-16,14.603728294372559,15.324999809265137,15.890000343322754,15.09000015258789,15.5649995803833,318388000
2022-05-17,15.704365730285645,16.479999542236328,16.540000915527344,15.619999885559082,16.21500015258789,307981400
2022-05-18,13.412558555603027,14.074999809265137,15.845000267028809,13.845000267028809,15.729999542236328,328105200
2022-05-19,13.140972137451172,13.789999961853027,14.510000228881836,13.520000457763672,13.770000457763672,392015600
2022-05-20,13.026618003845215,13.670000076293945,14.420000076293945,12.46500015258789,14.324999809265137,458111200
2022-05-23,13.669852256774902,14.345000267028809,14.414999961853027,13.479999542236328,13.824999809265137,341040600
2022-05-24,12.816971778869629,13.449999809265137,13.680000305175781,12.71500015258789,13.574999809265137,366488600
2022-05-25,13.331558227539062,13.989999771118164,14.300000190734863,13.194999694824219,13.220000267028809,361283800
2022-05-26,14.446491241455078,15.15999984741211,15.390000343322754,13.84000015258789,13.880000114440918,337131600
2022-05-27,15.861600875854492,16.645000457763672,16.670000076293945,15.635000228881836,15.649999618530273,315035800
2022-05-31,15.747252464294434,16.524999618530273,17.0,15.864999771118164,16.649999618530273,369158600
2022-06-01,15.380367279052734,16.139999389648438,17.21500015258789,15.774999618530273,16.854999542236328,398894200
2022-06-02,16.628713607788086,17.450000762939453,17.489999771118164,15.725000381469727,15.960000038146973,336861400
2022-06-03,15.313664436340332,16.06999969482422,16.815000534057617,15.880000114440918,16.56999969482422,324723800
2022-06-06,15.504251480102539,16.270000457763672,17.065000534057617,16.0,16.809999465942383,300958600
2022-06-07,15.88066291809082,16.665000915527344,16.799999237060547,15.524999618530273,15.710000038146973,274886600
2022-06-08,15.556665420532227,16.325000762939453,16.969999313354492,16.165000915527344,16.540000915527344,225706000
2022-06-09,14.28925895690918,14.994999885559082,16.530000686645508,14.96500015258789,16.03499984741211,275959400
2022-06-10,12.76456356048584,13.395000457763672,14.3100004196167,13.335000038146973,14.130000114440918,343352200
2022-06-13,10.996869087219238,11.539999961853027,12.489999771118164,11.40999984741211,12.135000228881836,426731400
2022-06-14,11.068338394165039,11.614999771118164,11.9350004196167,11.260000228881836,11.819999694824219,393201000
2022-06-15,11.86404037475586,12.449999809265137,12.960000038146973,11.670000076293945,12.029999732971191,549823000
2022-06-16,10.415579795837402,10.930000305175781,11.5600004196167,10.65999984741211,11.494999885559082,424284400
2022-06-17,10.801518440246582,11.335000038146973,11.640000343322754,10.824999809265137,11.03499984741211,441181000
2022-06-21,11.6162748336792,12.1899995803833,12.489999771118164,11.890000343322754,11.90999984741211,318408200
2022-06-22,11.573394775390625,12.145000457763672,12.725000381469727,11.774999618530273,11.854999542236328,388973600
2022-06-23,12.06892204284668,12.664999961853027,12.78499984741211,12.085000038146973,12.470000267028809,365372800
2022-06-24,13.331558227539062,13.989999771118164,14.020000457763672,13.024999618530273,13.055000305175781,303635000
2022-06-27,13.01708984375,13.65999984741211,14.25,13.5,14.175000190734863,338262000
2022-06-28,11.830687522888184,12.414999961853027,14.104999542236328,12.380000114440918,13.729999542236328,373741600
2022-06-29,11.854509353637695,12.4399995803833,12.645000457763672,12.050000190734863,12.390000343322754,380182200
2022-06-30,11.435218811035156,12.0,12.444999694824219,11.375,12.029999732971191,512407800
2022-07-01,11.621040344238281,12.194999694824219,12.25,11.550000190734863,11.800000190734863,417200800
2022-07-05,12.221390724182129,12.824999809265137,12.84000015258789,11.5,11.704999923706055,441108000
2022-07-06,12.45486068725586,13.069999694824219,13.359999656677246,12.640000343322754,12.885000228881836,412245800
2022-07-07,13.22673511505127,13.880000114440918,14.0,13.1850004196167,13.1899995803833,275732600
2022-07-08,13.288677215576172,13.944999694824219,14.154999732971191,13.354999542236328,13.494999885559082,319458400
2022-07-11,12.44056510925293,13.055000305175781,13.635000228881836,12.930000305175781,13.600000381469727,258448200
2022-07-12,12.078450202941895,12.675000190734863,13.489999771118164,12.454999923706055,13.220000267028809,319233000
2022-07-13,12.002215385437012,12.595000267028809,12.914999961853027,11.845000267028809,11.920000076293945,361151000
2022-07-14,12.126097679138184,12.725000381469727,12.84000015258789,11.8100004196167,12.234999656677246,351647000
2022-07-15,12.76456356048584,13.395000457763672,13.425000190734863,12.904999732971191,13.135000228881836,308760400
2022-07-18,12.469155311584473,13.085000038146973,14.0,12.90999984741211,13.805000305175781,319900400
2022-07-19,13.560262680053711,14.229999542236328,14.3100004196167,13.345000267028809,13.574999809265137,298643400
2022-07-20,14.241609573364258,14.944999694824219,15.125,14.220000267028809,14.329999923706055,377126200
2022-07-21,14.846725463867188,15.579999923706055,15.59000015258789,14.609999656677246,15.005000114440918,319381800
2022-07-22,14.070084571838379,14.765000343322754,15.765000343322754,14.475000381469727,15.4399995803833,298800800
2022-07-25,13.860440254211426,14.545000076293945,14.835000038146973,14.204999923706055,14.765000343322754,220897600
2022-07-26,13.021855354309082,13.664999961853027,14.28499984741211,13.524999618530273,14.244999885559082,231755600
2022-07-27,14.646611213684082,15.369999885559082,15.625,14.21500015258789,14.300000190734863,341919000
2022-07-28,15.065902709960938,15.8100004196167,15.90999984741211,14.760000228881836,15.34000015258789,324071800
2022-07-29,15.894957542419434,16.68000030517578,16.825000762939453,15.835000038146973,16.065000534057617,292146400
2022-08-01,15.87113094329834,16.655000686645508,17.209999084472656,16.219999313354492,16.389999389648438,285283000
2022-08-02,15.723428726196289,16.5,17.174999237060547,16.104999542236328,16.270000457763672,325375000
2022-08-03,16.98130226135254,17.81999969482422,17.975000381469727,16.655000686645508,16.774999618530273,294213800
2022-08-04,17.22429847717285,18.075000762939453,18.135000228881836,17.479999542236328,17.844999313354492,253567200
2022-08-05,16.814538955688477,17.645000457763672,17.989999771118164,17.075000762939453,17.21500015258789,283898600
2022-08-08,16.643009185791016,17.46500015258789,18.415000915527344,17.219999313354492,17.799999237060547,267787800
2022-08-09,16.071243286132812,16.864999771118164,17.184999465942383,16.594999313354492,17.139999389648438,218406000
2022-08-10,17.391061782836914,18.25,18.31999969482422,17.655000686645508,18.06999969482422,271554400
2022-08-11,17.129003524780273,17.975000381469727,19.010000228881836,17.834999084472656,18.665000915527344,273361000
2022-08-12,18.096233367919922,18.989999771118164,19.024999618530273,18.1200008392334,18.299999237060547,211187000
2022-08-15,18.52981948852539,19.44499969482422,19.540000915527344,18.81999969482422,18.825000762939453,196308400
2022-08-16,18.41069984436035,19.31999969482422,19.690000534057617,18.764999389648438,19.280000686645508,220755800
2022-08-17,17.772235870361328,18.649999618530273,19.165000915527344,18.274999618530273,18.7549991607666,262838400
2022-08-18,17.89134979248047,18.774999618530273,18.979999542236328,18.344999313354492,18.6299991607666,192140800
2022-08-19,16.843122482299805,17.674999237060547,18.350000381469727,17.53499984741211,18.239999771118164,224256600
2022-08-22,15.518546104431152,16.28499984741211,16.985000610351562,16.1299991607666,16.94499969482422,224975400
2022-08-23,15.466131210327148,16.229999542236328,16.674999237060547,16.100000381469727,16.21500015258789,219509800
2022-08-24,15.585247993469238,16.354999542236328,16.649999618530273,16.049999237060547,16.149999618530273,187005600
2022-08-25,16.404775619506836,17.21500015258789,17.219999313354492,16.469999313354492,16.639999389648438,222052600
2022-08-26,14.40837574005127,15.119999885559082,17.3700008392334,15.100000381469727,17.174999237060547,366276600
2022-08-29,13.965259552001953,14.654999732971191,15.0600004196167,14.479999542236328,14.675000190734863,248441000
2022-08-30,13.498323440551758,14.164999961853027,14.975000381469727,13.779999732971191,14.895000457763672,327014800
2022-08-31,13.250560760498047,13.904999732971191,14.699999809265137,13.885000228881836,14.579999923706055,341030600
2022-09-01,13.264856338500977,13.920000076293945,13.96500015258789,13.010000228881836,13.539999961853027,397320400
2022-09-02,12.712152481079102,13.34000015258789,14.520000457763672,13.085000038146973,14.319999694824219,454463000
2022-09-06,12.421507835388184,13.03499984741211,13.510000228881836,12.729999542236328,13.380000114440918,361083400
2022-09-07,13.155267715454102,13.805000305175781,13.949999809265137,13.055000305175781,13.09000015258789,331569600
2022-09-08,13.36967658996582,14.029999732971191,14.210000038146973,13.319999694824219,13.515000343322754,410799800
2022-09-09,14.21778678894043,14.920000076293945,15.010000228881836,14.329999923706055,14.34000015258789,298735800
2022-09-12,14.737137794494629,15.46500015258789,15.515000343322754,15.095000267028809,15.149999618530273,273141200
2022-09-13,12.311919212341309,12.920000076293945,14.305000305175781,12.779999732971191,14.119999885559082,391296600
2022-09-14,12.588269233703613,13.210000038146973,13.335000038146973,12.819999694824219,13.0649995803833,309291800
2022-09-15,11.954568862915039,12.545000076293945,13.274999618530273,12.324999809265137,12.9399995803833,393730600
2022-09-16,11.721099853515625,12.300000190734863,12.364999771118164,11.835000038146973,12.104999542236328,392143600
2022-09-19,12.002215385437012,12.595000267028809,12.614999771118164,11.960000038146973,11.970000267028809,302692600
2022-09-20,11.716334342956543,12.295000076293945,12.595000267028809,11.989999771118164,12.265000343322754,322118600
2022-09-21,11.073104858398438,11.619999885559082,12.960000038146973,11.614999771118164,12.404999732971191,591115200
2022-09-22,10.663341522216797,11.1899995803833,11.555000305175781,11.03499984741211,11.425000190734863,431084000
2022-09-23,10.153520584106445,10.654999732971191,10.930000305175781,10.225000381469727,10.899999618530273,561304000
2022-09-26,10.015344619750977,10.510000228881836,11.104999542236328,10.414999961853027,10.579999923706055,490607800
2022-09-27,10.024874687194824,10.520000457763672,11.175000190734863,10.25,10.90999984741211,543921200
2022-09-28,10.610931396484375,11.135000228881836,11.295000076293945,10.34000015258789,10.515000343322754,512039000
2022-09-29,9.715170860290527,10.194999694824219,10.694999694824219,9.8100004196167,10.654999732971191,540195600
2022-09-30,9.205349922180176,9.65999984741211,10.545000076293945,9.640000343322754,10.079999923706055,513197600
2022-10-03,9.843819618225098,10.329999923706055,10.505000114440918,9.680000305175781,9.850000381469727,447222600
2022-10-04,10.758635520935059,11.289999961853027,11.385000228881836,10.944999694824219,10.949999809265137,463323600
2022-10-05,10.758635520935059,11.289999961853027,11.5,10.505000114440918,10.835000038146973,458399000
2022-10-06,10.48704719543457,11.005000114440918,11.529999732971191,10.960000038146973,11.149999618530273,475087200
2022-10-07,9.291116714477539,9.75,10.454999923706055,9.579999923706055,10.4399995803833,501945200
2022-10-10,9.000470161437988,9.444999694824219,9.805000305175781,9.149999618530273,9.760000228881836,412999600
2022-10-11,8.643120765686035,9.069999694824219,9.569999694824219,8.869999885559082,9.260000228881836,529747000
2022-10-12,8.624062538146973,9.050000190734863,9.319999694824219,8.96500015258789,9.114999771118164,401483800
2022-10-13,9.20058822631836,9.654999732971191,9.8100004196167,8.15999984741211,8.260000228881836,829507200
2022-10-14,8.371533393859863,8.78499984741211,9.989999771118164,8.729999542236328,9.925000190734863,670132600
2022-10-17,9.195821762084961,9.649999618530273,9.75,9.399999618530273,9.404999732971191,460050800
2022-10-18,9.42452621459961,9.890000343322754,10.5,9.585000038146973,10.4350004196167,692553800
2022-10-19,9.310175895690918,9.770000457763672,10.119999885559082,9.505000114440918,9.704999923706055,519702200
2022-10-20,9.152937889099121,9.604999542236328,10.234999656677246,9.479999542236328,9.664999961853027,529703000
2022-10-21,9.800936698913574,10.28499984741211,10.345000267028809,9.364999771118164,9.489999771118164,627458000
2022-10-24,10.134464263916016,10.635000228881836,10.734999656677246,9.899999618530273,10.3149995803833,549244000
2022-10-25,10.744340896606445,11.274999618530273,11.319999694824219,10.734999656677246,10.739999771118164,476799600
2022-10-26,10.034404754638672,10.529999732971191,11.25,10.46500015258789,10.59000015258789,558931800
2022-10-27,9.481701850891113,9.949999809265137,10.5600004196167,9.885000228881836,10.395000457763672,513258800
2022-10-28,10.339344024658203,10.850000381469727,10.904999732971191,9.854999542236328,9.875,510777200
2022-10-31,9.9819917678833,10.475000381469727,10.6850004196167,10.244999885559082,10.59000015258789,419122200
2022-11-01,9.67228889465332,10.149999618530273,10.9350004196167,10.104999542236328,10.869999885559082,430464800
2022-11-02,8.671707153320312,9.100000381469727,10.489999771118164,9.09000015258789,10.140000343322754,662952600
2022-11-03,8.171417236328125,8.574999809265137,8.975000381469727,8.520000457763672,8.824999809265137,424463600
2022-11-04,8.552590370178223,8.975000381469727,9.175000190734863,8.425000190734863,9.0649995803833,764740400
2022-11-07,8.824175834655762,9.260000228881836,9.319999694824219,8.854999542236328,9.079999923706055,401886800
2022-11-08,9.014764785766602,9.460000038146973,9.8100004196167,9.045000076293945,9.425000190734863,592112600
2022-11-09,8.385828018188477,8.800000190734863,9.350000381469727,8.765000343322754,9.265000343322754,431138200
2022-11-10,10.220226287841797,10.725000381469727,10.770000457763672,9.850000381469727,10.074999809265137,656884800
2022-11-11,10.801518440246582,11.335000038146973,11.414999961853027,10.5600004196167,10.71500015258789,614268400
2022-11-14,10.515636444091797,11.03499984741211,11.479999542236328,10.90999984741211,11.085000038146973,428451800
2022-11-15,10.93969440460205,11.479999542236328,11.975000381469727,11.09000015258789,11.824999809265137,636531400
2022-11-16,10.49657917022705,11.015000343322754,11.289999961853027,10.90999984741211,11.25,383358800
2022-11-17,10.415579795837402,10.930000305175781,11.104999542236328,10.454999923706055,10.475000381469727,426924400
2022-11-18,10.406048774719238,10.920000076293945,11.289999961853027,10.640000343322754,11.279999732971191,389577000
2022-11-21,10.09157943725586,10.59000015258789,10.899999618530273,10.484999656677246,10.760000228881836,288222600
2022-11-22,10.515636444091797,11.03499984741211,11.050000190734863,10.414999961853027,10.664999961853027,292477200
2022-11-23,10.830105781555176,11.364999771118164,11.4350004196167,11.005000114440918,11.024999618530273,357567000
2022-11-25,10.606164932250977,11.130000114440918,11.25,11.074999809265137,11.170000076293945,134753000
2022-11-28,10.139225959777832,10.640000343322754,11.135000228881836,10.529999732971191,10.899999618530273,262765200
2022-11-29,9.89622974395752,10.385000228881836,10.710000038146973,10.234999656677246,10.65999984741211,275805400
2022-11-30,11.225573539733887,11.779999732971191,11.824999809265137,10.324999809265137,10.425000190734863,545469800
2022-12-01,11.287514686584473,11.845000267028809,12.085000038146973,11.505000114440918,11.850000381469727,411007200
2022-12-02,11.154102325439453,11.704999923706055,11.8149995803833,11.194999694824219,11.225000381469727,363310000
2022-12-05,10.59187126159668,11.114999771118164,11.600000381469727,10.930000305175781,11.4399995803833,301980000
2022-12-06,9.92005443572998,10.40999984741211,11.104999542236328,10.25,11.09000015258789,339801000
2022-12-07,9.800936698913574,10.28499984741211,10.515000343322754,10.09000015258789,10.279999732971191,347335800
2022-12-08,10.14875602722168,10.649999618530273,10.75,10.194999694824219,10.4350004196167,377840200
2022-12-09,9.953405380249023,10.444999694824219,10.845000267028809,10.385000228881836,10.524999618530273,354007800
2022-12-12,10.315519332885742,10.824999809265137,10.829999923706055,10.335000038146973,10.454999923706055,225655000
2022-12-13,10.639516830444336,11.164999961853027,12.114999771118164,10.859999656677246,12.09000015258789,695385600
2022-12-14,10.386991500854492,10.899999618530273,11.494999885559082,10.539999961853027,11.104999542236328,578911000
2022-12-15,9.357818603515625,9.819999694824219,10.515000343322754,9.675000190734863,10.430000305175781,428053200
2022-12-16,9.08146858215332,9.529999732971191,9.904999732971191,9.354999542236328,9.739999771118164,351284200
2022-12-19,8.705061912536621,9.135000228881836,9.5649995803833,8.989999771118164,9.550000190734863,310533000
2022-12-20,8.666943550109863,9.095000267028809,9.279999732971191,8.835000038146973,9.0,345762400
2022-12-21,9.043353080749512,9.489999771118164,9.625,9.114999771118164,9.204999923706055,326374600
2022-12-22,8.400614738464355,8.770000457763672,9.125,8.289999961853027,9.114999771118164,460900400
2022-12-23,8.424562454223633,8.795000076293945,8.859999656677246,8.414999961853027,8.604999542236328,330134600
2022-12-27,8.06535530090332,8.420000076293945,8.739999771118164,8.359999656677246,8.729999542236328,263200600
2022-12-28,7.739676475524902,8.079999923706055,8.600000381469727,8.050000190734863,8.375,364869200
2022-12-29,8.285669326782227,8.649999618530273,8.75,8.265000343322754,8.335000038146973,306109800
2022-12-30,8.285669326782227,8.649999618530273,8.649999618530273,8.25,8.380000114440918,301941200
2023-01-03,8.098881721496582,8.454999923706055,9.020000457763672,8.234999656677246,8.869999885559082,359851800
2023-01-04,8.223406791687012,8.585000038146973,8.744999885559082,8.270000457763672,8.664999961853027,435272800
2023-01-05,7.835464954376221,8.180000305175781,8.425000190734863,8.140000343322754,8.404999732971191,362504000
2023-01-06,8.448508262634277,8.819999694824219,8.949999809265137,8.050000190734863,8.324999809265137,466895200
2023-01-09,8.625716209411621,9.005000114440918,9.479999542236328,8.944999694824219,9.039999961853027,372042800
2023-01-10,8.855606079101562,9.244999885559082,9.244999885559082,8.850000381469727,8.90999984741211,328723000
2023-01-11,9.296231269836426,9.704999923706055,9.71500015258789,9.260000228881836,9.34000015258789,302550000
2023-01-12,9.43991470336914,9.854999542236328,9.960000038146973,9.295000076293945,9.760000228881836,561852600
2023-01-13,9.626700401306152,10.050000190734863,10.085000038146973,9.550000190734863,9.585000038146973,319566000
2023-01-17,9.679384231567383,10.104999542236328,10.255000114440918,9.904999732971191,10.029999732971191,279515800
2023-01-18,9.32017993927002,9.729999542236328,10.454999923706055,9.694999694824219,10.289999961853027,373300200
2023-01-19,9.028027534484863,9.425000190734863,9.654999732971191,9.289999961853027,9.53499984741211,332741400
2023-01-20,9.765593528747559,10.194999694824219,10.225000381469727,9.479999542236328,9.59000015258789,322650400
2023-01-23,10.407373428344727,10.864999771118164,11.0,10.1899995803833,10.274999618530273,388084200
2023-01-24,10.345112800598145,10.800000190734863,10.9350004196167,10.619999885559082,10.680000305175781,290013000
2023-01-25,10.268481254577637,10.720000267028809,10.795000076293945,9.989999771118164,10.279999732971191,436167200
2023-01-26,10.8623685836792,11.34000015258789,11.359999656677246,10.800000190734863,11.109999656677246,406837800
2023-01-27,11.173677444458008,11.664999961853027,11.90999984741211,11.164999961853027,11.180000305175781,376822200
2023-01-30,10.503162384033203,10.96500015258789,11.449999809265137,10.925000190734863,11.274999618530273,347816000
2023-01-31,10.972522735595703,11.454999923706055,11.460000038146973,10.949999809265137,10.970000267028809,316513800
2023-02-01,11.681355476379395,12.194999694824219,12.475000381469727,11.180000305175781,11.430000305175781,543277600
2023-02-02,12.888284683227539,13.454999923706055,13.725000381469727,12.875,12.979999542236328,535770200
2023-02-03,12.22255802154541,12.760000228881836,13.569999694824219,12.555000305175781,12.604999542236328,534808400
2023-02-06,11.911247253417969,12.4350004196167,12.725000381469727,12.260000228881836,12.425000190734863,323632400
2023-02-07,12.64881420135498,13.204999923706055,13.345000267028809,12.270000457763672,12.414999961853027,519789200
2023-02-08,11.968720436096191,12.494999885559082,13.149999618530273,12.404999732971191,13.024999618530273,362514400
2023-02-09,11.64783000946045,12.15999984741211,13.045000076293945,11.96500015258789,13.024999618530273,395196800
2023-02-10,11.408358573913574,11.90999984741211,12.130000114440918,11.609999656677246,11.880000114440918,367863400
2023-02-13,11.949563026428223,12.475000381469727,12.550000190734863,11.925000190734863,12.069999694824219,279739800
2023-02-14,12.20819091796875,12.744999885559082,12.869999885559082,12.024999618530273,12.270000457763672,511474400
2023-02-15,12.481184959411621,13.029999732971191,13.050000190734863,12.425000190734863,12.510000228881836,275527400
2023-02-16,11.767565727233887,12.28499984741211,12.9350004196167,12.265000343322754,12.414999961853027,388993000
2023-02-17,11.513726234436035,12.020000457763672,12.114999771118164,11.649999618530273,12.015000343322754,389804800
2023-02-21,10.704316139221191,11.175000190734863,11.725000381469727,11.145000457763672,11.550000190734863,300937600
2023-02-22,10.713895797729492,11.1850004196167,11.425000190734863,10.989999771118164,11.225000381469727,334677400
2023-02-23,10.98210334777832,11.46500015258789,11.614999771118164,10.975000381469727,11.595000267028809,359540000
2023-02-24,10.426531791687012,10.885000228881836,11.015000343322754,10.675000190734863,10.875,345563600
2023-02-27,10.651634216308594,11.119999885559082,11.399999618530273,11.050000190734863,11.239999771118164,277508800
2023-02-28,10.59894847869873,11.0649995803833,11.359999656677246,11.0,11.039999961853027,254631600
2023-03-01,10.340323448181152,10.795000076293945,11.104999542236328,10.6850004196167,11.029999732971191,308773800
2023-03-02,10.589371681213379,11.055000305175781,11.149999618530273,10.475000381469727,10.505000114440918,315874600
2023-03-03,11.235940933227539,11.729999542236328,11.765000343322754,11.1899995803833,11.25,303353200
2023-03-06,11.283833503723145,11.779999732971191,12.239999771118164,11.75,11.880000114440918,303699800
2023-03-07,10.8623685836792,11.34000015258789,11.890000343322754,11.260000228881836,11.779999732971191,352663000
2023-03-08,11.01083755493164,11.494999885559082,11.569999694824219,11.164999961853027,11.375,290985600
2023-03-09,10.431323051452637,10.890000343322754,11.854999542236328,10.795000076293945,11.555000305175781,393667400
2023-03-10,10.000273704528809,10.4399995803833,11.079999923706055,10.3100004196167,10.90999984741211,629715200
2023-03-13,10.215799331665039,10.664999961853027,11.074999809265137,10.0649995803833,10.234999656677246,659081400
2023-03-14,10.910262107849121,11.390000343322754,11.454999923706055,10.960000038146973,11.0600004196167,434325800
2023-03-15,11.06831169128418,11.555000305175781,11.609999656677246,10.914999961853027,11.085000038146973,549118800
2023-03-16,11.944771766662598,12.470000267028809,12.515000343322754,11.359999656677246,11.4399995803833,456714200
2023-03-17,11.767565727233887,12.28499984741211,12.755000114440918,12.050000190734863,12.46500015258789,403540600
2023-03-20,11.892088890075684,12.414999961853027,12.460000038146973,11.944999694824219,12.21500015258789,328356000
2023-03-21,12.394975662231445,12.9399995803833,13.0,12.46500015258789,12.654999732971191,270290200
2023-03-22,11.88915729522705,12.34000015258789,13.479999542236328,12.324999809265137,12.854999542236328,475836200
2023-03-23,12.313080787658691,12.779999732971191,13.305000305175781,12.4399995803833,12.800000190734863,392994400
2023-03-24,12.438333511352539,12.90999984741211,12.920000076293945,12.420000076293945,12.720000267028809,338830200
2023-03-27,12.183014869689941,12.645000457763672,13.130000114440918,12.529999732971191,12.994999885559082,273591200
2023-03-28,11.98068618774414,12.4350004196167,12.569999694824219,12.145000457763672,12.569999694824219,236041400
2023-03-29,12.635842323303223,13.114999771118164,13.1850004196167,12.78499984741211,12.880000114440918,238730600
2023-03-30,12.977874755859375,13.470000267028809,13.545000076293945,13.244999885559082,13.40999984741211,260300000
2023-03-31,13.613759994506836,14.130000114440918,14.15999984741211,13.454999923706055,13.5,254044200
2023-04-03,13.517413139343262,14.029999732971191,14.0600004196167,13.664999961853027,13.84000015258789,250232600
2023-04-04,13.382529258728027,13.890000343322754,14.21500015258789,13.710000038146973,14.079999923706055,232180800
2023-04-05,12.953784942626953,13.444999694824219,13.760000228881836,13.204999923706055,13.734999656677246,258274000
2023-04-06,13.213922500610352,13.71500015258789,13.779999732971191,13.055000305175781,13.229999542236328,241920600
2023-04-10,13.185018539428711,13.6850004196167,13.6899995803833,13.085000038146973,13.319999694824219,237057600
2023-04-11,12.929698944091797,13.420000076293945,13.6850004196167,13.350000381469727,13.680000305175781,208521600
2023-04-12,12.587669372558594,13.0649995803833,13.744999885559082,13.0,13.670000076293945,348038600
2023-04-13,13.310266494750977,13.8149995803833,13.869999885559082,13.244999885559082,13.265000343322754,247523000
2023-04-14,13.23319149017334,13.734999656677246,13.96500015258789,13.350000381469727,13.604999542236328,285332200
2023-04-17,13.247644424438477,13.75,13.8100004196167,13.404999732971191,13.675000190734863,228617800
2023-04-18,13.257279396057129,13.760000228881836,14.09000015258789,13.600000381469727,14.03499984741211,212829800
2023-04-19,13.228372573852539,13.729999542236328,13.869999885559082,13.420000076293945,13.4350004196167,191850600
2023-04-20,12.920064926147461,13.40999984741211,13.789999961853027,13.234999656677246,13.335000038146973,273695200
2023-04-21,12.9441499710083,13.4350004196167,13.545000076293945,13.125,13.350000381469727,228888000
2023-04-24,12.867072105407715,13.354999542236328,13.585000038146973,13.069999694824219,13.404999732971191,215290800
2023-04-25,12.139657974243164,12.600000381469727,13.225000381469727,12.585000038146973,13.140000343322754,276576000
2023-04-26,12.341987609863281,12.8100004196167,13.194999694824219,12.755000114440918,13.010000228881836,249724600
2023-04-27,13.339173316955566,13.845000267028809,13.914999961853027,13.194999694824219,13.279999732971191,255631200
2023-04-28,13.608942031860352,14.125,14.140000343322754,13.664999961853027,13.819999694824219,261072200
2023-05-01,13.570405006408691,14.085000038146973,14.265000343322754,13.9350004196167,14.069999694824219,178002600
2023-05-02,13.20910358428955,13.710000038146973,14.109999656677246,13.479999542236328,14.069999694824219,249312000
2023-05-03,12.948967933654785,13.4399995803833,14.100000381469727,13.414999961853027,13.75,340267600
2023-05-04,12.804449081420898,13.289999961853027,13.539999961853027,13.140000343322754,13.390000343322754,242621600
2023-05-05,13.58967399597168,14.104999542236328,14.229999542236328,13.515000343322754,13.5600004196167,195603200
2023-05-08,13.700472831726074,14.220000267028809,14.270000457763672,13.90999984741211,14.050000190734863,151477000
2023-05-09,13.435517311096191,13.944999694824219,14.109999656677246,13.904999732971191,13.994999885559082,129681400
2023-05-10,13.86907958984375,14.395000457763672,14.510000228881836,13.9350004196167,14.260000228881836,303102000
2023-05-11,13.98469352722168,14.515000343322754,14.595000267028809,14.244999885559082,14.454999923706055,194683000
2023-05-12,13.840171813964844,14.364999771118164,14.649999618530273,14.085000038146973,14.59000015258789,210763400
2023-05-15,14.052136421203613,14.585000038146973,14.625,14.21500015258789,14.425000190734863,172935200
2023-05-16,14.105128288269043,14.640000343322754,14.869999885559082,14.479999542236328,14.489999771118164,159327000
2023-05-17,14.610946655273438,15.164999961853027,15.239999771118164,14.614999771118164,14.774999618530273,202209200
2023-05-18,15.396169662475586,15.979999542236328,16.020000457763672,15.199999809265137,15.199999809265137,271867600
2023-05-19,15.290188789367676,15.869999885559082,16.1200008392334,15.725000381469727,16.014999389648438,198058400
2023-05-22,15.4491605758667,16.03499984741211,16.18000030517578,15.835000038146973,15.84000015258789,166624800
2023-05-23,14.851811408996582,15.414999961853027,15.949999809265137,15.364999771118164,15.779999732971191,212630000
2023-05-24,14.610946655273438,15.164999961853027,15.350000381469727,14.885000228881836,15.135000228881836,235945000
2023-05-25,15.665940284729004,16.260000228881836,16.434999465942383,15.84000015258789,16.18000030517578,261747000
2023-05-26,16.850996017456055,17.489999771118164,17.625,16.395000457763672,16.405000686645508,252784400
2023-05-30,17.08704948425293,17.735000610351562,18.334999084472656,17.520000457763672,18.155000686645508,270612800
2023-05-31,16.740205764770508,17.375,17.795000076293945,17.200000762939453,17.485000610351562,210289000
2023-06-01,17.347187042236328,18.0049991607666,18.21500015258789,17.204999923706055,17.3700008392334,216759200
2023-06-02,17.737388610839844,18.40999984741211,18.594999313354492,18.0049991607666,18.280000686645508,216505600
2023-06-05,17.775928497314453,18.450000762939453,18.850000381469727,18.280000686645508,18.3799991607666,206261800
2023-06-06,17.75666046142578,18.43000030517578,18.579999923706055,18.1299991607666,18.344999313354492,159509000
2023-06-07,16.850996017456055,17.489999771118164,18.780000686645508,17.385000228881836,18.469999313354492,228485400
2023-06-08,17.429080963134766,18.09000015258789,18.190000534057617,17.475000381469727,17.510000228881836,188153800
2023-06-09,17.64104461669922,18.309999465942383,18.809999465942383,18.100000381469727,18.34000015258789,207944000
2023-06-12,18.54188346862793,19.2450008392334,19.2549991607666,18.420000076293945,18.575000762939453,154857400
2023-06-13,18.956174850463867,19.674999237060547,19.815000534057617,19.15999984741211,19.684999465942383,266534200
2023-06-14,19.36082649230957,20.094999313354492,20.149999618530273,19.209999084472656,19.674999237060547,305313000
2023-06-15,20.040071487426758,20.799999237060547,21.045000076293945,19.7549991607666,19.8700008392334,255874000
2023-06-16,19.65468406677246,20.399999618530273,21.219999313354492,20.325000762939453,21.204999923706055,224810400
2023-06-20,19.558334350585938,20.299999237060547,20.540000915527344,19.799999237060547,20.145000457763672,168249800
2023-06-21,18.774497985839844,19.424999237060547,20.110000610351562,19.25,20.040000915527344,199266600
2023-06-22,19.397897720336914,20.06999969482422,20.094999313354492,19.1200008392334,19.184999465942383,210199200
2023-06-23,18.82282257080078,19.475000381469727,19.854999542236328,19.190000534057617,19.415000915527344,225152400
2023-06-26,18.078609466552734,18.704999923706055,19.834999084472656,18.670000076293945,19.3799991607666,216900000
2023-06-27,18.97262954711914,19.6299991607666,19.75,18.799999237060547,18.924999237060547,195354000
2023-06-28,19.088613510131836,19.75,20.06999969482422,19.315000534057617,19.334999084472656,217352600
2023-06-29,18.958131790161133,19.614999771118164,19.780000686645508,19.334999084472656,19.68000030517578,198266400
2023-06-30,19.813495635986328,20.5,20.674999237060547,20.145000457763672,20.200000762939453,184308800
2023-07-03,19.948810577392578,20.639999389648438,20.7450008392334,20.420000076293945,20.600000381469727,79868000
2023-07-05,19.93431282043457,20.625,20.920000076293945,20.354999542236328,20.360000610351562,139007400
2023-07-06,19.465551376342773,20.139999389648438,20.209999084472656,19.645000457763672,19.985000610351562,170473400
2023-07-07,19.267419815063477,19.934999465942383,20.6299991607666,19.889999389648438,20.094999313354492,168624800
2023-07-10,19.281919479370117,19.950000762939453,20.05500030517578,19.46500015258789,19.8799991607666,172013600
2023-07-11,19.557371139526367,20.235000610351562,20.309999465942383,19.649999618530273,20.010000228881836,162478600
2023-07-12,20.282258987426758,20.985000610351562,21.219999313354492,20.575000762939453,20.915000915527344,230335400
2023-07-13,21.292261123657227,22.030000686645508,22.18000030517578,21.415000915527344,21.510000228881836,164773200
2023-07-14,21.272930145263672,22.010000228881836,22.68000030517578,21.860000610351562,22.110000610351562,186056400
2023-07-17,21.862506866455078,22.6200008392334,22.78499984741211,22.05500030517578,22.139999389648438,145525200
2023-07-18,22.384418487548828,23.15999984741211,23.420000076293945,22.155000686645508,22.510000228881836,196113200
2023-07-19,22.384418487548828,23.15999984741211,23.56999969482422,22.90999984741211,23.364999771118164,200573800
2023-07-20,20.813838958740234,21.53499984741211,22.850000381469727,21.344999313354492,22.579999923706055,233862800
2023-07-21,20.630203247070312,21.344999313354492,22.09000015258789,21.2549991607666,21.940000534057617,205108600
2023-07-24,20.712352752685547,21.43000030517578,21.655000686645508,21.100000381469727,21.489999771118164,126429200
2023-07-25,21.127954483032227,21.860000610351562,22.139999389648438,21.540000915527344,21.540000915527344,138199200
2023-07-26,20.910486221313477,21.635000228881836,21.924999237060547,21.219999313354492,21.65999984741211,205764600
2023-07-27,20.7316837310791,21.450000762939453,22.844999313354492,21.225000381469727,22.55500030517578,261103200
2023-07-28,21.852840423583984,22.610000610351562,22.795000076293945,22.065000534057617,22.149999618530273,204487600
2023-07-31,21.896331787109375,22.655000686645508,22.854999542236328,22.40999984741211,22.665000915527344,159009200
2023-08-01,21.727191925048828,22.479999542236328,22.614999771118164,22.104999542236328,22.395000457763672,153056600
2023-08-02,20.306419372558594,21.010000228881836,21.850000381469727,20.764999389648438,21.844999313354492,258044000
2023-08-03,20.16144371032715,20.860000610351562,21.229999542236328,20.524999618530273,20.55500030517578,201340200
2023-08-04,19.881153106689453,20.56999969482422,21.584999084472656,20.485000610351562,21.19499969482422,247452800
2023-08-07,20.374074935913086,21.079999923706055,21.100000381469727,20.469999313354492,20.864999771118164,149792200
2023-08-08,19.852157592773438,20.540000915527344,20.645000457763672,20.0,20.645000457763672,188780000
2023-08-09,19.19009780883789,19.854999542236328,20.604999542236328,19.725000381469727,20.579999923706055,199430600
2023-08-10,19.277082443237305,19.94499969482422,20.875,19.684999465942383,20.329999923706055,260554200
2023-08-11,18.890480041503906,19.545000076293945,19.834999084472656,19.299999237060547,19.514999389648438,201573800
2023-08-14,19.518712997436523,20.19499969482422,20.219999313354492,19.299999237060547,19.415000915527344,142553600
2023-08-15,18.919475555419922,19.575000762939453,20.170000076293945,19.440000534057617,20.03499984741211,162553600
2023-08-16,18.29123878479004,18.924999237060547,19.709999084472656,18.90999984741211,19.459999084472656,190222000
2023-08-17,17.672672271728516,18.28499984741211,19.18000030517578,18.21500015258789,19.125,210232800
2023-08-18,17.590518951416016,18.200000762939453,18.405000686645508,17.684999465942383,17.764999389648438,247002000
2023-08-21,18.441051483154297,19.079999923706055,19.190000534057617,18.354999542236328,18.434999465942383,191487200
2023-08-22,18.358896255493164,18.9950008392334,19.489999771118164,18.885000228881836,19.485000610351562,180368000
2023-08-23,19.22392463684082,19.889999389648438,20.059999465942383,19.139999389648438,19.174999237060547,175454000
2023-08-24,17.95779800415039,18.579999923706055,20.454999923706055,18.549999237060547,20.440000534057617,232397200
2023-08-25,18.383060455322266,19.020000457763672,19.280000686645508,18.174999237060547,18.71500015258789,278289400
2023-08-28,18.7938289642334,19.44499969482422,19.584999084472656,19.040000915527344,19.475000381469727,182641000
2023-08-29,19.9923038482666,20.684999465942383,20.760000228881836,19.344999313354492,19.399999618530273,187495600
2023-08-30,20.325748443603516,21.030000686645508,21.139999389648438,20.540000915527344,20.71500015258789,185958200
2023-08-31,20.50938606262207,21.219999313354492,21.489999771118164,21.010000228881836,21.020000457763672,162242800
2023-09-01,20.4368953704834,21.145000457763672,21.68000030517578,20.875,21.604999542236328,165058400
2023-09-05,20.49005889892578,21.200000762939453,21.40999984741211,20.829999923706055,20.985000610351562,123778600
2023-09-06,19.948810577392578,20.639999389648438,21.1200008392334,20.290000915527344,21.06999969482422,148058200
2023-09-07,19.513879776000977,20.190000534057617,20.299999237060547,19.690000534057617,19.8700008392334,168623000
2023-09-08,19.571868896484375,20.25,20.6200008392334,20.084999084472656,20.155000686645508,149541600
2023-09-11,20.238759994506836,20.940000534057617,21.045000076293945,20.420000076293945,20.7450008392334,141712800
2023-09-12,19.59119987487793,20.270000457763672,20.905000686645508,20.200000762939453,20.670000076293945,155524200
2023-09-13,19.784502029418945,20.469999313354492,20.7450008392334,20.094999313354492,20.290000915527344,170849400
2023-09-14,20.248430252075195,20.950000762939453,21.1200008392334,20.399999618530273,20.75,152379800
2023-09-15,19.209430694580078,19.875,20.795000076293945,19.71500015258789,20.725000381469727,179839600
2023-09-18,19.25292205810547,19.920000076293945,20.110000610351562,19.665000915527344,19.71500015258789,124798200
2023-09-19,19.136938095092773,19.799999237060547,19.915000915527344,19.299999237060547,19.704999923706055,148741400
2023-09-20,18.30717658996582,18.875,19.950000762939453,18.850000381469727,19.885000228881836,196038400
2023-09-21,17.264514923095703,17.799999237060547,18.389999389648438,17.78499984741211,18.274999618530273,216821200
2023-09-22,17.279064178466797,17.815000534057617,18.389999389648438,17.760000228881836,18.065000534057617,188181200
2023-09-25,17.506994247436523,18.049999237060547,18.06999969482422,17.5049991607666,17.655000686645508,162538400
2023-09-26,16.726215362548828,17.2450008392334,17.739999771118164,17.084999084472656,17.655000686645508,210679400
2023-09-27,16.82805061340332,17.350000381469727,17.635000228881836,16.815000534057617,17.405000686645508,256871600
2023-09-28,17.23541831970215,17.770000457763672,18.084999084472656,17.065000534057617,17.19499969482422,268145800
2023-09-29,17.274215698242188,17.809999465942383,18.5,17.614999771118164,18.290000915527344,286858200
2023-10-02,17.68642807006836,18.235000610351562,18.450000762939453,17.739999771118164,17.834999084472656,236463200
2023-10-03,16.750459671020508,17.270000457763672,18.19499969482422,17.020000457763672,17.854999542236328,266539000
2023-10-04,17.429399490356445,17.969999313354492,18.094999313354492,17.31999969482422,17.389999389648438,252759200
2023-10-05,17.2451171875,17.780000686645508,18.0,17.25,17.94499969482422,218006200
2023-10-06,18.113191604614258,18.674999237060547,18.844999313354492,17.204999923706055,17.325000762939453,294897400
2023-10-09,18.37992286682129,18.950000762939453,19.045000076293945,18.06999969482422,18.30500030517578,210966000
2023-10-10,18.68059539794922,19.260000228881836,19.684999465942383,18.924999237060547,19.0049991607666,216109600
2023-10-11,19.07826042175293,19.670000076293945,19.704999923706055,19.200000762939453,19.469999313354492,191710800
2023-10-12,18.855180740356445,19.440000534057617,20.024999618530273,19.059999465942383,19.735000610351562,236509200
2023-10-13,18.142290115356445,18.704999923706055,19.639999389648438,18.485000610351562,19.545000076293945,259511000
2023-10-16,18.753337860107422,19.334999084472656,19.5,18.885000228881836,18.90999984741211,173152200
2023-10-17,18.573902130126953,19.149999618530273,19.40999984741211,18.424999237060547,18.760000228881836,210387000
2023-10-18,17.788270950317383,18.34000015258789,19.09000015258789,18.165000915527344,18.735000610351562,263165200
2023-10-19,17.313013076782227,17.850000381469727,18.7549991607666,17.719999313354492,18.575000762939453,370050400
2023-10-20,16.5322322845459,17.045000076293945,17.850000381469727,17.010000228881836,17.760000228881836,277722800
2023-10-23,16.677717208862305,17.19499969482422,17.704999923706055,16.530000686645508,16.834999084472656,263599000
2023-10-24,17.14812660217285,17.68000030517578,17.795000076293945,17.200000762939453,17.450000762939453,245074600
2023-10-25,15.892082214355469,16.385000228881836,17.34000015258789,16.290000915527344,17.315000534057617,328363200
2023-10-26,14.965813636779785,15.430000305175781,16.31999969482422,15.234999656677246,16.190000534057617,374047400
2023-10-27,15.179194450378418,15.649999618530273,16.114999771118164,15.475000381469727,15.789999961853027,294702200
2023-10-30,15.669002532958984,16.155000686645508,16.344999313354492,15.789999961853027,15.975000381469727,264305600
2023-10-31,15.896934509277344,16.389999389648438,16.44499969482422,15.800000190734863,16.15999984741211,222923600
2023-11-01,16.716514587402344,17.235000610351562,17.315000534057617,16.485000610351562,16.5,332635600
2023-11-02,17.603988647460938,18.149999618530273,18.190000534057617,17.700000762939453,17.8799991607666,234134000
2023-11-03,18.224735260009766,18.790000915527344,18.989999771118164,18.315000534057617,18.350000381469727,228661200
2023-11-06,18.433265686035156,19.0049991607666,19.104999542236328,18.65999984741211,18.905000686645508,183599600
2023-11-07,18.952171325683594,19.540000915527344,19.684999465942383,18.985000610351562,19.174999237060547,204502200
2023-11-08,18.98611831665039,19.575000762939453,19.71500015258789,19.21500015258789,19.600000381469727,187960200
2023-11-09,18.535104751586914,19.110000610351562,19.854999542236328,19.030000686645508,19.670000076293945,258365200
2023-11-10,19.77174949645996,20.385000228881836,20.415000915527344,19.290000915527344,19.375,248927600
2023-11-13,19.592317581176758,20.200000762939453,20.364999771118164,19.875,20.125,180430400
2023-11-14,20.824108123779297,21.469999313354492,21.639999389648438,21.145000457763672,21.235000610351562,233552400
2023-11-15,20.882305145263672,21.530000686645508,21.889999389648438,21.299999237060547,21.809999465942383,218432600
2023-11-16,20.916255950927734,21.565000534057617,21.604999542236328,21.165000915527344,21.3799991607666,178045000
2023-11-17,20.930801391601562,21.579999923706055,21.75,21.28499984741211,21.440000534057617,157517000
2023-11-20,21.677635192871094,22.350000381469727,22.475000381469727,21.56999969482422,21.575000762939453,165655600
2023-11-21,21.284822463989258,21.94499969482422,22.079999923706055,21.645000457763672,22.045000076293945,148275200
2023-11-22,21.532150268554688,22.200000762939453,22.709999084472656,22.024999618530273,22.28499984741211,171446400
2023-11-24,21.425458908081055,22.09000015258789,22.225000381469727,21.924999237060547,22.125,63975400
2023-11-27,21.36241340637207,22.024999618530273,22.3700008392334,21.885000228881836,22.0049991607666,121856400
2023-11-28,21.532150268554688,22.200000762939453,22.299999237060547,21.834999084472656,21.899999618530273,158349000
2023-11-29,21.454559326171875,22.1200008392334,22.864999771118164,22.065000534057617,22.6200008392334,177523200
2023-11-30,21.27511978149414,21.934999465942383,22.229999542236328,21.420000076293945,22.149999618530273,186394600
2023-12-01,21.454559326171875,22.1200008392334,22.219999313354492,21.459999084472656,21.7450008392334,172937600
2023-12-04,20.843507766723633,21.489999771118164,21.53499984741211,20.864999771118164,21.454999923706055,181143600
2023-12-05,20.993844985961914,21.645000457763672,21.850000381469727,21.1299991607666,21.155000686645508,167540400
2023-12-06,20.62042808532715,21.260000228881836,22.15999984741211,21.204999923706055,22.139999389648438,163000600
2023-12-07,21.483652114868164,22.149999618530273,22.270000457763672,21.55500030517578,21.739999771118164,162755400
2023-12-08,21.74068260192871,22.415000915527344,22.5,21.795000076293945,21.825000762939453,181789000
2023-12-11,22.29353141784668,22.985000610351562,23.040000915527344,22.299999237060547,22.334999084472656,151540000
2023-12-12,22.83183479309082,23.540000915527344,23.549999237060547,22.78499984741211,22.989999771118164,142899400
2023-12-13,23.636871337890625,24.3700008392334,24.53499984741211,23.549999237060547,23.690000534057617,230081400
2023-12-14,23.598072052001953,24.329999923706055,24.864999771118164,23.774999618530273,24.625,202697800
2023-12-15,23.879348754882812,24.6200008392334,24.895000457763672,24.350000381469727,24.469999313354492,156731000
2023-12-18,24.37885093688965,25.135000228881836,25.299999237060547,24.684999465942383,24.7450008392334,116436000
2023-12-19,24.74257469177246,25.510000228881836,25.530000686645508,25.18000030517578,25.209999084472656,120349600
2023-12-20,23.643217086791992,24.270000457763672,25.635000228881836,24.229999542236328,25.239999771118164,176165000
2023-12-21,24.427427291870117,25.075000762939453,25.135000228881836,24.469999313354492,24.94499969482422,149089400
2023-12-22,24.524845123291016,25.174999237060547,25.469999313354492,24.81999969482422,25.299999237060547,132420000
2023-12-26,24.972965240478516,25.635000228881836,25.7549991607666,25.309999465942383,25.31999969482422,87371200
2023-12-27,25.10447883605957,25.770000457763672,25.829999923706055,25.510000228881836,25.674999237060547,111495600
2023-12-28,25.041156768798828,25.704999923706055,26.0049991607666,25.635000228881836,25.959999084472656,85768200
2023-12-29,24.69532585144043,25.350000381469727,25.760000228881836,25.0,25.690000534057617,134245400
2024-01-02,23.443511962890625,24.065000534057617,24.71500015258789,23.635000228881836,24.674999237060547,176270600
2024-01-03,22.69339370727539,23.295000076293945,23.770000457763672,23.21500015258789,23.584999084472656,167812200
2024-01-04,22.313465118408203,22.905000686645508,23.485000610351562,22.864999771118164,22.934999465942383,143735400
2024-01-05,22.39627456665039,22.989999771118164,23.459999084472656,22.735000610351562,22.93000030517578,170481600
2024-01-08,23.745506286621094,24.375,24.450000762939453,23.165000915527344,23.19499969482422,135374200
2024-01-09,23.90137481689453,24.53499984741211,24.704999923706055,23.80500030517578,23.829999923706055,148431600
2024-01-10,24.37384796142578,25.020000457763672,25.204999923706055,24.420000076293945,24.584999084472656,147621000
2024-01-11,24.490745544433594,25.139999389648438,25.485000610351562,24.200000762939453,25.225000381469727,190228400
2024-01-12,24.519973754882812,25.170000076293945,25.489999771118164,24.920000076293945,25.334999084472656,128214000
2024-01-16,24.505359649658203,25.155000686645508,25.454999923706055,24.665000915527344,24.940000534057617,145874000
2024-01-17,24.081592559814453,24.719999313354492,24.795000076293945,23.934999465942383,24.53499984741211,166554600
2024-01-18,25.114221572875977,25.780000686645508,25.860000610351562,25.05500030517578,25.295000076293945,182140800
2024-01-19,26.56574058532715,27.270000457763672,27.309999465942383,26.049999237060547,26.15999984741211,186359400
2024-01-22,26.672897338867188,27.3799991607666,27.959999084472656,27.2549991607666,27.704999923706055,149656600
2024-01-23,26.989505767822266,27.704999923706055,27.739999771118164,27.139999389648438,27.5049991607666,112172000
2024-01-24,27.432754516601562,28.15999984741211,28.950000762939453,28.059999465942383,28.475000381469727,179718600
2024-01-25,27.510683059692383,28.239999771118164,28.764999389648438,27.760000228881836,28.6299991607666,151395200
2024-01-26,27.004119873046875,27.719999313354492,28.19499969482422,27.59000015258789,27.84000015258789,128382600
2024-01-29,27.798070907592773,28.53499984741211,28.600000381469727,27.670000076293945,27.80500030517578,115977200
2024-01-30,27.2427921295166,27.96500015258789,28.459999084472656,27.799999237060547,28.344999313354492,119554400
2024-01-31,25.640275955200195,26.31999969482422,27.489999771118164,26.290000915527344,27.094999313354492,203451600
2024-02-01,26.54625701904297,27.25,27.31999969482422,26.454999923706055,26.645000457763672,162261400
2024-02-02,27.880874633789062,28.6200008392334,28.84000015258789,27.395000457763672,27.59000015258789,198505000
2024-02-05,27.7396183013916,28.475000381469727,28.709999084472656,27.78499984741211,28.594999313354492,139947800
2024-02-06,27.578880310058594,28.309999465942383,28.81999969482422,27.81999969482422,28.690000534057617,140124200
2024-02-07,28.402057647705078,29.155000686645508,29.329999923706055,28.584999084472656,28.844999313354492,131823400
2024-02-08,28.518959045410156,29.274999618530273,29.44499969482422,29.010000228881836,29.155000686645508,98922200
2024-02-09,29.356748580932617,30.135000228881836,30.30500030517578,29.354999542236328,29.514999389648438,110222000
2024-02-12,29.01091766357422,29.780000686645508,30.56999969482422,29.639999389648438,30.104999542236328,116255000
2024-02-13,27.637332916259766,28.3700008392334,28.934999465942383,27.719999313354492,28.1200008392334,188933000
2024-02-14,28.514089584350586,29.270000457763672,29.375,28.43000030517578,28.899999618530273,156151400
2024-02-15,28.75275993347168,29.514999389648438,29.604999542236328,28.864999771118164,29.405000686645508,130057200
2024-02-16,27.963680267333984,28.704999923706055,29.604999542236328,28.55500030517578,29.579999923706055,151933000
2024-02-20,27.315853118896484,28.040000915527344,28.59000015258789,27.274999618530273,28.290000915527344,163321000
2024-02-21,26.97489356994629,27.690000534057617,27.709999084472656,26.90999984741211,27.485000610351562,152898600
2024-02-22,29.308040618896484,30.084999084472656,30.299999237060547,29.2450008392334,29.389999389648438,179279200
2024-02-23,29.040143966674805,29.809999465942383,30.610000610351562,29.610000610351562,30.415000915527344,140390800
2024-02-26,29.001178741455078,29.770000457763672,30.184999465942383,29.71500015258789,29.969999313354492,109875400
2024-02-27,29.181398391723633,29.954999923706055,30.045000076293945,29.434999465942383,29.979999542236328,109399800
2024-02-28,28.70892333984375,29.469999313354492,29.764999389648438,29.274999618530273,29.514999389648438,123503400
2024-02-29,29.40058708190918,30.18000030517578,30.424999237060547,29.389999389648438,30.040000915527344,136959800
2024-03-01,30.749818801879883,31.565000534057617,31.7549991607666,30.364999771118164,30.375,140959600
2024-03-04,30.384504318237305,31.190000534057617,31.639999389648438,31.155000686645508,31.545000076293945,120418600
2024-03-05,28.757631301879883,29.520000457763672,30.549999237060547,29.010000228881836,30.549999237060547,193207000
2024-03-06,29.288558959960938,30.065000534057617,30.71500015258789,29.674999237060547,30.3700008392334,181677400
2024-03-07,30.593952178955078,31.405000686645508,31.65999984741211,30.454999923706055,30.774999618530273,142370800
2024-03-08,29.25446319580078,30.030000686645508,32.064998626708984,29.885000228881836,31.459999084472656,296451200
2024-03-11,28.913501739501953,29.68000030517578,29.940000534057617,29.280000686645508,29.704999923706055,146770000
2024-03-12,30.140962600708008,30.940000534057617,31.020000457763672,29.479999542236328,30.145000457763672,170560000
2024-03-13,29.43955421447754,30.219999313354492,30.729999542236328,29.985000610351562,30.719999313354492,143779800
2024-03-14,29.200881958007812,29.975000381469727,30.549999237060547,29.395000457763672,30.434999465942383,162480400
2024-03-15,28.1341609954834,28.8799991607666,29.459999084472656,28.645000457763672,29.344999313354492,140883800
2024-03-18,28.928112030029297,29.69499969482422,30.399999618530273,29.645000457763672,29.940000534057617,129193800
2024-03-19,29.127817153930664,29.899999618530273,29.989999771118164,28.84000015258789,29.270000457763672,118810000
2024-03-20,30.161725997924805,30.850000381469727,30.915000915527344,29.68000030517578,30.03499984741211,156556000
2024-03-21,30.55280303955078,31.25,31.975000381469727,31.209999084472656,31.875,126541800
2024-03-22,30.616350173950195,31.315000534057617,31.584999084472656,30.950000762939453,31.135000228881836,91574800
2024-03-25,30.303489685058594,30.9950008392334,31.315000534057617,30.530000686645508,30.739999771118164,86669400
2024-03-26,30.01996421813965,30.704999923706055,31.5049991607666,30.639999389648438,31.30500030517578,93986000
2024-03-27,30.283935546875,30.975000381469727,31.315000534057617,30.354999542236328,31.28499984741211,111388600
2024-03-28,30.093286514282227,30.780000686645508,31.114999771118164,30.700000762939453,30.94499969482422,87023400
2024-04-01,30.279048919677734,30.969999313354492,31.4950008392334,30.559999465942383,30.959999084472656,112290600
2024-04-02,29.46756362915039,30.139999389648438,30.209999084472656,29.5,29.934999465942383,109672800
2024-04-03,29.663101196289062,30.34000015258789,30.729999542236328,29.690000534057617,29.700000762939453,111683800
2024-04-04,28.26500701904297,28.90999984741211,31.30500030517578,28.8700008392334,31.174999237060547,167520400
2024-04-05,29.262250900268555,29.93000030517578,30.46500015258789,29.030000686645508,29.200000762939453,154897200
2024-04-08,29.28180503845215,29.950000762939453,30.329999923706055,29.655000686645508,30.104999542236328,89725400
2024-04-09,29.584888458251953,30.260000228881836,30.469999313354492,29.290000915527344,30.405000686645508,119965000
2024-04-10,28.807626724243164,29.46500015258789,29.639999389648438,29.030000686645508,29.18000030517578,202080600
2024-04-11,30.161725997924805,30.850000381469727,31.030000686645508,29.34000015258789,29.80500030517578,146931200
2024-04-12,28.70496940612793,29.360000610351562,30.174999237060547,29.059999465942383,29.940000534057617,172589800
2024-04-15,27.26287841796875,27.885000228881836,30.114999771118164,27.719999313354492,30.100000381469727,203656200
2024-04-16,27.267763137817383,27.889999389648438,28.405000686645508,27.6200008392334,27.844999313354492,163766200
2024-04-17,26.2558536529541,26.854999542236328,28.274999618530273,26.674999237060547,28.270000457763672,171026400
2024-04-18,25.786563873291016,26.375,27.280000686645508,26.2549991607666,26.94499969482422,172781600
2024-04-19,24.188037872314453,24.739999771118164,26.235000610351562,24.424999237060547,26.139999389648438,250807600
2024-04-22,24.891977310180664,25.459999084472656,25.885000228881836,24.584999084472656,25.190000534057617,142604800
2024-04-23,26.00165557861328,26.594999313354492,26.809999465942383,25.7450008392334,25.809999465942383,151835000
2024-04-24,26.2558536529541,26.854999542236328,27.454999923706055,26.415000915527344,27.15999984741211,144316800
2024-04-25,25.83544921875,26.424999237060547,26.594999313354492,25.239999771118164,25.450000762939453,172827200
2024-04-26,27.023340225219727,27.639999389648438,27.934999465942383,26.885000228881836,27.014999389648438,135994600
2024-04-29,27.345977783203125,27.969999313354492,28.165000915527344,27.440000534057617,28.040000915527344,102355000
2024-04-30,25.78167724609375,26.3700008392334,27.924999237060547,26.364999771118164,27.649999618530273,125248600
2024-05-01,25.224395751953125,25.799999237060547,27.399999618530273,25.635000228881836,26.075000762939453,208076800
2024-05-02,26.1580867767334,26.7549991607666,26.924999237060547,25.600000381469727,26.459999084472656,124829800
2024-05-03,27.717500686645508,28.350000381469727,28.55500030517578,27.864999771118164,28.165000915527344,150878000
2024-05-06,28.626754760742188,29.280000686645508,29.299999237060547,28.559999465942383,28.709999084472656,82530800
2024-05-07,28.626754760742188,29.280000686645508,29.614999771118164,29.139999389648438,29.360000610351562,93320400
2024-05-08,28.572982788085938,29.225000381469727,29.510000228881836,28.725000381469727,28.75,78027200
2024-05-09,28.729408264160156,29.385000228881836,29.5,28.875,29.25,81439200
2024-05-10,28.924951553344727,29.584999084472656,30.03499984741211,29.270000457763672,29.68000030517578,92669600
2024-05-13,29.115598678588867,29.780000686645508,29.985000610351562,29.489999771118164,29.959999084472656,67722000
2024-05-14,29.658212661743164,30.334999084472656,30.450000762939453,29.639999389648438,29.68000030517578,92952800
2024-05-15,31.026979446411133,31.735000610351562,31.809999465942383,30.530000686645508,30.844999313354492,130481400
2024-05-16,30.836332321166992,31.540000915527344,32.099998474121094,31.4950008392334,31.68000030517578,87715200
2024-05-17,30.76789093017578,31.469999313354492,31.68000030517578,31.010000228881836,31.545000076293945,70099600
2024-05-20,31.403392791748047,32.119998931884766,32.26499938964844,31.475000381469727,31.510000228881836,74539000
2024-05-21,31.564706802368164,32.28499984741211,32.334999084472656,31.674999237060547,31.719999313354492,62314000
2024-05-22,31.545154571533203,32.26499938964844,32.5,31.709999084472656,32.345001220703125,80039400
2024-05-23,31.075862884521484,31.78499984741211,33.255001068115234,31.399999618530273,33.25,130877800
2024-05-24,31.94601058959961,32.67499923706055,32.94499969482422,31.969999313354492,32.125,82558000
2024-05-28,32.293087005615234,33.029998779296875,33.04999923706055,32.400001525878906,32.93000030517578,83186400
2024-05-29,31.618484497070312,32.34000015258789,32.720001220703125,32.099998474121094,32.119998931884766,79282200
2024-05-30,30.601686477661133,31.299999237060547,32.150001525878906,30.9950008392334,32.125,84703600
2024-05-31,30.56746482849121,31.264999389648438,31.44499969482422,29.479999542236328,31.299999237060547,143746400
2024-06-03,30.865659713745117,31.56999969482422,32.07500076293945,30.479999542236328,31.864999771118164,111435000
2024-06-04,31.095417022705078,31.80500030517578,32.064998626708984,31.135000228881836,31.5,88491800
2024-06-05,32.97257614135742,33.724998474121094,33.7400016784668,32.32500076293945,32.560001373291016,104871400
2024-06-06,32.9334716796875,33.685001373291016,33.939998626708984,33.42499923706055,33.869998931884766,73031200
2024-06-07,32.8112678527832,33.560001373291016,34.165000915527344,33.310001373291016,33.560001373291016,89943400
2024-06-10,33.15834426879883,33.915000915527344,34.029998779296875,33.2400016784668,33.29499816894531,72041800
2024-06-11,33.84273147583008,34.6150016784668,34.65999984741211,33.33000183105469,33.65999984741211,71386800
2024-06-12,35.17727279663086,35.97999954223633,36.5099983215332,35.36000061035156,35.505001068115234,124402600
2024-06-13,35.73944091796875,36.55500030517578,36.94499969482422,36.03499984741211,36.78499984741211,87285000
2024-06-14,36.25761795043945,37.084999084472656,37.10499954223633,36.3650016784668,36.474998474121094,71555000
2024-06-17,37.572608947753906,38.43000030517578,38.86000061035156,36.834999084472656,37.13999938964844,93354600
2024-06-18,37.5921630859375,38.45000076293945,38.6150016784668,38.029998779296875,38.415000915527344,66433200
2024-06-20,36.70735549926758,37.54499816894531,38.83000183105469,37.11000061035156,38.72999954223633,105455000
2024-06-21,36.37005615234375,37.20000076293945,37.76499938964844,36.86000061035156,37.45000076293945,77341800
2024-06-24,35.138160705566406,35.939998626708984,37.314998626708984,35.900001525878906,36.90999984741211,93754600
2024-06-25,36.311397552490234,37.13999938964844,37.21500015258789,36.185001373291016,36.39500045776367,77675000
2024-06-26,36.538597106933594,37.22999954223633,37.349998474121094,36.70500183105469,36.79999923706055,72549600
2024-06-27,36.8035774230957,37.5,37.849998474121094,36.959999084472656,37.15999984741211,74115400
2024-06-28,36.22453308105469,36.90999984741211,38.76499938964844,36.724998474121094,37.64500045776367,107803000
2024-07-01,36.818302154541016,37.51499938964844,37.64500045776367,36.209999084472656,37.08000183105469,86557400
2024-07-02,37.94694519042969,38.665000915527344,38.689998626708984,37.119998931884766,37.14500045776367,74950200
2024-07-03,38.87930679321289,39.6150016784668,39.654998779296875,38.474998474121094,38.474998474121094,56150400
2024-07-05,40.05701446533203,40.814998626708984,40.92499923706055,39.71500015258789,39.78499984741211,79624600
2024-07-08,40.32200622558594,41.084999084472656,41.23500061035156,40.63999938964844,40.904998779296875,73365600
2024-07-09,40.41032791137695,41.17499923706055,41.744998931884766,40.810001373291016,41.459999084472656,72033600
2024-07-10,41.676368713378906,42.46500015258789,42.599998474121094,41.334999084472656,41.65999984741211,77554800
2024-07-11,38.93818664550781,39.67499923706055,42.529998779296875,39.349998474121094,42.48500061035156,149329000
2024-07-12,39.57121276855469,40.31999969482422,41.470001220703125,39.650001525878906,39.755001068115234,101019800
2024-07-15,39.865631103515625,40.619998931884766,41.810001373291016,40.1150016784668,40.73500061035156,109900400
2024-07-16,39.89508056640625,40.650001525878906,41.17499923706055,39.869998931884766,40.970001220703125,83637600
2024-07-17,36.386470794677734,37.07500076293945,38.78499984741211,37.04499816894531,38.665000915527344,142840000
2024-07-18,35.84177780151367,36.52000045776367,37.959999084472656,35.775001525878906,37.904998779296875,131678400
2024-07-19,34.87016296386719,35.529998779296875,36.98500061035156,35.220001220703125,36.400001525878906,118249600
2024-07-22,36.39138412475586,37.08000183105469,37.314998626708984,36.060001373291016,36.82500076293945,112808600
2024-07-23,35.998809814453125,36.68000030517578,37.564998626708984,36.56999969482422,36.8650016784668,87127000
2024-07-24,32.117252349853516,32.724998474121094,35.189998626708984,32.525001525878906,35.1150016784668,159575200
2024-07-25,31.047502517700195,31.635000228881836,33.66999816894531,31.065000534057617,32.779998779296875,188128000
2024-07-26,31.935693740844727,32.540000915527344,33.16999816894531,31.889999389648438,32.5,137407000
2024-07-29,32.122161865234375,32.72999954223633,33.595001220703125,32.2599983215332,33.1349983215332,115640800
2024-07-30,30.81195640563965,31.395000457763672,33.29499816894531,30.670000076293945,33.13999938964844,143063600
2024-07-31,33.505977630615234,34.13999938964844,34.5,33.189998626708984,33.4900016784668,173408400
2024-08-01,31.09166145324707,31.68000030517578,35.11000061035156,30.850000381469727,34.290000915527344,210693200
2024-08-02,28.824567794799805,29.3700008392334,30.360000610351562,28.5,29.825000762939453,209844000
2024-08-05,26.312105178833008,26.809999465942383,28.094999313354492,24.399999618530273,24.665000915527344,287924400
2024-08-06,26.969661712646484,27.479999542236328,28.875,26.56999969482422,27.065000534057617,192909400
2024-08-07,26.101099014282227,26.594999313354492,29.2549991607666,26.5,28.78499984741211,182751600
2024-08-08,28.490875244140625,29.030000686645508,29.174999237060547,27.0049991607666,27.725000381469727,152879200
2024-08-09,28.878541946411133,29.424999237060547,29.764999389648438,28.5,28.719999313354492,125592400
2024-08-12,29.074827194213867,29.625,30.200000762939453,29.05500030517578,29.614999771118164,108972600
2024-08-13,31.189809799194336,31.780000686645508,31.854999542236328,30.450000762939453,30.479999542236328,108962800
2024-08-14,31.243783950805664,31.834999084472656,32.31999969482422,30.934999465942383,31.9950008392334,124710600
2024-08-15,33.594303131103516,34.22999954223633,34.314998626708984,32.994998931884766,33.064998626708984,106424800
2024-08-16,33.68264389038086,34.31999969482422,34.630001068115234,33.595001220703125,33.810001373291016,89675200
2024-08-19,34.98794174194336,35.650001525878906,35.67499923706055,33.94499969482422,34.34000015258789,91599800
2024-08-20,34.77202224731445,35.43000030517578,36.029998779296875,35.04499816894531,35.45000076293945,97859000
2024-08-21,35.248016357421875,35.915000915527344,36.33000183105469,35.209999084472656,35.59000015258789,103000800
2024-08-22,33.5550422668457,34.189998626708984,36.58000183105469,33.959999084472656,36.43000030517578,127496400
2024-08-23,34.610084533691406,35.26499938964844,35.86000061035156,34.25,35.099998474121094,128753200
2024-08-26,33.594303131103516,34.22999954223633,35.334999084472656,33.76499938964844,35.1349983215332,84981400
2024-08-27,33.87892150878906,34.52000045776367,34.75,33.42499923706055,33.8650016784668,71532600
2024-08-28,32.730648040771484,33.349998474121094,34.560001373291016,32.58000183105469,34.400001525878906,118625800
2024-08-29,32.558895111083984,33.17499923706055,34.71500015258789,32.89500045776367,33.724998474121094,120033600
2024-08-30,33.66791534423828,34.30500030517578,34.435001373291016,33.09000015258789,34.060001373291016,92946800
2024-09-03,30.596044540405273,31.174999237060547,33.65999984741211,30.645000457763672,33.630001068115234,147572600
2024-09-04,30.335966110229492,30.90999984741211,31.684999465942383,30.325000762939453,30.520000457763672,96798400
2024-09-05,30.434106826782227,31.010000228881836,31.860000610351562,30.360000610351562,30.56999969482422,110171600
2024-09-06,27.965816497802734,28.4950008392334,30.985000610351562,28.360000610351562,30.80500030517578,169904600
2024-09-09,29.00613021850586,29.55500030517578,29.7450008392334,28.670000076293945,29.28499984741211,110835000
2024-09-10,29.78636360168457,30.350000381469727,30.459999084472656,29.100000381469727,29.889999389648438,91582400
2024-09-11,31.685426712036133,32.28499984741211,32.474998474121094,28.885000228881836,30.59000015258789,163475200
2024-09-12,32.62269592285156,33.2400016784668,33.44499969482422,31.94499969482422,32.314998626708984,109802600
2024-09-13,33.04960632324219,33.67499923706055,33.935001373291016,33.025001525878906,33.07500076293945,87966600
2024-09-16,32.60797119140625,33.224998474121094,33.35499954223633,32.51499938964844,33.209999084472656,82331000
2024-09-17,32.62759780883789,33.244998931884766,34.130001068115234,32.73500061035156,33.849998474121094,103114400
2024-09-18,32.20068359375,32.810001373291016,34.380001068115234,32.69499969482422,33.5099983215332,166396200
2024-09-19,34.63462448120117,35.290000915527344,35.900001525878906,34.70500183105469,35.150001525878906,114801400
2024-09-20,34.4138069152832,35.064998626708984,35.34000015258789,34.154998779296875,35.07500076293945,96759600
2024-09-23,34.66897201538086,35.32500076293945,35.57500076293945,35.02000045776367,35.310001373291016,69837000
2024-09-24,35.15968704223633,35.82500076293945,36.04499816894531,34.689998626708984,35.63999938964844,81259600
2024-09-25,35.28275680541992,35.834999084472656,36.244998931884766,35.529998779296875,35.56999969482422,64724800
2024-09-26,36.03105163574219,36.595001220703125,37.53499984741211,35.790000915527344,37.459999084472656,107003200
2024-09-27,35.4107551574707,35.96500015258789,36.83000183105469,35.69499969482422,36.810001373291016,82930600
2024-09-30,35.68644332885742,36.244998931884766,36.310001373291016,35.09000015258789,35.72999954223633,85862800
2024-10-01,34.17509841918945,34.709999084472656,36.21500015258789,33.849998474121094,36.13999938964844,134760200
2024-10-02,34.303096771240234,34.84000015258789,35.27000045776367,33.935001373291016,34.505001068115234,79119400
2024-10-03,34.224327087402344,34.7599983215332,35.404998779296875,34.19499969482422,34.3650016784668,97749400
2024-10-04,35.43045425415039,35.98500061035156,36.08000183105469,34.88999938964844,36.0,110700400
2024-10-07,34.263710021972656,34.79999923706055,35.790000915527344,34.529998779296875,35.525001525878906,82403400
2024-10-08,35.75044250488281,36.310001373291016,36.4900016784668,35.154998779296875,35.33000183105469,77914000
2024-10-09,36.611961364746094,37.185001373291016,37.314998626708984,36.029998779296875,36.2599983215332,78696200
2024-10-10,36.48396301269531,37.05500030517578,37.474998474121094,36.36000061035156,36.65999984741211,86060600
2024-10-11,36.5775032043457,37.150001525878906,37.400001525878906,36.45000076293945,36.584999084472656,70735200
2024-10-14,37.512855529785156,38.099998474121094,38.40999984741211,37.60499954223633,37.720001220703125,67691200
2024-10-15,36.01628112792969,36.58000183105469,38.32500076293945,36.06999969482422,38.17499923706055,106307600
2024-10-16,35.996585845947266,36.560001373291016,36.744998931884766,35.834999084472656,36.619998931884766,70784200
2024-10-17,36.10489273071289,36.66999816894531,37.79999923706055,36.625,37.790000915527344,97697800
2024-10-18,36.744876861572266,37.31999969482422,37.57500076293945,37.064998626708984,37.22999954223633,64151600
2024-10-21,36.946720123291016,37.525001525878906,37.709999084472656,36.59000015258789,37.029998779296875,74995800
2024-10-22,37.055023193359375,37.6349983215332,37.974998474121094,36.72999954223633,36.904998779296875,76308000
2024-10-23,35.341835021972656,35.89500045776367,37.23500061035156,35.13999938964844,37.084999084472656,118172200
2024-10-24,36.18366241455078,36.75,36.900001525878906,36.119998931884766,36.709999084472656,78612800
2024-10-25,36.79410171508789,37.369998931884766,38.5,37.19499969482422,37.349998474121094,114826000
2024-10-28,36.82856369018555,37.404998779296875,38.095001220703125,37.33000183105469,38.095001220703125,69162200
2024-10-29,37.84761428833008,38.439998626708984,38.72999954223633,37.03499984741211,37.46500015258789,78545200
2024-10-30,37.005794525146484,37.584999084472656,38.4900016784668,37.470001220703125,38.275001525878906,80473200
2024-10-31,34.18986511230469,34.724998474121094,36.665000915527344,34.71500015258789,36.654998779296875,138905200
2024-11-01,34.918460845947266,35.46500015258789,36.18000030517578,34.98500061035156,35.040000915527344,96678800
2024-11-04,34.59354782104492,35.1349983215332,35.880001068115234,34.755001068115234,35.31999969482422,82214400
2024-11-05,35.90797805786133,36.470001220703125,36.619998931884766,35.459999084472656,35.474998474121094,79352600
2024-11-06,38.82236099243164,39.43000030517578,39.61000061035156,38.095001220703125,38.33000183105469,118794200
2024-11-07,40.63893127441406,41.275001525878906,41.46500015258789,40.04999923706055,40.08000183105469,99545200
2024-11-08,40.73738479614258,41.375,41.55500030517578,40.95500183105469,41.11000061035156,70060000
2024-11-11,40.66353988647461,41.29999923706055,41.71500015258789,40.59000015258789,41.665000915527344,70806000
2024-11-12,40.442012786865234,41.07500076293945,41.48500061035156,40.32500076293945,41.27000045776367,68286000
2024-11-13,40.26478576660156,40.89500045776367,41.54499816894531,40.34000015258789,40.93000030517578,74989000
2024-11-14,39.41311264038086,40.029998779296875,41.01499938964844,39.810001373291016,40.79499816894531,77651400
2024-11-15,36.56272506713867,37.1349983215332,38.724998474121094,36.64500045776367,38.6349983215332,120601600
2024-11-18,37.30116653442383,37.8849983215332,38.369998931884766,37.154998779296875,37.46500015258789,77551200
2024-11-19,38.04945373535156,38.64500045776367,38.775001525878906,37.209999084472656,37.275001525878906,80088200
2024-11-20,38.00514602661133,38.599998474121094,38.64500045776367,37.05500030517578,38.57500076293945,101260600
2024-11-21,38.379295349121094,38.97999954223633,39.439998626708984,37.279998779296875,39.275001525878906,109865600
2024-11-22,38.522056579589844,39.125,39.30500030517578,38.439998626708984,38.81999969482422,79934800
2024-11-25,38.69928741455078,39.30500030517578,40.435001373291016,38.77000045776367,40.08000183105469,91515800
2024-11-26,39.29988479614258,39.915000915527344,40.125,39.44499969482422,39.64500045776367,69747200
2024-11-27,38.349761962890625,38.95000076293945,39.654998779296875,38.165000915527344,39.64500045776367,78463600
2024-11-29,39.32942199707031,39.94499969482422,40.084999084472656,38.92499923706055,39.064998626708984,40865800
2024-12-02,40.60447311401367,41.2400016784668,41.474998474121094,40.14500045776367,40.2400016784668,73638200
2024-12-03,40.963844299316406,41.60499954223633,41.665000915527344,40.76499938964844,40.900001525878906,84810800
2024-12-04,42.460418701171875,43.125,43.185001373291016,42.255001068115234,42.435001373291016,69992600
2024-12-05,42.11088562011719,42.77000045776367,43.31999969482422,42.66999816894531,43.125,54020400
2024-12-06,43.193931579589844,43.869998931884766,43.935001373291016,42.86000061035156,42.88999938964844,62740600
2024-12-09,42.18473434448242,42.845001220703125,43.83000183105469,42.540000915527344,43.625,69577600
2024-12-10,41.726898193359375,42.380001068115234,43.560001373291016,42.025001525878906,43.125,71541600
2024-12-11,43.956993103027344,44.64500045776367,44.810001373291016,43.34000015258789,43.439998626708984,74897800
2024-12-12,43.08563232421875,43.7599983215332,44.3849983215332,43.63999938964844,44.064998626708984,66348400
2024-12-13,44.011146545410156,44.70000076293945,45.3849983215332,43.92499923706055,44.709999084472656,79663600
2024-12-16,45.926177978515625,46.64500045776367,46.89500045776367,45.334999084472656,45.36000061035156,69967600
2024-12-17,45.31079864501953,46.02000045776367,46.45500183105469,45.584999084472656,46.165000915527344,69168200
2024-12-18,40.412471771240234,41.04499816894531,46.28499984741211,40.64500045776367,45.82500076293945,134849200
2024-12-19,39.841407775878906,40.46500015258789,42.26499938964844,40.375,42.1349983215332,113317600
2024-12-20,40.87522888183594,41.51499938964844,42.93000030517578,39.25,39.529998779296875,145241000
2024-12-23,42.01374053955078,42.529998779296875,42.619998931884766,40.915000915527344,41.724998474121094,83645800
2024-12-24,43.683223724365234,44.220001220703125,44.2400016784668,42.81999969482422,42.974998474121094,48139600
2024-12-26,43.58937454223633,44.125,44.540000915527344,43.29499816894531,43.810001373291016,59062000
2024-12-27,41.816165924072266,42.33000183105469,43.29499816894531,41.13999938964844,43.185001373291016,102139000
2024-12-30,40.136802673339844,40.630001068115234,41.529998779296875,39.70500183105469,40.599998474121094,102844000
2024-12-31,39.0847282409668,39.564998626708984,41.08000183105469,39.34000015258789,40.900001525878906,105177600
2025-01-02,38.837764739990234,39.314998626708984,40.80500030517578,38.26499938964844,40.27000045776367,141370600
2025-01-03,40.699886322021484,41.20000076293945,41.45500183105469,39.810001373291016,39.994998931884766,92431600
2025-01-06,42.087825775146484,42.60499954223633,43.42499923706055,42.01499938964844,42.48500061035156,92050000
2025-01-07,39.82068634033203,40.310001373291016,42.94499969482422,39.85499954223633,42.86000061035156,111021000
2025-01-08,39.85032653808594,40.34000015258789,40.70500183105469,39.220001220703125,40.279998779296875,96021200
2025-01-10,37.94868850708008,38.415000915527344,39.40999984741211,37.6150016784668,39.400001525878906,145651600
2025-01-13,37.55354309082031,38.01499938964844,38.099998474121094,36.66999816894531,37.025001525878906,113382000
2025-01-14,37.42018508911133,37.880001068115234,39.029998779296875,37.095001220703125,38.7400016784668,125271000
2025-01-15,39.9491081237793,40.439998626708984,40.73500061035156,39.29999923706055,39.654998779296875,106919200
2025-01-16,39.13412857055664,39.6150016784668,41.025001525878906,39.599998474121094,41.005001068115234,93055400
2025-01-17,41.06539535522461,41.56999969482422,41.970001220703125,40.91999816894531,41.845001220703125,87352200
2025-01-21,41.747013092041016,42.2599983215332,42.57500076293945,41.165000915527344,42.224998474121094,83451800
2025-01-22,43.36710739135742,43.900001525878906,44.45500183105469,43.35499954223633,43.41999816894531,86265400
2025-01-23,43.63383102416992,44.16999816894531,44.189998626708984,43.1349983215332,43.27000045776367,60481000
2025-01-24,42.848480224609375,43.375,44.415000915527344,43.005001068115234,44.21500015258789,72479200
2025-01-27,39.08966827392578,39.56999969482422,40.51499938964844,38.59000015258789,38.790000915527344,161821600
2025-01-28,40.823368072509766,41.32500076293945,41.584999084472656,39.0,39.790000915527344,101033400
2025-01-29,40.57146453857422,41.06999969482422,41.4900016784668,40.130001068115234,41.45500183105469,118481200
2025-01-30,41.08020782470703,41.584999084472656,42.29499816894531,40.43000030517578,41.73500061035156,115171000
2025-01-31,40.85794448852539,41.36000061035156,43.54499816894531,41.09000015258789,42.459999084472656,118146600
2025-02-03,39.87008285522461,40.36000061035156,40.994998931884766,38.66999816894531,39.26499938964844,153257000
2025-02-04,41.317298889160156,41.82500076293945,41.970001220703125,40.3650016784668,40.45500183105469,84634600
2025-02-05,41.85567855834961,42.369998931884766,42.40999984741211,40.880001068115234,41.17499923706055,79694800
2025-02-06,42.482975006103516,43.005001068115234,43.064998626708984,42.095001220703125,42.47999954223633,76431000
2025-02-07,40.86288833618164,41.3650016784668,43.595001220703125,41.17499923706055,43.130001068115234,110870400
2025-02-10,42.30021667480469,42.81999969482422,43.099998474121094,42.25,42.3650016784668,65594200
2025-02-11,41.998924255371094,42.51499938964844,42.994998931884766,42.005001068115234,42.03499984741211,62602800
2025-02-12,42.082889556884766,42.599998474121094,42.80500030517578,41.04999923706055,41.13999938964844,96986600
2025-02-13,43.856101989746094,44.39500045776367,44.47999954223633,42.790000915527344,42.9900016784668,92920200
2025-02-14,44.36979293823242,44.915000915527344,45.09000015258789,44.29999923706055,44.404998779296875,76057400
2025-02-18,44.64638900756836,45.19499969482422,45.375,44.375,45.314998626708984,68825200
2025-02-19,44.65132522583008,45.20000076293945,45.560001373291016,44.459999084472656,45.0,68515800
2025-02-20,44.10800552368164,44.650001525878906,45.1150016784668,43.44499969482422,45.025001525878906,80266000
2025-02-21,41.346927642822266,41.85499954223633,44.89500045776367,41.73500061035156,44.8849983215332,118627200
2025-02-24,39.86020278930664,40.349998474121094,42.525001525878906,40.25,42.25,106467400
2025-02-25,38.33889389038086,38.810001373291016,40.189998626708984,37.88999938964844,40.165000915527344,151194400
2025-02-26,38.58586502075195,39.060001373291016,40.224998474121094,38.345001220703125,39.290000915527344,126351400
2025-02-27,35.38519287109375,35.81999969482422,40.084999084472656,35.7400016784668,39.86000061035156,206751000
2025-02-28,37.005279541015625,37.459999084472656,37.584999084472656,35.040000915527344,35.72999954223633,186358000
2025-03-03,34.614662170410156,35.040000915527344,38.525001525878906,34.220001220703125,38.185001373291016,183891600
2025-03-04,34.23432922363281,34.654998779296875,36.3849983215332,33.005001068115234,34.380001068115234,261673800
2025-03-05,35.56793975830078,36.005001068115234,36.345001220703125,33.744998931884766,34.775001525878906,201266600
2025-03-06,32.61918258666992,33.02000045776367,35.25,32.584999084472656,34.19499969482422,245645400
2025-03-07,33.29586410522461,33.70500183105469,34.005001068115234,31.44499969482422,32.779998779296875,270354600
2025-03-10,29.541990280151367,29.905000686645508,32.095001220703125,28.940000534057617,32.0,312271600
2025-03-11,29.19624137878418,29.55500030517578,30.924999237060547,28.684999465942383,29.700000762939453,278978600
2025-03-12,30.193979263305664,30.565000534057617,31.329999923706055,29.579999923706055,30.969999313354492,283837200
2025-03-13,28.54425048828125,28.895000457763672,30.424999237060547,28.520000457763672,30.399999618530273,242454600
2025-03-14,30.569366455078125,30.94499969482422,31.114999771118164,29.75,29.854999542236328,198217000
2025-03-17,31.162080764770508,31.545000076293945,32.13999938964844,30.575000762939453,30.940000534057617,180300800
2025-03-18,29.59138298034668,29.954999923706055,30.889999389648438,29.5049991607666,30.885000228881836,175652400
2025-03-19,30.74224090576172,31.1200008392334,31.954999923706055,29.969999313354492,30.34000015258789,185186400
2025-03-20,30.42612648010254,30.799999237060547,31.815000534057617,30.184999465942383,30.329999923706055,176818200
2025-03-21,30.712608337402344,31.09000015258789,31.209999084472656,29.53499984741211,29.764999389648438,160982000
2025-03-24,32.663631439208984,33.064998626708984,33.26499938964844,32.40999984741211,32.529998779296875,126823000
2025-03-25,33.246463775634766,33.654998779296875,33.685001373291016,33.04499816894531,33.2400016784668,111139400
2025-03-26,31.397682189941406,31.690000534057617,33.494998931884766,31.3799991607666,33.31999969482422,157006400
2025-03-27,30.8626651763916,31.149999618530273,32.1150016784668,30.875,31.299999237060547,144736000
2025-03-28,28.405542373657227,28.670000076293945,30.905000686645508,28.485000610351562,30.770000457763672,207264200
2025-03-31,28.385725021362305,28.649999618530273,28.815000534057617,26.520000457763672,27.360000610351562,213709000
2025-04-01,29.039636611938477,29.309999465942383,29.4950008392334,27.809999465942383,28.34000015258789,194196400
2025-04-02,29.688594818115234,29.96500015258789,30.600000381469727,28.045000076293945,28.094999313354492,246174800
2025-04-03,24.918010711669922,25.149999618530273,26.915000915527344,25.05500030517578,26.21500015258789,280231400
2025-04-04,20.355487823486328,20.545000076293945,23.389999389648438,20.514999389648438,22.9950008392334,516053400
2025-04-07,20.434749603271484,20.625,23.415000915527344,17.5,18.375,791455200
2025-04-08,19.27058982849121,19.450000762939453,23.405000686645508,18.549999237060547,22.69499969482422,502295400
2025-04-09,26.062355041503906,26.30500030517578,26.704999923706055,19.364999771118164,19.3799991607666,713864000
2025-04-10,22.857196807861328,23.06999969482422,24.670000076293945,20.78499984741211,24.34000015258789,563385400
2025-04-11,24.065942764282227,24.290000915527344,24.53499984741211,22.309999465942383,22.834999084472656,358585800
2025-04-14,24.571237564086914,24.799999237060547,26.024999618530273,24.03499984741211,25.950000762939453,294861400
2025-04-15,24.665359497070312,24.895000457763672,25.604999542236328,24.594999313354492,24.979999542236328,209340200
2025-04-16,22.436115264892578,22.645000457763672,24.0049991607666,21.579999923706055,23.415000915527344,269148800
2025-04-17,22.371713638305664,22.579999923706055,23.145000457763672,22.174999237060547,23.045000076293945,202191600
2025-04-21,20.736934661865234,20.93000030517578,21.81999969482422,20.1200008392334,21.684999465942383,229539400
2025-04-22,22.322175979614258,22.530000686645508,22.989999771118164,21.549999237060547,21.729999542236328,260222800
2025-04-23,23.803386688232422,24.024999618530273,25.415000915527344,23.815000534057617,24.6200008392334,303995400
2025-04-24,25.829524993896484,26.06999969482422,26.139999389648438,24.270000457763672,24.3700008392334,240615400
2025-04-25,26.681589126586914,26.93000030517578,27.03499984741211,25.739999771118164,26.020000457763672,226103200
2025-04-28,26.661771774291992,26.90999984741211,27.31999969482422,25.81999969482422,27.010000228881836,191356800
2025-04-29,27.181930541992188,27.434999465942383,27.584999084472656,26.415000915527344,26.520000457763672,169808000
2025-04-30,27.186887741088867,27.440000534057617,27.709999084472656,25.15999984741211,25.979999542236328,268446600
2025-05-01,28.123170852661133,28.385000228881836,29.44499969482422,28.315000534057617,28.780000686645508,205481600
2025-05-02,29.440900802612305,29.71500015258789,30.094999313354492,29.014999389648438,29.31999969482422,195097800
2025-05-05,28.930652618408203,29.200000762939453,29.75,28.850000381469727,28.950000762939453,138579000
2025-05-06,28.108308792114258,28.3700008392334,29.020000457763672,27.78499984741211,28.030000686645508,165885800
2025-05-07,28.43526268005371,28.700000762939453,29.1299991607666,27.545000076293945,28.479999542236328,207867200
2025-05-08,29.282377243041992,29.55500030517578,30.354999542236328,28.829999923706055,29.600000381469727,197621600
2025-05-09,29.213024139404297,29.485000610351562,30.135000228881836,29.165000915527344,29.899999618530273,146818800
2025-05-12,32.75009536743164,33.05500030517578,33.08000183105469,31.924999237060547,32.92499923706055,202490000
2025-05-13,34.25111389160156,34.56999969482422,34.93000030517578,33.18000030517578,33.334999084472656,170595400
2025-05-14,34.855491638183594,35.18000030517578,35.30500030517578,34.60499954223633,34.80500030517578,161184800
2025-05-15,34.9644775390625,35.290000915527344,35.845001220703125,34.46500015258789,34.7400016784668,161694800
2025-05-16,35.39545822143555,35.724998474121094,35.7599983215332,34.82500076293945,35.55500030517578,127627200
2025-05-19,35.489585876464844,35.81999969482422,35.93000030517578,34.21500015258789,34.23500061035156,143794200
2025-05-20,35.118045806884766,35.44499969482422,35.584999084472656,34.70000076293945,35.290000915527344,134069400
2025-05-21,33.656654357910156,33.970001220703125,35.994998931884766,33.59000015258789,34.619998931884766,219255200
2025-05-22,33.83003616333008,34.14500045776367,34.875,33.810001373291016,34.08000183105469,173542000
2025-05-23,32.85411834716797,33.15999984741211,33.66999816894531,32.43000030517578,32.54499816894531,214220800
2025-05-27,35.14281463623047,35.470001220703125,35.57500076293945,34.19499969482422,34.494998931884766,130539600
2025-05-28,34.692012786865234,35.01499938964844,35.970001220703125,34.88999938964844,35.66999816894531,132542600
2025-05-29,34.86044692993164,35.185001373291016,36.529998779296875,34.665000915527344,36.5,193248800
2025-05-30,34.677146911621094,35.0,35.29999923706055,33.52000045776367,35.064998626708984,187118200
2025-06-02,35.474727630615234,35.80500030517578,35.86000061035156,34.345001220703125,34.599998474121094,137925400
2025-06-03,36.30202102661133,36.63999938964844,36.939998626708984,35.70000076293945,35.880001068115234,128728400
2025-06-04,36.59429931640625,36.935001373291016,37.15999984741211,36.35499954223633,36.790000915527344,128889000
2025-06-05,35.74223709106445,36.07500076293945,37.82500076293945,35.650001525878906,37.224998474121094,198008800
2025-06-06,36.762733459472656,37.10499954223633,37.505001068115234,36.77000045776367,37.1349983215332,131215400
2025-06-09,36.92620849609375,37.27000045776367,37.619998931884766,36.91999816894531,37.154998779296875,100363800
2025-06-10,37.63957214355469,37.9900016784668,38.14500045776367,36.880001068115234,37.35499954223633,122693000
2025-06-11,37.253170013427734,37.599998474121094,38.540000915527344,37.11000061035156,38.29499816894531,181652000
2025-06-12,37.49591064453125,37.845001220703125,38.064998626708984,37.2599983215332,37.29999923706055,126110000
2025-06-13,36.079097747802734,36.415000915527344,37.44499969482422,36.1349983215332,36.54999923706055,210666200
2025-06-16,37.5504035949707,37.900001525878906,38.125,37.11000061035156,37.11000061035156,116668600
2025-06-17,36.440731048583984,36.779998779296875,37.689998626708984,36.540000915527344,37.34000015258789,135418200
2025-06-18,36.391197204589844,36.72999954223633,37.47999954223633,36.41999816894531,36.959999084472656,142661400
2025-06-20,35.89085006713867,36.224998474121094,37.665000915527344,35.86000061035156,37.380001068115234,163355000
2025-06-23,37.005470275878906,37.349998474121094,37.46500015258789,35.709999084472656,36.3650016784668,167572800
2025-06-24,38.68979263305664,39.04999923706055,39.255001068115234,38.33000183105469,38.45500183105469,113191600
2025-06-25,38.98686599731445,39.2400016784668,39.709999084472656,38.86000061035156,39.439998626708984,101438200
2025-06-26,40.054931640625,40.314998626708984,40.42499923706055,39.310001373291016,39.709999084472656,100144200
2025-06-27,40.44738006591797,40.709999084472656,41.125,39.92499923706055,40.51499938964844,146023600
2025-06-30,41.23228073120117,41.5,41.744998931884766,40.915000915527344,41.400001525878906,113721400
2025-07-01,40.1840934753418,40.44499969482422,41.27000045776367,39.904998779296875,41.060001373291016,140390000
2025-07-02,40.98389434814453,41.25,41.29499816894531,40.21500015258789,40.22999954223633,100285000
2025-07-03,42.131439208984375,42.404998779296875,42.64500045776367,41.744998931884766,41.744998931884766,83484600
2025-07-07,41.19253921508789,41.459999084472656,41.98500061035156,40.900001525878906,41.79999923706055,139674800
2025-07-08,41.24718475341797,41.51499938964844,41.88999938964844,41.23500061035156,41.7400016784668,115515400
2025-07-09,42.10163879394531,42.375,42.69499969482422,41.67499923706055,41.98500061035156,117976200
2025-07-10,41.90789794921875,42.18000030517578,42.61000061035156,41.56999969482422,42.51499938964844,110317800
2025-07-11,41.589962005615234,41.86000061035156,42.224998474121094,41.375,41.65999984741211,106937600
2025-07-14,42.03208923339844,42.30500030517578,42.470001220703125,41.275001525878906,41.814998626708984,97311400
2025-07-15,42.141380310058594,42.415000915527344,43.334999084472656,42.400001525878906,43.21500015258789,123257600
2025-07-16,42.26060485839844,42.53499984741211,42.67499923706055,41.220001220703125,42.529998779296875,166357600
2025-07-17,43.244224548339844,43.525001525878906,43.65999984741211,42.5,42.685001373291016,97330800
2025-07-18,43.09518814086914,43.375,43.869998931884766,43.095001220703125,43.81999969482422,98496200
2025-07-21,43.75093460083008,44.03499984741211,44.4900016784668,43.560001373291016,43.57500076293945,87720400
2025-07-22,43.07034683227539,43.349998474121094,44.08000183105469,42.73500061035156,44.064998626708984,108345200
2025-07-23,43.63666915893555,43.91999816894531,43.939998626708984,42.95000076293945,43.59000015258789,118025200
2025-07-24,43.92479705810547,44.209999084472656,44.47999954223633,43.79999923706055,44.224998474121094,90378200
2025-07-25,44.173187255859375,44.459999084472656,44.790000915527344,43.9900016784668,44.154998779296875,79003200
2025-07-28,44.60538101196289,44.89500045776367,45.095001220703125,44.59000015258789,44.79499816894531,95592000
2025-07-29,44.401702880859375,44.689998626708984,45.814998626708984,44.4900016784668,45.494998931884766,116251200
2025-07-30,44.55570602416992,44.845001220703125,45.439998626708984,44.130001068115234,44.869998931884766,145527600
2025-07-31,43.82047653198242,44.10499954223633,46.375,43.83000183105469,46.35499954223633,178874600
2025-08-01,41.19253921508789,41.459999084472656,42.65999984741211,40.93000030517578,42.625,219781200
2025-08-04,43.44789505004883,43.72999954223633,43.78499984741211,42.58000183105469,42.61000061035156,108586000
2025-08-05,42.543766021728516,42.81999969482422,44.30500030517578,42.709999084472656,44.025001525878906,152088400
2025-08-06,44.133445739746094,44.41999816894531,44.53499984741211,42.904998779296875,43.01499938964844,128995200
2025-08-07,44.580543518066406,44.869998931884766,45.834999084472656,43.90999984741211,45.44499969482422,169239200
2025-08-08,45.78274154663086,46.08000183105469,46.13999938964844,45.04999923706055,45.119998931884766,104522600
2025-08-11,45.38035202026367,45.67499923706055,46.619998931884766,45.36000061035156,46.1150016784668,94617000
2025-08-12,47.054481506347656,47.36000061035156,47.44499969482422,45.564998626708984,46.209999084472656,119469600
2025-08-13,47.124027252197266,47.43000030517578,48.15999984741211,47.09000015258789,48.025001525878906,96058600
2025-08-14,46.994869232177734,47.29999923706055,47.79499816894531,46.81999969482422,46.91999816894531,106385800
2025-08-15,46.32918930053711,46.630001068115234,47.255001068115234,46.209999084472656,47.23500061035156,96167400
2025-08-18,46.26957702636719,46.56999969482422,46.72999954223633,46.1150016784668,46.400001525878906,73371400
2025-08-19,44.3818359375,44.66999816894531,46.43000030517578,44.40999984741211,46.3849983215332,111118600
2025-08-20,43.57209014892578,43.85499954223633,44.44499969482422,42.189998626708984,44.415000915527344,164404200
2025-08-21,42.966026306152344,43.244998931884766,43.974998474121094,42.69499969482422,43.474998474121094,119920000
2025-08-22,44.89847946166992,45.189998626708984,45.65999984741211,43.185001373291016,43.5099983215332,132726400
2025-08-25,44.50602722167969,44.79499816894531,45.4900016784668,44.51499938964844,44.810001373291016,80452600
2025-08-26,45.022674560546875,45.314998626708984,45.3849983215332,44.41999816894531,44.654998779296875,84374600
2025-08-27,45.22635269165039,45.52000045776367,45.720001220703125,44.77000045776367,45.06999969482422,90055200
2025-08-28,46.050994873046875,46.349998474121094,46.55500030517578,45.255001068115234,45.63999938964844,90658000
2025-08-29,44.39176940917969,44.68000030517578,45.79499816894531,44.244998931884766,45.709999084472656,121887000
2025-09-02,43.25912094116211,43.540000915527344,43.619998931884766,42.125,42.55500030517578,166668000
2025-09-03,44.267574310302734,44.55500030517578,44.939998626708984,43.79499816894531,44.3650016784668,119929800
2025-09-04,45.46480178833008,45.7599983215332,45.83000183105469,44.310001373291016,44.70000076293945,101759600
2025-09-05,45.613834381103516,45.90999984741211,47.119998931884766,44.845001220703125,46.970001220703125,172625800
2025-09-08,46.26460647583008,46.564998626708984,47.04999923706055,46.31999969482422,46.45500183105469,101696800
2025-09-09,46.642154693603516,46.94499969482422,47.05500030517578,46.119998931884766,46.75,94620800
2025-09-10,46.69183349609375,46.994998931884766,47.72999954223633,46.470001220703125,47.724998474121094,120818800
2025-09-11,47.47673797607422,47.78499984741211,47.9900016784668,47.20500183105469,47.595001220703125,91247200
2025-09-12,48.067901611328125,48.380001068115234,48.685001373291016,47.76499938964844,47.97999954223633,92235200
2025-09-15,49.2949333190918,49.6150016784668,49.6349983215332,48.78499984741211,48.81999969482422,78114400
2025-09-16,49.160804748535156,49.47999954223633,49.904998779296875,49.30500030517578,49.834999084472656,77137200
2025-09-17,48.847835540771484,49.165000915527344,49.599998474121094,47.755001068115234,49.44499969482422,147697200
2025-09-18,50.16429138183594,50.4900016784668,51.185001373291016,49.89500045776367,50.380001068115234,123401600
2025-09-19,51.1578369140625,51.4900016784668,51.64500045776367,50.57500076293945,50.939998626708984,84365400
2025-09-22,52.02222442626953,52.36000061035156,52.540000915527344,51.209999084472656,51.209999084472656,81054600
2025-09-23,50.97403335571289,51.30500030517578,52.45000076293945,50.9900016784668,52.39500045776367,99930600
2025-09-24,50.426063537597656,50.70500183105469,51.68000030517578,49.994998931884766,51.60499954223633,101055600
2025-09-25,49.74980545043945,50.025001525878906,50.435001373291016,48.75,49.70000076293945,122820600
2025-09-26,50.346500396728516,50.625,50.689998626708984,49.369998931884766,50.20000076293945,124097400
2025-09-29,51.01778793334961,51.29999923706055,52.13999938964844,50.970001220703125,51.39500045776367,92393200
2025-09-30,51.41558837890625,51.70000076293945,51.78499984741211,50.61000061035156,51.20500183105469,92323800
2025-10-01,52.14156723022461,52.43000030517578,52.56999969482422,50.650001525878906,50.8650016784668,93996400
2025-10-02,52.77804946899414,53.06999969482422,53.41999816894531,52.33000183105469,53.404998779296875,89158600
2025-10-03,52.062007904052734,52.349998474121094,53.435001373291016,51.880001068115234,53.220001220703125,103096400
2025-10-06,53.22557830810547,53.52000045776367,53.939998626708984,53.064998626708984,53.70000076293945,82476800
2025-10-07,52.365333557128906,52.654998779296875,54.029998779296875,52.2599983215332,53.849998474121094,100185800
2025-10-08,54.1405143737793,54.439998626708984,54.525001525878906,52.83000183105469,52.86000061035156,86931000
2025-10-09,53.92669677734375,54.224998474121094,54.47999954223633,53.380001068115234,54.439998626708984,87956200
2025-10-10,48.26799774169922,48.53499984741211,54.83000183105469,48.415000915527344,54.3650016784668,238009400
2025-10-13,51.3310546875,51.6150016784668,51.84000015258789,50.42499923706055,51.029998779296875,114511200
2025-10-14,50.28683090209961,50.564998626708984,51.76499938964844,48.53499984741211,49.8650016784668,147230000
2025-10-15,51.31613540649414,51.599998474121094,52.755001068115234,50.02000045776367,52.06999969482422,127069400
2025-10-16,50.744300842285156,51.025001525878906,53.165000915527344,49.875,52.34000015258789,159344000
2025-10-17,51.708961486816406,51.994998931884766,52.3849983215332,50.060001373291016,50.459999084472656,142274000
2025-10-20,53.64823532104492,53.94499969482422,54.2599983215332,52.775001525878906,52.80500030517578,79928800
2025-10-21,53.588565826416016,53.8849983215332,54.2400016784668,53.334999084472656,53.95000076293945,79811400
2025-10-22,52.012290954589844,52.29999923706055,53.869998931884766,50.790000915527344,53.724998474121094,134380800
2025-10-23,53.31508255004883,53.61000061035156,53.814998626708984,52.040000915527344,52.1349983215332,91245000
2025-10-24,54.97589111328125,55.279998779296875,55.630001068115234,54.76499938964844,54.994998931884766,84387600
2025-10-27,57.89474868774414,58.21500015258789,58.345001220703125,57.1349983215332,57.2599983215332,77489400
2025-10-28,59.217430114746094,59.54499816894531,60.040000915527344,58.529998779296875,58.82500076293945,92239400
2025-10-29,59.97325134277344,60.30500030517578,60.685001373291016,58.77000045776367,60.28499984741211,133060800
2025-10-30,57.22842788696289,57.54499816894531,59.66999816894531,57.51499938964844,59.29499816894531,127234200
2025-10-31,58.03894805908203,58.36000061035156,59.744998931884766,57.689998626708984,59.744998931884766,122666800
2025-11-03,58.83454895019531,59.15999984741211,60.209999084472656,58.540000915527344,60.0,83598000
2025-11-04,55.234466552734375,55.540000915527344,57.70500183105469,55.31999969482422,56.68000030517578,124762800
2025-11-05,56.30852127075195,56.619998931884766,57.5,54.970001220703125,55.34000015258789,109730000
2025-11-06,53.15098571777344,53.44499969482422,56.25,53.060001373291016,56.185001373291016,156461400
2025-11-07,52.59904098510742,52.88999938964844,52.91999816894531,49.97999954223633,52.5099983215332,183589400
2025-11-10,56.044979095458984,56.35499954223633,56.625,54.70500183105469,55.21500015258789,119878800
2025-11-11,55.58253860473633,55.88999938964844,56.209999084472656,54.79999923706055,55.6349983215332,102665600
2025-11-12,55.468170166015625,55.775001525878906,56.77000045776367,54.8650016784668,56.76499938964844,125708400
2025-11-13,52.0421257019043,52.33000183105469,54.939998626708984,51.70000076293945,54.78499984741211,201264400
2025-11-14,52.0818977355957,52.369998931884766,53.54499816894531,49.3849983215332,49.9900016784668,222397600
2025-11-17,50.744300842285156,51.025001525878906,53.314998626708984,50.05500030517578,51.70500183105469,186327000
2025-11-18,48.90945053100586,49.18000030517578,50.66999816894531,47.900001525878906,49.98500061035156,267348000
2025-11-19,49.74980545043945,50.025001525878906,51.57500076293945,48.71500015258789,49.32500076293945,184263600
2025-11-20,46.1944694519043,46.45000076293945,53.540000915527344,46.22999954223633,52.95000076293945,178246300
2025-11-21,47.21879959106445,47.47999954223633,49.099998474121094,45.2400016784668,46.849998474121094,179618600
2025-11-24,50.79899978637695,51.08000183105469,51.45000076293945,48.66999816894531,48.70000076293945,93894200
2025-11-25,51.723880767822266,52.0099983215332,52.36000061035156,49.08000183105469,50.63999938964844,101851900
2025-11-26,53.07640075683594,53.369998931884766,53.86000061035156,52.369998931884766,52.90999984741211,75598100
2025-11-28,54.239967346191406,54.540000915527344,54.61000061035156,53.630001068115234,53.81999969482422,34381600
2025-12-01,53.75265884399414,54.04999923706055,54.650001525878906,52.81999969482422,53.11000061035156,66359600
2025-12-02,54.99578094482422,55.29999923706055,55.7599983215332,54.13999938964844,54.630001068115234,79504400
2025-12-03,55.383636474609375,55.689998626708984,55.880001068115234,54.22999954223633,54.65999984741211,69844900
2025-12-04,55.204627990722656,55.5099983215332,56.04999923706055,54.61000061035156,56.040000915527344,63958000
2025-12-05,55.84111022949219,56.150001525878906,57.08000183105469,55.68000030517578,55.86000061035156,73206000
2025-12-08,55.49303436279297,55.79999923706055,57.040000915527344,55.119998931884766,56.56999969482422,69700000
2025-12-09,55.701873779296875,56.0099983215332,56.220001220703125,55.09000015258789,55.45000076293945,48736000
2025-12-10,56.33835983276367,56.650001525878906,57.09000015258789,54.88999938964844,55.650001525878906,100261100
2025-12-11,55.801326751708984,56.11000061035156,56.15999984741211,53.97999954223633,55.630001068115234,99683900
2025-12-12,52.529422760009766,52.81999969482422,55.52000045776367,52.22999954223633,55.11000061035156,138448500
2025-12-15,51.73382568359375,52.02000045776367,54.060001373291016,51.720001220703125,54.060001373291016,98696300
2025-12-16,52.0421257019043,52.33000183105469,52.77000045776367,51.099998474121094,51.43000030517578,105953700
2025-12-17,49.12824249267578,49.400001525878906,52.79999923706055,49.369998931884766,52.650001525878906,125606200
2025-12-18,51.22663116455078,51.5099983215332,52.459999084472656,50.97999954223633,51.66999816894531,109222100
2025-12-19,53.22557830810547,53.52000045776367,53.63999938964844,52.189998626708984,52.20000076293945,72957800
2025-12-22,53.951560974121094,54.25,54.88999938964844,53.880001068115234,54.810001373291016,64783100
2025-12-23,54.70737838745117,55.0099983215332,55.06999969482422,53.86000061035156,53.970001220703125,48197100
2025-12-24,55.14166259765625,55.36000061035156,55.45000076293945,54.779998779296875,54.869998931884766,25855000
2025-12-26,55.09185791015625,55.310001373291016,55.75,55.11000061035156,55.52000045776367,37244200
2025-12-29,54.27509307861328,54.4900016784668,54.9900016784668,53.91999816894531,54.290000915527344,50635300
