Date,Adj Close,Close,High,Low,Open,Volume
2020-11-30,26.68000030517578,26.68000030517578,28.75,26.610000610351562,27.209999084472656,0
2020-12-01,27.40999984741211,27.40999984741211,27.600000381469727,26.5,26.670000076293945,0
2020-12-02,27.549999237060547,27.549999237060547,28.0,27.25,27.40999984741211,0
2020-12-03,27.389999389648438,27.389999389648438,27.809999465942383,26.959999084472656,27.530000686645508,0
2020-12-04,27.020000457763672,27.020000457763672,27.440000534057617,26.719999313354492,27.399999618530273,0
2020-12-07,27.200000762939453,27.200000762939453,28.100000381469727,26.940000534057617,27.010000228881836,0
2020-12-08,26.079999923706055,26.079999923706055,27.600000381469727,26.06999969482422,27.309999465942383,0
2020-12-09,29.31999969482422,29.31999969482422,29.780000686645508,25.459999084472656,26.079999923706055,0
2020-12-10,29.149999618530273,29.149999618530273,30.260000228881836,28.239999771118164,29.329999923706055,0
2020-12-11,29.0,29.0,31.31999969482422,28.90999984741211,29.15999984741211,0
2020-12-14,29.440000534057617,29.440000534057617,29.469999313354492,27.829999923706055,28.600000381469727,0
2020-12-15,28.100000381469727,28.100000381469727,29.469999313354492,27.639999389648438,29.469999313354492,0
2020-12-16,27.850000381469727,27.850000381469727,28.649999618530273,27.31999969482422,28.100000381469727,0
2020-12-17,27.040000915527344,27.040000915527344,27.8700008392334,26.920000076293945,27.8700008392334,0
2020-12-18,26.90999984741211,26.90999984741211,28.68000030517578,26.8799991607666,27.170000076293945,0
2020-12-21,28.350000381469727,28.350000381469727,32.290000915527344,27.920000076293945,30.170000076293945,0
2020-12-22,27.940000534057617,27.940000534057617,30.0,27.829999923706055,28.350000381469727,0
2020-12-23,27.329999923706055,27.329999923706055,27.8799991607666,26.3799991607666,27.6299991607666,0
2020-12-24,25.940000534057617,25.940000534057617,27.329999923706055,25.940000534057617,27.329999923706055,0
2020-12-28,25.90999984741211,25.90999984741211,26.84000015258789,25.639999389648438,26.770000457763672,0
2020-12-29,26.81999969482422,26.81999969482422,27.59000015258789,25.479999542236328,25.75,0
2020-12-30,26.290000915527344,26.290000915527344,27.06999969482422,26.260000228881836,26.829999923706055,0
2020-12-31,26.93000030517578,26.93000030517578,27.200000762939453,26.030000686645508,26.280000686645508,0
2021-01-04,30.1299991607666,30.1299991607666,32.650001525878906,27.6200008392334,27.639999389648438,0
2021-01-05,28.420000076293945,28.420000076293945,30.850000381469727,28.350000381469727,30.1200008392334,0
2021-01-06,29.270000457763672,29.270000457763672,30.209999084472656,25.950000762939453,28.479999542236328,0
2021-01-07,26.989999771118164,26.989999771118164,29.25,26.34000015258789,29.25,0
2021-01-08,27.93000030517578,27.93000030517578,28.540000915527344,26.489999771118164,27.030000686645508,0
2021-01-11,28.920000076293945,28.920000076293945,29.93000030517578,28.020000457763672,29.600000381469727,0
2021-01-12,28.329999923706055,28.329999923706055,29.809999465942383,27.790000915527344,28.190000534057617,0
2021-01-13,27.360000610351562,27.360000610351562,28.540000915527344,26.829999923706055,28.270000457763672,0
2021-01-14,28.549999237060547,28.549999237060547,28.549999237060547,26.649999618530273,27.31999969482422,0
2021-01-15,29.170000076293945,29.170000076293945,31.110000610351562,28.06999969482422,28.6299991607666,0
2021-01-19,27.709999084472656,27.709999084472656,29.219999313354492,27.59000015258789,28.149999618530273,0
2021-01-20,26.790000915527344,26.790000915527344,27.399999618530273,26.229999542236328,26.260000228881836,0
2021-01-21,27.010000228881836,27.010000228881836,27.959999084472656,26.229999542236328,26.270000457763672,0
2021-01-22,28.06999969482422,28.06999969482422,28.420000076293945,27.299999237060547,27.760000228881836,0
2021-01-25,28.729999542236328,28.729999542236328,31.450000762939453,28.049999237060547,28.170000076293945,0
2021-01-26,29.200000762939453,29.200000762939453,29.790000915527344,28.510000228881836,28.559999465942383,0
2021-01-27,39.61000061035156,39.61000061035156,39.61000061035156,31.0,32.220001220703125,0
2021-01-28,35.04999923706055,35.04999923706055,39.61000061035156,32.09000015258789,39.61000061035156,0
2021-01-29,37.439998626708984,37.439998626708984,40.529998779296875,34.06999969482422,35.02000045776367,0
2021-02-01,34.2400016784668,34.2400016784668,37.02000045776367,32.810001373291016,33.97999954223633,0
2021-02-02,29.489999771118164,29.489999771118164,32.0,29.15999984741211,32.0,0
2021-02-03,29.030000686645508,29.030000686645508,29.93000030517578,28.030000686645508,28.030000686645508,0
2021-02-04,27.09000015258789,27.09000015258789,29.049999237060547,26.81999969482422,29.049999237060547,0
2021-02-05,25.459999084472656,25.459999084472656,27.579999923706055,25.34000015258789,27.09000015258789,0
2021-02-08,26.18000030517578,26.18000030517578,26.65999984741211,25.979999542236328,26.229999542236328,0
2021-02-09,26.600000381469727,26.600000381469727,27.06999969482422,25.959999084472656,26.15999984741211,0
2021-02-10,27.40999984741211,27.40999984741211,28.889999389648438,26.299999237060547,26.600000381469727,0
2021-02-11,27.06999969482422,27.06999969482422,28.75,26.579999923706055,27.40999984741211,0
2021-02-12,26.360000610351562,26.360000610351562,27.75,25.610000610351562,27.110000610351562,0
2021-02-16,28.520000457763672,28.520000457763672,30.079999923706055,26.600000381469727,26.969999313354492,0
2021-02-17,28.260000228881836,28.260000228881836,30.799999237060547,27.739999771118164,28.520000457763672,0
2021-02-18,27.59000015258789,27.59000015258789,30.6299991607666,27.040000915527344,28.25,0
2021-02-19,27.739999771118164,27.739999771118164,28.579999923706055,25.799999237060547,27.729999542236328,0
2021-02-22,31.020000457763672,31.020000457763672,31.020000457763672,27.670000076293945,27.670000076293945,0
2021-02-23,30.6200008392334,30.6200008392334,35.93000030517578,29.479999542236328,30.950000762939453,0
2021-02-24,28.670000076293945,28.670000076293945,33.13999938964844,28.670000076293945,32.279998779296875,0
2021-02-25,36.15999984741211,36.15999984741211,37.16999816894531,28.670000076293945,28.670000076293945,0
2021-02-26,34.060001373291016,34.060001373291016,37.060001373291016,31.579999923706055,35.93000030517578,0
2021-03-01,28.670000076293945,28.670000076293945,33.84000015258789,28.65999984741211,33.84000015258789,0
2021-03-02,30.110000610351562,30.110000610351562,30.56999969482422,28.540000915527344,28.65999984741211,0
2021-03-03,33.91999816894531,33.91999816894531,34.79999923706055,30.110000610351562,30.110000610351562,0
2021-03-04,34.83000183105469,34.83000183105469,37.86000061035156,32.20000076293945,33.91999816894531,0
2021-03-05,31.889999389648438,31.889999389648438,37.34000015258789,31.389999389648438,34.83000183105469,0
2021-03-08,33.869998931884766,33.869998931884766,34.79999923706055,31.860000610351562,31.860000610351562,0
2021-03-09,32.150001525878906,32.150001525878906,33.869998931884766,30.950000762939453,33.869998931884766,0
2021-03-10,31.520000457763672,31.520000457763672,32.38999938964844,30.56999969482422,32.16999816894531,0
2021-03-11,30.040000915527344,30.040000915527344,31.510000228881836,29.719999313354492,31.510000228881836,0
2021-03-12,30.100000381469727,30.100000381469727,32.25,30.030000686645508,30.059999465942383,0
2021-03-15,28.719999313354492,28.719999313354492,30.989999771118164,28.520000457763672,30.719999313354492,0
2021-03-16,29.270000457763672,29.270000457763672,29.8700008392334,27.110000610351562,27.110000610351562,0
2021-03-17,27.979999542236328,27.979999542236328,31.290000915527344,27.979999542236328,30.530000686645508,0
2021-03-18,30.610000610351562,30.610000610351562,32.20000076293945,27.979999542236328,27.979999542236328,0
2021-03-19,29.649999618530273,29.649999618530273,32.63999938964844,29.059999465942383,30.639999389648438,0
2021-03-22,26.700000762939453,26.700000762939453,29.799999237060547,26.700000762939453,29.799999237060547,0
2021-03-23,27.829999923706055,27.829999923706055,28.34000015258789,26.329999923706055,26.700000762939453,0
2021-03-24,28.969999313354492,28.969999313354492,29.299999237060547,26.979999542236328,27.860000610351562,0
2021-03-25,27.6299991607666,27.6299991607666,30.579999923706055,27.610000610351562,29.770000457763672,0
2021-03-26,25.639999389648438,25.639999389648438,28.700000762939453,25.270000457763672,27.65999984741211,0
2021-03-29,26.940000534057617,26.940000534057617,28.290000915527344,26.56999969482422,26.959999084472656,0
2021-03-30,26.389999389648438,26.389999389648438,28.799999237060547,26.34000015258789,26.940000534057617,0
2021-03-31,24.889999389648438,24.889999389648438,26.489999771118164,24.700000762939453,26.389999389648438,0
2021-04-01,23.209999084472656,23.209999084472656,24.850000381469727,23.15999984741211,24.850000381469727,0
2021-04-05,23.93000030517578,23.93000030517578,24.690000534057617,23.200000762939453,23.200000762939453,0
2021-04-06,23.860000610351562,23.860000610351562,24.399999618530273,23.510000228881836,23.93000030517578,0
2021-04-07,23.43000030517578,23.43000030517578,24.059999465942383,23.389999389648438,23.8700008392334,0
2021-04-08,23.489999771118164,23.489999771118164,24.239999771118164,23.059999465942383,23.440000534057617,0
2021-04-09,23.229999542236328,23.229999542236328,24.1299991607666,23.020000457763672,23.489999771118164,0
2021-04-12,22.489999771118164,22.489999771118164,23.729999542236328,22.290000915527344,23.25,0
2021-04-13,22.110000610351562,22.110000610351562,22.690000534057617,21.979999542236328,22.489999771118164,0
2021-04-14,22.639999389648438,22.639999389648438,23.309999465942383,22.209999084472656,22.459999084472656,0
2021-04-15,21.68000030517578,21.68000030517578,22.780000686645508,21.290000915527344,22.68000030517578,0
2021-04-16,20.510000228881836,20.510000228881836,22.049999237060547,20.209999084472656,21.68000030517578,0
2021-04-19,22.81999969482422,22.81999969482422,23.93000030517578,20.510000228881836,20.510000228881836,0
2021-04-20,24.3700008392334,24.3700008392334,25.399999618530273,22.81999969482422,22.81999969482422,0
2021-04-21,22.81999969482422,22.81999969482422,25.34000015258789,22.549999237060547,24.360000610351562,0
2021-04-22,24.0,24.0,24.850000381469727,22.06999969482422,22.809999465942383,0
2021-04-23,22.31999969482422,22.31999969482422,23.969999313354492,21.989999771118164,23.969999313354492,0
2021-04-26,22.56999969482422,22.56999969482422,23.59000015258789,22.309999465942383,22.34000015258789,0
2021-04-27,22.709999084472656,22.709999084472656,23.299999237060547,21.829999923706055,22.56999969482422,0
2021-04-28,22.360000610351562,22.360000610351562,23.299999237060547,22.09000015258789,22.709999084472656,0
2021-04-29,22.420000076293945,22.420000076293945,23.84000015258789,22.149999618530273,22.3700008392334,0
2021-04-30,22.899999618530273,22.899999618530273,23.670000076293945,22.440000534057617,22.440000534057617,0
2021-05-03,23.34000015258789,23.34000015258789,23.780000686645508,22.649999618530273,22.889999389648438,0
2021-05-04,25.700000762939453,25.700000762939453,27.469999313354492,23.34000015258789,23.34000015258789,0
2021-05-05,25.65999984741211,25.65999984741211,26.15999984741211,24.010000228881836,25.700000762939453,0
2021-05-06,24.829999923706055,24.829999923706055,27.200000762939453,24.65999984741211,25.6299991607666,0
2021-05-07,22.790000915527344,22.790000915527344,24.90999984741211,22.709999084472656,24.81999969482422,0
2021-05-10,26.59000015258789,26.59000015258789,26.6200008392334,22.729999542236328,22.729999542236328,0
2021-05-11,27.860000610351562,27.860000610351562,30.260000228881836,26.610000610351562,26.610000610351562,0
2021-05-12,31.8700008392334,31.8700008392334,32.720001220703125,27.860000610351562,27.860000610351562,0
2021-05-13,29.020000457763672,29.020000457763672,31.90999984741211,28.020000457763672,31.90999984741211,0
2021-05-14,24.989999771118164,24.989999771118164,29.020000457763672,24.739999771118164,29.020000457763672,0
2021-05-17,25.59000015258789,25.59000015258789,27.209999084472656,25.479999542236328,26.530000686645508,0
2021-05-18,26.139999389648438,26.139999389648438,26.420000076293945,24.729999542236328,25.709999084472656,0
2021-05-19,26.65999984741211,26.65999984741211,29.530000686645508,25.989999771118164,28.6299991607666,0
2021-05-20,24.239999771118164,24.239999771118164,25.850000381469727,24.079999923706055,25.809999465942383,0
2021-05-21,24.299999237060547,24.299999237060547,24.540000915527344,23.450000762939453,24.329999923706055,0
2021-05-24,22.760000228881836,22.760000228881836,24.489999771118164,22.399999618530273,24.3700008392334,0
2021-05-25,23.399999618530273,23.399999618530273,23.959999084472656,22.329999923706055,22.360000610351562,0
2021-05-26,22.350000381469727,22.350000381469727,23.559999465942383,22.309999465942383,23.309999465942383,0
2021-05-27,22.1200008392334,22.1200008392334,22.6200008392334,21.3700008392334,22.3700008392334,0
2021-05-28,21.440000534057617,21.440000534057617,22.079999923706055,20.860000610351562,22.079999923706055,0
2021-06-01,22.68000030517578,22.68000030517578,23.3799991607666,22.34000015258789,22.3700008392334,0
2021-06-02,22.010000228881836,22.010000228881836,22.68000030517578,21.68000030517578,22.68000030517578,0
2021-06-03,23.25,23.25,23.68000030517578,22.139999389648438,22.799999237060547,0
2021-06-04,21.219999313354492,21.219999313354492,23.34000015258789,21.170000076293945,23.34000015258789,0
2021-06-07,21.3700008392334,21.3700008392334,22.479999542236328,21.3700008392334,22.290000915527344,0
2021-06-08,21.579999923706055,21.579999923706055,22.510000228881836,21.059999465942383,21.3700008392334,0
2021-06-09,22.010000228881836,22.010000228881836,22.229999542236328,21.290000915527344,21.329999923706055,0
2021-06-10,19.979999542236328,19.979999542236328,21.329999923706055,19.90999984741211,21.190000534057617,0
2021-06-11,19.15999984741211,19.15999984741211,20.040000915527344,19.079999923706055,19.979999542236328,0
2021-06-14,20.059999465942383,20.059999465942383,20.34000015258789,19.530000686645508,19.559999465942383,0
2021-06-15,20.93000030517578,20.93000030517578,21.209999084472656,20.260000228881836,20.309999465942383,0
2021-06-16,21.459999084472656,21.459999084472656,22.709999084472656,20.440000534057617,20.790000915527344,0
2021-06-17,20.350000381469727,20.350000381469727,22.030000686645508,19.860000610351562,21.579999923706055,0
2021-06-18,22.43000030517578,22.43000030517578,23.040000915527344,21.399999618530273,22.040000915527344,0
2021-06-21,20.780000686645508,20.780000686645508,23.729999542236328,20.770000457763672,22.940000534057617,0
2021-06-22,20.0,20.0,21.09000015258789,19.850000381469727,20.760000228881836,0
2021-06-23,19.81999969482422,19.81999969482422,20.239999771118164,19.510000228881836,19.989999771118164,0
2021-06-24,19.600000381469727,19.600000381469727,19.81999969482422,19.030000686645508,19.81999969482422,0
2021-06-25,19.309999465942383,19.309999465942383,19.719999313354492,19.0,19.600000381469727,0
2021-06-28,19.579999923706055,19.579999923706055,20.149999618530273,19.489999771118164,19.6200008392334,0
2021-06-29,20.09000015258789,20.09000015258789,20.170000076293945,19.34000015258789,19.579999923706055,0
2021-06-30,20.139999389648438,20.139999389648438,20.809999465942383,20.040000915527344,20.09000015258789,0
2021-07-01,20.06999969482422,20.06999969482422,20.18000030517578,19.729999542236328,20.1200008392334,0
2021-07-02,19.280000686645508,19.280000686645508,19.59000015258789,18.729999542236328,19.59000015258789,0
2021-07-06,21.0,21.0,21.8700008392334,20.280000686645508,20.3799991607666,0
2021-07-07,21.110000610351562,21.110000610351562,22.940000534057617,20.530000686645508,21.0,0
2021-07-08,23.600000381469727,23.600000381469727,24.0,21.100000381469727,21.100000381469727,0
2021-07-09,21.229999542236328,21.229999542236328,22.43000030517578,21.1299991607666,22.43000030517578,0
2021-07-12,19.68000030517578,19.68000030517578,20.68000030517578,19.170000076293945,20.559999465942383,0
2021-07-13,20.8700008392334,20.8700008392334,21.110000610351562,19.3799991607666,20.190000534057617,0
2021-07-14,19.989999771118164,19.989999771118164,20.75,19.520000457763672,20.34000015258789,0
2021-07-15,20.110000610351562,20.110000610351562,21.329999923706055,19.809999465942383,19.989999771118164,0
2021-07-16,21.059999465942383,21.059999465942383,21.139999389648438,19.479999542236328,19.5,0
2021-07-19,23.440000534057617,23.440000534057617,25.100000381469727,22.969999313354492,23.950000762939453,0
2021-07-20,21.68000030517578,21.68000030517578,23.940000534057617,21.3700008392334,23.399999618530273,0
2021-07-21,20.399999618530273,20.399999618530273,21.420000076293945,20.200000762939453,21.350000381469727,0
2021-07-22,19.780000686645508,19.780000686645508,20.729999542236328,19.75,20.399999618530273,0
2021-07-23,19.059999465942383,19.059999465942383,19.90999984741211,18.770000457763672,19.8799991607666,0
2021-07-26,20.3700008392334,20.3700008392334,20.889999389648438,19.920000076293945,20.6200008392334,0
2021-07-27,22.84000015258789,22.84000015258789,23.850000381469727,20.739999771118164,21.049999237060547,0
2021-07-28,20.959999084472656,20.959999084472656,22.649999618530273,20.450000762939453,21.940000534057617,0
2021-07-29,20.549999237060547,20.549999237060547,20.65999984741211,20.030000686645508,20.540000915527344,0
2021-07-30,20.809999465942383,20.809999465942383,21.540000915527344,20.549999237060547,20.549999237060547,0
2021-08-02,21.489999771118164,21.489999771118164,21.8700008392334,20.809999465942383,21.079999923706055,0
2021-08-03,20.520000457763672,20.520000457763672,22.3700008392334,20.389999389648438,21.489999771118164,0
2021-08-04,20.68000030517578,20.68000030517578,21.309999465942383,20.360000610351562,20.520000457763672,0
2021-08-05,20.190000534057617,20.190000534057617,20.809999465942383,20.0,20.68000030517578,0
2021-08-06,19.610000610351562,19.610000610351562,20.200000762939453,19.40999984741211,20.18000030517578,0
2021-08-09,19.690000534057617,19.690000534057617,20.739999771118164,19.270000457763672,20.31999969482422,0
2021-08-10,20.3799991607666,20.3799991607666,20.780000686645508,19.260000228881836,19.549999237060547,0
2021-08-11,20.1299991607666,20.1299991607666,20.469999313354492,19.190000534057617,20.3799991607666,0
2021-08-12,19.399999618530273,19.399999618530273,20.899999618530273,19.34000015258789,20.450000762939453,0
2021-08-13,18.520000457763672,18.520000457763672,19.489999771118164,18.40999984741211,19.389999389648438,0
2021-08-16,19.049999237060547,19.049999237060547,20.549999237060547,18.90999984741211,19.489999771118164,0
2021-08-17,21.170000076293945,21.170000076293945,22.59000015258789,20.059999465942383,20.760000228881836,0
2021-08-18,24.350000381469727,24.350000381469727,24.399999618530273,20.950000762939453,21.170000076293945,0
2021-08-19,23.520000457763672,23.520000457763672,25.360000610351562,22.93000030517578,25.329999923706055,0
2021-08-20,20.969999313354492,20.969999313354492,23.59000015258789,20.540000915527344,23.520000457763672,0
2021-08-23,19.799999237060547,19.799999237060547,21.350000381469727,19.68000030517578,21.350000381469727,0
2021-08-24,19.860000610351562,19.860000610351562,20.270000457763672,19.540000915527344,19.799999237060547,0
2021-08-25,19.600000381469727,19.600000381469727,20.1299991607666,19.420000076293945,19.8700008392334,0
2021-08-26,21.3700008392334,21.3700008392334,21.540000915527344,19.690000534057617,19.690000534057617,0
2021-08-27,18.540000915527344,18.540000915527344,21.360000610351562,18.489999771118164,21.360000610351562,0
2021-08-30,19.079999923706055,19.079999923706055,19.329999923706055,18.690000534057617,19.09000015258789,0
2021-08-31,19.479999542236328,19.479999542236328,19.969999313354492,19.030000686645508,19.079999923706055,0
2021-09-01,19.84000015258789,19.84000015258789,20.100000381469727,19.100000381469727,19.479999542236328,0
2021-09-02,20.030000686645508,20.030000686645508,20.530000686645508,19.59000015258789,19.81999969482422,0
2021-09-03,19.75,19.75,20.469999313354492,19.469999313354492,19.899999618530273,0
2021-09-07,20.959999084472656,20.959999084472656,21.309999465942383,19.799999237060547,19.799999237060547,0
2021-09-08,20.809999465942383,20.809999465942383,22.110000610351562,20.6299991607666,20.959999084472656,0
2021-09-09,21.450000762939453,21.450000762939453,21.540000915527344,20.100000381469727,20.68000030517578,0
2021-09-10,22.75,22.75,23.280000686645508,19.760000228881836,21.450000762939453,0
2021-09-13,21.600000381469727,21.600000381469727,23.170000076293945,21.030000686645508,21.399999618530273,0
2021-09-14,21.68000030517578,21.68000030517578,22.65999984741211,20.3799991607666,21.600000381469727,0
2021-09-15,20.1200008392334,20.1200008392334,22.530000686645508,19.8799991607666,21.68000030517578,0
2021-09-16,20.170000076293945,20.170000076293945,21.860000610351562,19.65999984741211,20.1200008392334,0
2021-09-17,22.270000457763672,22.270000457763672,22.690000534057617,20.200000762939453,20.200000762939453,0
2021-09-20,27.229999542236328,27.229999542236328,30.239999771118164,24.709999084472656,26.530000686645508,0
2021-09-21,26.420000076293945,26.420000076293945,27.440000534057617,24.530000686645508,27.229999542236328,0
2021-09-22,22.969999313354492,22.969999313354492,26.389999389648438,22.559999465942383,26.389999389648438,0
2021-09-23,21.219999313354492,21.219999313354492,23.020000457763672,21.049999237060547,23.020000457763672,0
2021-09-24,20.93000030517578,20.93000030517578,22.850000381469727,20.170000076293945,21.219999313354492,0
2021-09-27,21.829999923706055,21.829999923706055,23.559999465942383,21.260000228881836,22.690000534057617,0
2021-09-28,27.350000381469727,27.350000381469727,27.450000762939453,21.829999923706055,21.829999923706055,0
2021-09-29,26.709999084472656,26.709999084472656,27.59000015258789,25.350000381469727,27.260000228881836,0
2021-09-30,26.649999618530273,26.649999618530273,27.90999984741211,25.100000381469727,26.700000762939453,0
2021-10-01,24.8700008392334,24.8700008392334,27.170000076293945,24.6299991607666,26.559999465942383,0
2021-10-04,27.719999313354492,27.719999313354492,28.829999923706055,24.829999923706055,24.829999923706055,0
2021-10-05,25.450000762939453,25.450000762939453,27.719999313354492,24.920000076293945,27.719999313354492,0
2021-10-06,24.8700008392334,24.8700008392334,28.049999237060547,24.700000762939453,25.459999084472656,0
2021-10-07,23.219999313354492,23.219999313354492,24.8700008392334,22.8799991607666,24.8700008392334,0
2021-10-08,23.15999984741211,23.15999984741211,23.59000015258789,22.59000015258789,23.219999313354492,0
2021-10-11,23.489999771118164,23.489999771118164,23.829999923706055,21.510000228881836,23.709999084472656,0
2021-10-12,23.40999984741211,23.40999984741211,23.899999618530273,22.280000686645508,23.489999771118164,0
2021-10-13,21.229999542236328,21.229999542236328,23.389999389648438,21.079999923706055,23.389999389648438,0
2021-10-14,19.09000015258789,19.09000015258789,21.229999542236328,18.84000015258789,21.229999542236328,0
2021-10-15,18.510000228881836,18.510000228881836,19.239999771118164,18.010000228881836,19.079999923706055,0
2021-10-18,18.829999923706055,18.829999923706055,20.34000015258789,18.5,18.5,0
2021-10-19,18.309999465942383,18.309999465942383,19.020000457763672,18.209999084472656,18.829999923706055,0
2021-10-20,18.729999542236328,18.729999542236328,18.809999465942383,18.049999237060547,18.309999465942383,0
2021-10-21,18.6299991607666,18.6299991607666,19.360000610351562,18.299999237060547,18.739999771118164,0
2021-10-22,19.1200008392334,19.1200008392334,19.700000762939453,18.1200008392334,18.670000076293945,0
2021-10-25,18.799999237060547,18.799999237060547,20.299999237060547,18.43000030517578,19.670000076293945,0
2021-10-26,19.3799991607666,19.3799991607666,20.049999237060547,18.459999084472656,18.799999237060547,0
2021-10-27,20.1200008392334,20.1200008392334,20.270000457763672,19.049999237060547,19.360000610351562,0
2021-10-28,19.75,19.75,20.139999389648438,19.209999084472656,20.110000610351562,0
2021-10-29,19.639999389648438,19.639999389648438,20.610000610351562,19.469999313354492,19.75,0
2021-11-01,19.729999542236328,19.729999542236328,20.940000534057617,19.610000610351562,20.459999084472656,0
2021-11-02,19.729999542236328,19.729999542236328,20.0,19.540000915527344,19.729999542236328,0
2021-11-03,19.43000030517578,19.43000030517578,20.329999923706055,19.040000915527344,19.719999313354492,0
2021-11-04,20.260000228881836,20.260000228881836,20.549999237060547,19.0,19.399999618530273,0
2021-11-05,21.56999969482422,21.56999969482422,21.850000381469727,20.260000228881836,20.260000228881836,0
2021-11-08,21.8799991607666,21.8799991607666,22.31999969482422,21.610000610351562,21.950000762939453,0
2021-11-09,22.690000534057617,22.690000534057617,23.280000686645508,21.719999313354492,21.8799991607666,0
2021-11-10,23.270000457763672,23.270000457763672,24.219999313354492,22.030000686645508,22.690000534057617,0
2021-11-11,22.3700008392334,22.3700008392334,23.260000228881836,21.8700008392334,23.260000228881836,0
2021-11-12,21.420000076293945,21.420000076293945,22.459999084472656,21.31999969482422,22.3799991607666,0
2021-11-15,21.709999084472656,21.709999084472656,22.760000228881836,21.56999969482422,21.739999771118164,0
2021-11-16,21.280000686645508,21.280000686645508,22.110000610351562,20.739999771118164,21.709999084472656,0
2021-11-17,21.559999465942383,21.559999465942383,21.8700008392334,20.8700008392334,21.280000686645508,0
2021-11-18,21.389999389648438,21.389999389648438,22.299999237060547,21.09000015258789,21.56999969482422,0
2021-11-19,21.75,21.75,22.100000381469727,21.010000228881836,21.389999389648438,0
2021-11-22,23.5,23.5,23.8799991607666,21.610000610351562,21.979999542236328,0
2021-11-23,24.43000030517578,24.43000030517578,26.059999465942383,23.5,23.5,0
2021-11-24,23.81999969482422,23.81999969482422,26.229999542236328,23.639999389648438,24.43000030517578,0
2021-11-26,28.450000762939453,28.450000762939453,29.469999313354492,23.81999969482422,23.81999969482422,0
2021-11-29,24.6299991607666,24.6299991607666,26.81999969482422,24.3700008392334,25.739999771118164,0
2021-11-30,27.389999389648438,27.389999389648438,28.969999313354492,24.6299991607666,24.6299991607666,0
2021-12-01,30.950000762939453,30.950000762939453,31.780000686645508,24.639999389648438,27.40999984741211,0
2021-12-02,29.780000686645508,29.780000686645508,31.940000534057617,28.860000610351562,30.959999084472656,0
2021-12-03,33.40999984741211,33.40999984741211,36.63999938964844,28.25,29.809999465942383,0
2021-12-06,30.170000076293945,30.170000076293945,34.81999969482422,30.059999465942383,32.4900016784668,0
2021-12-07,25.790000915527344,25.790000915527344,30.170000076293945,25.459999084472656,30.170000076293945,0
2021-12-08,24.81999969482422,24.81999969482422,26.440000534057617,24.520000457763672,25.799999237060547,0
2021-12-09,26.420000076293945,26.420000076293945,26.700000762939453,24.709999084472656,24.809999465942383,0
2021-12-10,23.950000762939453,23.950000762939453,26.399999618530273,23.940000534057617,26.399999618530273,0
2021-12-13,24.040000915527344,24.040000915527344,24.3700008392334,22.84000015258789,23.010000228881836,0
2021-12-14,25.309999465942383,25.309999465942383,27.290000915527344,24.040000915527344,24.040000915527344,0
2021-12-15,23.420000076293945,23.420000076293945,27.799999237060547,23.190000534057617,25.309999465942383,0
2021-12-16,25.239999771118164,25.239999771118164,27.43000030517578,23.110000610351562,23.399999618530273,0
2021-12-17,26.549999237060547,26.549999237060547,28.25,25.170000076293945,25.239999771118164,0
2021-12-20,27.8799991607666,27.8799991607666,31.040000915527344,26.610000610351562,26.610000610351562,0
2021-12-21,24.959999084472656,24.959999084472656,27.959999084472656,24.920000076293945,27.8799991607666,0
2021-12-22,22.149999618530273,22.149999618530273,25.239999771118164,22.149999618530273,24.959999084472656,0
2021-12-23,21.31999969482422,21.31999969482422,22.43000030517578,20.920000076293945,22.15999984741211,0
2021-12-27,21.719999313354492,21.719999313354492,22.84000015258789,21.56999969482422,22.1299991607666,0
2021-12-28,21.540000915527344,21.540000915527344,22.469999313354492,21.510000228881836,21.719999313354492,0
2021-12-29,21.280000686645508,21.280000686645508,22.600000381469727,21.100000381469727,21.549999237060547,0
2021-12-30,21.3799991607666,21.3799991607666,21.770000457763672,20.979999542236328,21.270000457763672,0
2021-12-31,21.200000762939453,21.200000762939453,21.829999923706055,21.030000686645508,21.3799991607666,0
2022-01-03,21.170000076293945,21.170000076293945,22.3700008392334,20.959999084472656,21.200000762939453,0
2022-01-04,22.31999969482422,22.31999969482422,23.389999389648438,21.18000030517578,21.18000030517578,0
2022-01-05,25.979999542236328,25.979999542236328,26.559999465942383,22.329999923706055,22.329999923706055,0
2022-01-06,25.809999465942383,25.809999465942383,28.3700008392334,25.520000457763672,25.950000762939453,0
2022-01-07,25.649999618530273,25.649999618530273,27.709999084472656,25.139999389648438,25.829999923706055,0
2022-01-10,25.829999923706055,25.829999923706055,30.489999771118164,25.489999771118164,28.200000762939453,0
2022-01-11,24.280000686645508,24.280000686645508,27.229999542236328,23.940000534057617,25.829999923706055,0
2022-01-12,23.440000534057617,23.440000534057617,24.940000534057617,23.1299991607666,24.290000915527344,0
2022-01-13,27.049999237060547,27.049999237060547,27.420000076293945,22.979999542236328,23.479999542236328,0
2022-01-14,25.719999313354492,25.719999313354492,28.34000015258789,25.309999465942383,27.049999237060547,0
2022-01-18,29.360000610351562,29.360000610351562,30.030000686645508,28.170000076293945,28.760000228881836,0
2022-01-19,29.020000457763672,29.020000457763672,29.729999542236328,27.600000381469727,29.360000610351562,0
2022-01-20,30.610000610351562,30.610000610351562,30.6200008392334,26.959999084472656,29.049999237060547,0
2022-01-21,34.060001373291016,34.060001373291016,34.68000030517578,29.729999542236328,30.56999969482422,0
2022-01-24,35.54999923706055,35.54999923706055,44.04999923706055,35.130001068115234,38.13999938964844,0
2022-01-25,38.20000076293945,38.20000076293945,41.38999938964844,35.540000915527344,35.54999923706055,0
2022-01-26,38.099998474121094,38.099998474121094,39.0099983215332,33.540000915527344,38.27000045776367,0
2022-01-27,36.63999938964844,36.63999938964844,38.150001525878906,34.63999938964844,38.11000061035156,0
2022-01-28,33.310001373291016,33.310001373291016,38.13999938964844,32.470001220703125,36.66999816894531,0
2022-01-31,30.15999984741211,30.15999984741211,34.380001068115234,29.850000381469727,33.290000915527344,0
2022-02-01,28.0,28.0,31.09000015258789,27.700000762939453,30.15999984741211,0
2022-02-02,29.579999923706055,29.579999923706055,29.780000686645508,27.270000457763672,27.979999542236328,0
2022-02-03,31.239999771118164,31.239999771118164,33.54999923706055,29.459999084472656,29.459999084472656,0
2022-02-04,30.31999969482422,30.31999969482422,33.04999923706055,29.299999237060547,31.260000228881836,0
2022-02-07,30.020000457763672,30.020000457763672,31.329999923706055,29.010000228881836,31.309999465942383,0
2022-02-08,28.329999923706055,28.329999923706055,31.350000381469727,28.219999313354492,30.020000457763672,0
2022-02-09,26.8700008392334,26.8700008392334,28.360000610351562,26.6200008392334,28.360000610351562,0
2022-02-10,30.06999969482422,30.06999969482422,30.739999771118164,26.84000015258789,26.8700008392334,0
2022-02-11,34.15999984741211,34.15999984741211,36.349998474121094,29.530000686645508,30.049999237060547,0
2022-02-14,34.06999969482422,34.06999969482422,36.63999938964844,33.31999969482422,34.900001525878906,0
2022-02-15,31.15999984741211,31.15999984741211,34.06999969482422,30.81999969482422,34.06999969482422,0
2022-02-16,29.450000762939453,29.450000762939453,32.7599983215332,29.149999618530273,31.15999984741211,0
2022-02-17,33.209999084472656,33.209999084472656,33.5,29.450000762939453,29.450000762939453,0
2022-02-18,33.04999923706055,33.04999923706055,34.83000183105469,32.04999923706055,33.150001525878906,0
2022-02-22,33.130001068115234,33.130001068115234,35.45000076293945,32.849998474121094,33.04999923706055,0
2022-02-23,35.27000045776367,35.27000045776367,35.4900016784668,32.0099983215332,33.130001068115234,0
2022-02-24,34.02000045776367,34.02000045776367,39.9900016784668,33.150001525878906,35.27000045776367,0
2022-02-25,31.190000534057617,31.190000534057617,34.369998931884766,30.75,34.04999923706055,0
2022-02-28,32.720001220703125,32.720001220703125,35.13999938964844,31.760000228881836,34.29999923706055,0
2022-03-01,35.220001220703125,35.220001220703125,36.77000045776367,32.720001220703125,32.720001220703125,0
2022-03-02,33.04999923706055,33.04999923706055,35.709999084472656,32.31999969482422,35.27000045776367,0
2022-03-03,33.34000015258789,33.34000015258789,34.7599983215332,32.310001373291016,33.02000045776367,0
2022-03-04,34.88999938964844,34.88999938964844,37.2599983215332,33.33000183105469,33.33000183105469,0
2022-03-07,38.72999954223633,38.72999954223633,38.79999923706055,34.880001068115234,34.88999938964844,0
2022-03-08,38.02000045776367,38.02000045776367,39.619998931884766,35.560001373291016,38.70000076293945,0
2022-03-09,35.34000015258789,35.34000015258789,38.06999969482422,34.599998474121094,38.06999969482422,0
2022-03-10,34.22999954223633,34.22999954223633,36.72999954223633,34.22999954223633,35.33000183105469,0
2022-03-11,34.849998474121094,34.849998474121094,35.04999923706055,33.16999816894531,34.220001220703125,0
2022-03-14,36.54999923706055,36.54999923706055,37.70000076293945,34.66999816894531,35.83000183105469,0
2022-03-15,34.650001525878906,34.650001525878906,37.029998779296875,34.529998779296875,36.54999923706055,0
2022-03-16,30.809999465942383,30.809999465942383,34.68000030517578,30.6299991607666,34.68000030517578,0
2022-03-17,29.510000228881836,29.510000228881836,31.639999389648438,28.950000762939453,30.809999465942383,0
2022-03-18,27.760000228881836,27.760000228881836,30.209999084472656,27.459999084472656,29.440000534057617,0
2022-03-21,28.65999984741211,28.65999984741211,29.959999084472656,28.219999313354492,28.969999313354492,0
2022-03-22,27.709999084472656,27.709999084472656,28.8700008392334,27.420000076293945,28.65999984741211,0
2022-03-23,28.84000015258789,28.84000015258789,29.260000228881836,27.719999313354492,27.719999313354492,0
2022-03-24,27.889999389648438,27.889999389648438,29.469999313354492,27.6200008392334,28.829999923706055,0
2022-03-25,27.34000015258789,27.34000015258789,29.399999618530273,27.0,27.899999618530273,0
2022-03-28,26.530000686645508,26.530000686645508,28.670000076293945,26.530000686645508,28.260000228881836,0
2022-03-29,25.8700008392334,25.8700008392334,26.920000076293945,25.520000457763672,26.530000686645508,0
2022-03-30,26.399999618530273,26.399999618530273,27.329999923706055,25.809999465942383,25.8700008392334,0
2022-03-31,26.989999771118164,26.989999771118164,27.540000915527344,26.239999771118164,26.3799991607666,0
2022-04-01,25.90999984741211,25.90999984741211,27.31999969482422,25.739999771118164,26.959999084472656,0
2022-04-04,24.93000030517578,24.93000030517578,26.75,24.829999923706055,26.6299991607666,0
2022-04-05,27.399999618530273,27.399999618530273,27.799999237060547,24.93000030517578,24.93000030517578,0
2022-04-06,28.90999984741211,28.90999984741211,30.760000228881836,27.40999984741211,27.40999984741211,0
2022-04-07,28.479999542236328,28.479999542236328,30.329999923706055,28.059999465942383,28.920000076293945,0
2022-04-08,28.059999465942383,28.059999465942383,29.90999984741211,27.389999389648438,28.489999771118164,0
2022-04-11,30.75,30.75,30.850000381469727,28.84000015258789,29.3799991607666,0
2022-04-12,30.3799991607666,30.3799991607666,31.06999969482422,28.280000686645508,30.75,0
2022-04-13,26.850000381469727,26.850000381469727,30.75,26.520000457763672,30.3700008392334,0
2022-04-14,28.860000610351562,28.860000610351562,28.969999313354492,26.260000228881836,26.860000610351562,0
2022-04-18,29.530000686645508,29.530000686645508,30.90999984741211,29.15999984741211,30.469999313354492,0
2022-04-19,29.100000381469727,29.100000381469727,30.5,27.81999969482422,29.530000686645508,0
2022-04-20,28.469999313354492,28.469999313354492,29.81999969482422,28.030000686645508,29.1200008392334,0
2022-04-21,31.3700008392334,31.3700008392334,31.920000076293945,27.56999969482422,28.520000457763672,0
2022-04-22,35.38999938964844,35.38999938964844,35.43000030517578,31.350000381469727,31.350000381469727,0
2022-04-25,33.83000183105469,33.83000183105469,37.52000045776367,33.540000915527344,36.68000030517578,0
2022-04-26,38.93000030517578,38.93000030517578,40.0,33.83000183105469,33.83000183105469,0
2022-04-27,36.90999984741211,36.90999984741211,39.16999816894531,35.7599983215332,39.16999816894531,0
2022-04-28,35.4900016784668,35.4900016784668,37.41999816894531,34.11000061035156,36.90999984741211,0
2022-04-29,38.25,38.25,39.45000076293945,34.099998474121094,35.2599983215332,0
2022-05-02,37.810001373291016,37.810001373291016,40.810001373291016,37.560001373291016,39.56999969482422,0
2022-05-03,36.0,36.0,38.290000915527344,35.7599983215332,37.810001373291016,0
2022-05-04,31.979999542236328,31.979999542236328,36.83000183105469,31.6200008392334,35.9900016784668,0
2022-05-05,37.189998626708984,37.189998626708984,39.20000076293945,32.0,32.0,0
2022-05-06,37.400001525878906,37.400001525878906,41.0099983215332,36.40999984741211,37.209999084472656,0
2022-05-09,41.43000030517578,41.43000030517578,41.90999984741211,39.2400016784668,40.150001525878906,0
2022-05-10,40.08000183105469,40.08000183105469,41.90999984741211,38.93000030517578,41.43000030517578,0
2022-05-11,40.66999816894531,40.66999816894531,41.63999938964844,38.02000045776367,40.099998474121094,0
2022-05-12,41.36000061035156,41.36000061035156,44.02000045776367,40.65999984741211,40.65999984741211,0
2022-05-13,37.61000061035156,37.61000061035156,41.31999969482422,37.040000915527344,41.31999969482422,0
2022-05-16,37.439998626708984,37.439998626708984,39.81999969482422,36.689998626708984,39.2599983215332,0
2022-05-17,33.880001068115234,33.880001068115234,37.439998626708984,33.72999954223633,37.439998626708984,0
2022-05-18,38.810001373291016,38.810001373291016,39.099998474121094,33.880001068115234,33.880001068115234,0
2022-05-19,36.150001525878906,36.150001525878906,39.83000183105469,35.97999954223633,38.81999969482422,0
2022-05-20,36.18000030517578,36.18000030517578,39.77000045776367,34.619998931884766,36.119998931884766,0
2022-05-23,35.18000030517578,35.18000030517578,37.619998931884766,34.970001220703125,36.97999954223633,0
2022-05-24,36.16999816894531,36.16999816894531,38.970001220703125,35.18000030517578,35.18000030517578,0
2022-05-25,35.380001068115234,35.380001068115234,37.310001373291016,34.83000183105469,36.15999984741211,0
2022-05-26,33.630001068115234,33.630001068115234,35.47999954223633,33.34000015258789,35.43000030517578,0
2022-05-27,32.0,32.0,33.65999984741211,31.770000457763672,33.65999984741211,0
2022-05-31,33.0099983215332,33.0099983215332,34.91999816894531,32.400001525878906,33.88999938964844,0
2022-06-01,32.599998474121094,32.599998474121094,34.279998779296875,31.950000762939453,33.0099983215332,0
2022-06-02,31.440000534057617,31.440000534057617,33.560001373291016,30.809999465942383,32.59000015258789,0
2022-06-03,31.75,31.75,32.77000045776367,31.440000534057617,31.440000534057617,0
2022-06-06,32.15999984741211,32.15999984741211,32.869998931884766,31.329999923706055,31.469999313354492,0
2022-06-07,31.030000686645508,31.030000686645508,33.34000015258789,30.389999389648438,33.04999923706055,0
2022-06-08,30.690000534057617,30.690000534057617,31.709999084472656,30.299999237060547,31.559999465942383,0
2022-06-09,32.72999954223633,32.72999954223633,32.869998931884766,30.610000610351562,31.329999923706055,0
2022-06-10,33.970001220703125,33.970001220703125,35.52000045776367,33.45000076293945,34.459999084472656,0
2022-06-13,40.36000061035156,40.36000061035156,41.119998931884766,37.540000915527344,38.279998779296875,0
2022-06-14,38.5099983215332,38.5099983215332,40.63999938964844,38.119998931884766,39.939998626708984,0
2022-06-15,35.349998474121094,35.349998474121094,38.040000915527344,19.809999465942383,38.040000915527344,0
2022-06-16,38.66999816894531,38.66999816894531,40.529998779296875,37.11000061035156,37.779998779296875,0
2022-06-17,36.65999984741211,36.65999984741211,38.75,32.59000015258789,38.4900016784668,0
2022-06-21,36.060001373291016,36.060001373291016,36.72999954223633,35.2599983215332,36.68000030517578,0
2022-06-22,35.939998626708984,35.939998626708984,37.16999816894531,35.25,37.16999816894531,0
2022-06-23,35.29999923706055,35.29999923706055,36.45000076293945,34.65999984741211,35.790000915527344,0
2022-06-24,33.77000045776367,33.77000045776367,35.040000915527344,33.040000915527344,34.959999084472656,0
2022-06-27,33.560001373291016,33.560001373291016,35.20000076293945,33.470001220703125,34.060001373291016,0
2022-06-28,35.43000030517578,35.43000030517578,35.779998779296875,32.91999816894531,33.56999969482422,0
2022-06-29,35.33000183105469,35.33000183105469,36.029998779296875,34.56999969482422,35.220001220703125,0
2022-06-30,36.209999084472656,36.209999084472656,37.459999084472656,35.650001525878906,36.43000030517578,0
2022-07-01,34.27000045776367,34.27000045776367,36.619998931884766,34.11000061035156,36.06999969482422,0
2022-07-05,34.86000061035156,34.86000061035156,37.88999938964844,34.5099983215332,37.470001220703125,0
2022-07-06,33.75,33.75,35.61000061035156,33.34000015258789,35.06999969482422,0
2022-07-07,32.810001373291016,32.810001373291016,34.20000076293945,32.20000076293945,34.04999923706055,0
2022-07-08,31.18000030517578,31.18000030517578,33.18000030517578,30.68000030517578,33.11000061035156,0
2022-07-11,32.93000030517578,32.93000030517578,33.650001525878906,32.540000915527344,33.52000045776367,0
2022-07-12,33.970001220703125,33.970001220703125,34.45000076293945,32.75,33.310001373291016,0
2022-07-13,33.66999816894531,33.66999816894531,35.720001220703125,33.099998474121094,35.20000076293945,0
2022-07-14,32.63999938964844,32.63999938964844,34.90999984741211,32.380001068115234,34.4900016784668,0
2022-07-15,30.389999389648438,30.389999389648438,32.150001525878906,30.329999923706055,31.739999771118164,0
2022-07-18,31.579999923706055,31.579999923706055,32.18000030517578,30.469999313354492,31.09000015258789,0
2022-07-19,30.65999984741211,30.65999984741211,31.239999771118164,30.280000686645508,30.719999313354492,0
2022-07-20,30.579999923706055,30.579999923706055,31.06999969482422,30.079999923706055,30.790000915527344,0
2022-07-21,29.309999465942383,29.309999465942383,31.31999969482422,28.8700008392334,30.639999389648438,0
2022-07-22,29.190000534057617,29.190000534057617,29.899999618530273,28.229999542236328,29.290000915527344,0
2022-07-25,29.420000076293945,29.420000076293945,30.93000030517578,29.329999923706055,30.520000457763672,0
2022-07-26,30.90999984741211,30.90999984741211,31.8700008392334,30.260000228881836,30.260000228881836,0
2022-07-27,29.59000015258789,29.59000015258789,30.65999984741211,26.040000915527344,30.469999313354492,0
2022-07-28,28.479999542236328,28.479999542236328,30.260000228881836,27.829999923706055,29.479999542236328,0
2022-07-29,27.25,27.25,28.139999389648438,26.8700008392334,28.010000228881836,0
2022-08-01,28.75,28.75,28.969999313354492,27.950000762939453,28.549999237060547,0
2022-08-02,30.0,30.0,30.549999237060547,28.5,29.81999969482422,0
2022-08-03,27.979999542236328,27.979999542236328,29.360000610351562,27.770000457763672,29.139999389648438,0
2022-08-04,27.809999465942383,27.809999465942383,28.969999313354492,27.809999465942383,28.459999084472656,0
2022-08-05,27.1299991607666,27.1299991607666,28.8700008392334,26.81999969482422,28.84000015258789,0
2022-08-08,27.649999618530273,27.649999618530273,28.219999313354492,26.969999313354492,27.940000534057617,0
2022-08-09,28.40999984741211,28.40999984741211,28.809999465942383,28.059999465942383,28.43000030517578,0
2022-08-10,25.719999313354492,25.719999313354492,27.229999542236328,25.469999313354492,27.030000686645508,0
2022-08-11,26.1299991607666,26.1299991607666,26.8700008392334,25.579999923706055,25.770000457763672,0
2022-08-12,25.18000030517578,25.18000030517578,26.239999771118164,24.90999984741211,25.93000030517578,0
2022-08-15,25.399999618530273,25.399999618530273,26.5,25.309999465942383,26.3799991607666,0
2022-08-16,25.549999237060547,25.549999237060547,25.93000030517578,25.1299991607666,25.709999084472656,0
2022-08-17,26.329999923706055,26.329999923706055,26.8700008392334,25.700000762939453,26.389999389648438,0
2022-08-18,25.520000457763672,25.520000457763672,26.829999923706055,25.309999465942383,26.579999923706055,0
2022-08-19,26.739999771118164,26.739999771118164,27.219999313354492,26.020000457763672,26.649999618530273,0
2022-08-22,29.649999618530273,29.649999618530273,30.219999313354492,29.049999237060547,29.260000228881836,0
2022-08-23,29.690000534057617,29.690000534057617,29.969999313354492,29.049999237060547,29.829999923706055,0
2022-08-24,28.959999084472656,28.959999084472656,30.149999618530273,28.65999984741211,29.84000015258789,0
2022-08-25,28.079999923706055,28.079999923706055,29.389999389648438,27.969999313354492,28.940000534057617,0
2022-08-26,31.719999313354492,31.719999313354492,31.770000457763672,24.8799991607666,28.34000015258789,0
2022-08-29,32.29999923706055,32.29999923706055,33.22999954223633,31.719999313354492,33.15999984741211,0
2022-08-30,32.119998931884766,32.119998931884766,33.560001373291016,31.90999984741211,31.950000762939453,0
2022-08-31,32.189998626708984,32.189998626708984,32.40999984741211,31.34000015258789,32.0,0
2022-09-01,32.2599983215332,32.2599983215332,33.810001373291016,32.08000183105469,32.91999816894531,0
2022-09-02,32.31999969482422,32.31999969482422,33.0099983215332,30.170000076293945,31.030000686645508,0
2022-09-06,33.59000015258789,33.59000015258789,34.470001220703125,32.75,32.7599983215332,0
2022-09-07,31.559999465942383,31.559999465942383,33.4900016784668,31.3799991607666,33.4900016784668,0
2022-09-08,30.479999542236328,30.479999542236328,32.380001068115234,29.799999237060547,32.22999954223633,0
2022-09-09,29.229999542236328,29.229999542236328,30.110000610351562,28.979999542236328,29.950000762939453,0
2022-09-12,29.809999465942383,29.809999465942383,30.18000030517578,29.540000915527344,29.790000915527344,0
2022-09-13,33.18000030517578,33.18000030517578,33.95000076293945,30.520000457763672,30.950000762939453,0
2022-09-14,32.56999969482422,32.56999969482422,33.63999938964844,32.34000015258789,33.15999984741211,0
2022-09-15,32.650001525878906,32.650001525878906,33.349998474121094,31.780000686645508,33.08000183105469,0
2022-09-16,32.83000183105469,32.83000183105469,34.81999969482422,32.7599983215332,34.16999816894531,0
2022-09-19,32.36000061035156,32.36000061035156,34.5099983215332,31.969999313354492,34.5099983215332,0
2022-09-20,33.29999923706055,33.29999923706055,34.04999923706055,32.720001220703125,33.34000015258789,0
2022-09-21,33.869998931884766,33.869998931884766,34.130001068115234,15.699999809265137,33.470001220703125,0
2022-09-22,32.91999816894531,32.91999816894531,34.16999816894531,32.47999954223633,33.560001373291016,0
2022-09-23,34.880001068115234,34.880001068115234,36.65999984741211,33.02000045776367,34.15999984741211,0
2022-09-26,36.93000030517578,36.93000030517578,37.119998931884766,34.88999938964844,36.47999954223633,0
2022-09-27,37.150001525878906,37.150001525878906,38.61000061035156,35.33000183105469,35.97999954223633,0
2022-09-28,35.5099983215332,35.5099983215332,38.310001373291016,33.22999954223633,37.560001373291016,0
2022-09-29,36.90999984741211,36.90999984741211,38.25,36.56999969482422,36.619998931884766,0
2022-09-30,36.61000061035156,36.61000061035156,38.13999938964844,35.25,37.66999816894531,0
2022-10-03,35.560001373291016,35.560001373291016,37.47999954223633,35.5,37.04999923706055,0
2022-10-04,34.41999816894531,34.41999816894531,34.959999084472656,33.95000076293945,34.86000061035156,0
2022-10-05,34.33000183105469,34.33000183105469,35.54999923706055,34.06999969482422,35.22999954223633,0
2022-10-06,35.84000015258789,35.84000015258789,35.959999084472656,34.470001220703125,34.59000015258789,0
2022-10-07,36.86000061035156,36.86000061035156,37.40999984741211,36.119998931884766,36.189998626708984,0
2022-10-10,38.56999969482422,38.56999969482422,39.77000045776367,38.040000915527344,38.25,0
2022-10-11,39.380001068115234,39.380001068115234,39.869998931884766,34.83000183105469,39.45000076293945,0
2022-10-12,39.5099983215332,39.5099983215332,40.20000076293945,39.11000061035156,39.849998474121094,0
2022-10-13,38.27000045776367,38.27000045776367,39.45000076293945,25.520000457763672,39.099998474121094,0
2022-10-14,37.75,37.75,39.119998931884766,35.0,37.869998931884766,0
2022-10-17,37.06999969482422,37.06999969482422,37.939998626708984,37.029998779296875,37.790000915527344,0
2022-10-18,36.11000061035156,36.11000061035156,37.2400016784668,36.09000015258789,36.630001068115234,0
2022-10-19,36.369998931884766,36.369998931884766,37.400001525878906,35.630001068115234,36.810001373291016,0
2022-10-20,35.77000045776367,35.77000045776367,36.72999954223633,34.220001220703125,36.47999954223633,0
2022-10-21,35.25,35.25,36.439998626708984,33.83000183105469,35.970001220703125,0
2022-10-24,35.5,35.5,36.66999816894531,24.3700008392334,36.130001068115234,0
2022-10-25,34.13999938964844,34.13999938964844,35.619998931884766,16.049999237060547,35.369998931884766,0
2022-10-26,33.279998779296875,33.279998779296875,34.45000076293945,28.209999084472656,34.45000076293945,0
2022-10-27,33.81999969482422,33.81999969482422,33.9900016784668,18.209999084472656,33.560001373291016,0
2022-10-28,31.860000610351562,31.860000610351562,33.2599983215332,16.809999465942383,33.220001220703125,0
2022-10-31,31.15999984741211,31.15999984741211,33.689998626708984,31.15999984741211,33.22999954223633,0
2022-11-01,31.989999771118164,31.989999771118164,32.15999984741211,31.079999923706055,31.6299991607666,0
2022-11-02,32.099998474121094,32.099998474121094,32.81999969482422,9.9399995803833,32.529998779296875,0
2022-11-03,31.790000915527344,31.790000915527344,33.189998626708984,31.68000030517578,33.119998931884766,0
2022-11-04,30.860000610351562,30.860000610351562,31.729999542236328,30.329999923706055,31.1299991607666,0
2022-11-07,30.84000015258789,30.84000015258789,32.18000030517578,28.780000686645508,31.829999923706055,0
2022-11-08,31.530000686645508,31.530000686645508,32.72999954223633,30.649999618530273,30.920000076293945,0
2022-11-09,32.4900016784668,32.4900016784668,32.619998931884766,31.40999984741211,31.860000610351562,0
2022-11-10,30.350000381469727,30.350000381469727,30.3799991607666,29.010000228881836,29.290000915527344,0
2022-11-11,28.969999313354492,28.969999313354492,30.68000030517578,28.3799991607666,30.459999084472656,0
2022-11-14,30.020000457763672,30.020000457763672,30.729999542236328,29.360000610351562,30.690000534057617,0
2022-11-15,30.299999237060547,30.299999237060547,32.209999084472656,29.3700008392334,29.639999389648438,0
2022-11-16,30.049999237060547,30.049999237060547,30.719999313354492,29.670000076293945,30.610000610351562,0
2022-11-17,30.020000457763672,30.020000457763672,31.200000762939453,29.510000228881836,31.030000686645508,0
2022-11-18,29.25,29.25,30.030000686645508,29.010000228881836,29.600000381469727,0
2022-11-21,29.0,29.0,30.329999923706055,28.649999618530273,30.229999542236328,0
2022-11-22,27.790000915527344,27.790000915527344,29.010000228881836,27.270000457763672,28.959999084472656,0
2022-11-23,26.65999984741211,26.65999984741211,28.200000762939453,26.200000762939453,28.059999465942383,0
2022-11-25,26.790000915527344,26.790000915527344,27.540000915527344,26.760000228881836,27.18000030517578,0
2022-11-28,28.309999465942383,28.309999465942383,28.6299991607666,27.889999389648438,28.489999771118164,0
2022-11-29,28.360000610351562,28.360000610351562,29.079999923706055,27.760000228881836,28.3700008392334,0
2022-11-30,26.459999084472656,26.459999084472656,28.950000762939453,26.170000076293945,28.68000030517578,0
2022-12-01,26.09000015258789,26.09000015258789,27.329999923706055,25.489999771118164,26.81999969482422,0
2022-12-02,24.780000686645508,24.780000686645508,26.649999618530273,24.25,26.440000534057617,0
2022-12-05,26.15999984741211,26.15999984741211,26.610000610351562,25.479999542236328,26.09000015258789,0
2022-12-06,27.530000686645508,27.530000686645508,28.059999465942383,25.920000076293945,26.06999969482422,0
2022-12-07,28.110000610351562,28.110000610351562,28.6299991607666,27.850000381469727,28.06999969482422,0
2022-12-08,27.59000015258789,27.59000015258789,28.829999923706055,27.540000915527344,28.25,0
2022-12-09,27.940000534057617,27.940000534057617,28.540000915527344,27.450000762939453,28.280000686645508,0
2022-12-12,30.059999465942383,30.059999465942383,30.219999313354492,29.59000015258789,29.700000762939453,0
2022-12-13,26.90999984741211,26.90999984741211,28.469999313354492,26.239999771118164,27.760000228881836,0
2022-12-14,25.75,25.75,27.8700008392334,11.920000076293945,27.549999237060547,0
2022-12-15,27.34000015258789,27.34000015258789,28.450000762939453,26.139999389648438,26.290000915527344,0
2022-12-16,27.329999923706055,27.329999923706055,27.920000076293945,22.799999237060547,27.8799991607666,0
2022-12-19,27.40999984741211,27.40999984741211,27.780000686645508,26.649999618530273,27.639999389648438,0
2022-12-20,26.649999618530273,26.649999618530273,28.0,26.260000228881836,27.790000915527344,0
2022-12-21,25.149999618530273,25.149999618530273,26.229999542236328,25.139999389648438,26.020000457763672,0
2022-12-22,27.350000381469727,27.350000381469727,29.559999465942383,25.75,25.760000228881836,0
2022-12-23,26.329999923706055,26.329999923706055,28.329999923706055,26.1200008392334,27.530000686645508,0
2022-12-27,27.780000686645508,27.780000686645508,28.809999465942383,27.75,28.1200008392334,0
2022-12-28,28.3799991607666,28.3799991607666,28.65999984741211,27.309999465942383,28.110000610351562,0
2022-12-29,27.360000610351562,27.360000610351562,28.280000686645508,27.010000228881836,28.110000610351562,0
2022-12-30,27.600000381469727,27.600000381469727,28.639999389648438,27.15999984741211,28.200000762939453,0
2023-01-03,29.110000610351562,29.110000610351562,30.079999923706055,28.690000534057617,29.059999465942383,0
2023-01-04,28.360000610351562,28.360000610351562,29.549999237060547,5.849999904632568,29.0,0
2023-01-05,28.809999465942383,28.809999465942383,29.459999084472656,28.3799991607666,28.670000076293945,0
2023-01-06,26.959999084472656,26.959999084472656,28.790000915527344,26.469999313354492,28.450000762939453,0
2023-01-09,27.860000610351562,27.860000610351562,28.0,27.25,27.549999237060547,0
2023-01-10,26.940000534057617,26.940000534057617,28.290000915527344,26.75,28.18000030517578,0
2023-01-11,27.34000015258789,27.34000015258789,27.469999313354492,26.8700008392334,27.15999984741211,0
2023-01-12,24.760000228881836,24.760000228881836,26.399999618530273,24.540000915527344,25.8700008392334,0
2023-01-13,23.81999969482422,23.81999969482422,25.190000534057617,23.139999389648438,25.190000534057617,0
2023-01-17,24.75,24.75,25.75,24.420000076293945,25.450000762939453,0
2023-01-18,25.510000228881836,25.510000228881836,25.790000915527344,24.260000228881836,24.510000228881836,0
2023-01-19,25.280000686645508,25.280000686645508,26.299999237060547,24.770000457763672,25.920000076293945,0
2023-01-20,24.540000915527344,24.540000915527344,25.309999465942383,24.040000915527344,25.100000381469727,0
2023-01-23,24.610000610351562,24.610000610351562,25.18000030517578,24.450000762939453,25.010000228881836,0
2023-01-24,24.549999237060547,24.549999237060547,25.479999542236328,24.079999923706055,24.969999313354492,0
2023-01-25,24.540000915527344,24.540000915527344,26.770000457763672,24.190000534057617,24.75,0
2023-01-26,25.010000228881836,25.010000228881836,25.049999237060547,24.420000076293945,24.469999313354492,0
2023-01-27,24.56999969482422,24.56999969482422,24.940000534057617,23.93000030517578,24.940000534057617,0
2023-01-30,26.25,26.25,26.559999465942383,25.739999771118164,25.899999618530273,0
2023-01-31,25.790000915527344,25.790000915527344,26.670000076293945,25.3799991607666,26.360000610351562,0
2023-02-01,24.040000915527344,24.040000915527344,26.280000686645508,23.079999923706055,26.110000610351562,0
2023-02-02,25.059999465942383,25.059999465942383,25.860000610351562,23.299999237060547,24.059999465942383,0
2023-02-03,25.399999618530273,25.399999618530273,25.739999771118164,21.950000762939453,24.309999465942383,0
2023-02-06,25.889999389648438,25.889999389648438,26.670000076293945,25.600000381469727,26.479999542236328,0
2023-02-07,25.459999084472656,25.459999084472656,26.350000381469727,20.969999313354492,26.15999984741211,0
2023-02-08,26.450000762939453,26.450000762939453,26.780000686645508,19.739999771118164,25.729999542236328,0
2023-02-09,27.639999389648438,27.639999389648438,28.440000534057617,26.09000015258789,26.1299991607666,0
2023-02-10,27.09000015258789,27.09000015258789,28.479999542236328,26.84000015258789,28.139999389648438,0
2023-02-13,27.260000228881836,27.260000228881836,28.350000381469727,26.889999389648438,28.280000686645508,0
2023-02-14,25.059999465942383,25.059999465942383,26.170000076293945,24.440000534057617,25.84000015258789,0
2023-02-15,24.09000015258789,24.09000015258789,25.209999084472656,23.639999389648438,25.1299991607666,0
2023-02-16,26.059999465942383,26.059999465942383,26.1299991607666,24.079999923706055,25.530000686645508,0
2023-02-17,25.81999969482422,25.81999969482422,27.1200008392334,25.56999969482422,26.8700008392334,0
2023-02-21,28.56999969482422,28.56999969482422,29.209999084472656,27.969999313354492,28.489999771118164,0
2023-02-22,28.020000457763672,28.020000457763672,29.09000015258789,27.59000015258789,28.979999542236328,0
2023-02-23,26.829999923706055,26.829999923706055,28.260000228881836,26.40999984741211,27.389999389648438,0
2023-02-24,27.18000030517578,27.18000030517578,28.559999465942383,27.020000457763672,27.979999542236328,0
2023-02-27,26.649999618530273,26.649999618530273,27.200000762939453,26.43000030517578,27.079999923706055,0
2023-02-28,26.399999618530273,26.399999618530273,27.079999923706055,25.75,26.940000534057617,0
2023-03-01,26.479999542236328,26.479999542236328,27.06999969482422,25.56999969482422,26.440000534057617,0
2023-03-02,25.700000762939453,25.700000762939453,27.1200008392334,25.25,27.030000686645508,0
2023-03-03,24.360000610351562,24.360000610351562,25.440000534057617,23.940000534057617,25.440000534057617,0
2023-03-06,24.25,24.25,24.790000915527344,23.81999969482422,24.760000228881836,0
2023-03-07,24.649999618530273,24.649999618530273,25.020000457763672,23.81999969482422,24.389999389648438,0
2023-03-08,24.079999923706055,24.079999923706055,25.079999923706055,23.860000610351562,24.799999237060547,0
2023-03-09,26.549999237060547,26.549999237060547,27.260000228881836,23.959999084472656,24.329999923706055,0
2023-03-10,27.940000534057617,27.940000534057617,31.200000762939453,26.09000015258789,26.350000381469727,0
2023-03-13,29.389999389648438,29.389999389648438,32.599998474121094,27.8799991607666,31.709999084472656,0
2023-03-14,26.719999313354492,26.719999313354492,27.850000381469727,16.850000381469727,26.889999389648438,0
2023-03-15,28.690000534057617,28.690000534057617,31.3799991607666,27.719999313354492,28.850000381469727,0
2023-03-16,26.6200008392334,26.6200008392334,29.719999313354492,26.229999542236328,29.469999313354492,0
2023-03-17,28.350000381469727,28.350000381469727,29.489999771118164,26.389999389648438,27.110000610351562,0
2023-03-20,27.549999237060547,27.549999237060547,29.649999618530273,27.219999313354492,29.229999542236328,0
2023-03-21,25.68000030517578,25.68000030517578,26.5,25.309999465942383,26.219999313354492,0
2023-03-22,26.600000381469727,26.600000381469727,26.670000076293945,24.1299991607666,25.530000686645508,0
2023-03-23,26.559999465942383,26.559999465942383,28.139999389648438,24.469999313354492,25.350000381469727,0
2023-03-24,25.780000686645508,25.780000686645508,28.59000015258789,23.959999084472656,27.34000015258789,0
2023-03-27,25.06999969482422,25.06999969482422,26.110000610351562,24.68000030517578,25.850000381469727,0
2023-03-28,24.5,24.5,25.850000381469727,24.469999313354492,25.6299991607666,0
2023-03-29,23.989999771118164,23.989999771118164,24.260000228881836,23.360000610351562,23.860000610351562,0
2023-03-30,23.989999771118164,23.989999771118164,24.780000686645508,23.56999969482422,23.809999465942383,0
2023-03-31,23.600000381469727,23.600000381469727,24.079999923706055,23.059999465942383,23.959999084472656,0
2023-04-03,23.670000076293945,23.670000076293945,24.959999084472656,23.440000534057617,24.959999084472656,0
2023-04-04,24.280000686645508,24.280000686645508,25.030000686645508,23.700000762939453,23.93000030517578,0
2023-04-05,24.6200008392334,24.6200008392334,25.479999542236328,24.25,24.889999389648438,0
2023-04-06,23.860000610351562,23.860000610351562,25.5,23.5,25.239999771118164,0
2023-04-10,24.559999465942383,24.559999465942383,25.700000762939453,24.309999465942383,25.5,0
2023-04-11,24.709999084472656,24.709999084472656,24.969999313354492,24.18000030517578,24.899999618530273,0
2023-04-12,24.489999771118164,24.489999771118164,25.100000381469727,23.68000030517578,24.540000915527344,0
2023-04-13,23.280000686645508,23.280000686645508,24.229999542236328,22.790000915527344,23.969999313354492,0
2023-04-14,22.219999313354492,22.219999313354492,23.530000686645508,19.489999771118164,23.5,0
2023-04-17,21.90999984741211,21.90999984741211,23.100000381469727,21.399999618530273,23.049999237060547,0
2023-04-18,21.40999984741211,21.40999984741211,22.219999313354492,20.940000534057617,21.860000610351562,0
2023-04-19,21.239999771118164,21.239999771118164,21.889999389648438,20.81999969482422,21.75,0
2023-04-20,21.770000457763672,21.770000457763672,22.260000228881836,20.8799991607666,22.1299991607666,0
2023-04-21,21.290000915527344,21.290000915527344,22.270000457763672,21.059999465942383,21.920000076293945,0
2023-04-24,21.520000457763672,21.520000457763672,22.329999923706055,21.219999313354492,22.290000915527344,0
2023-04-25,22.969999313354492,22.969999313354492,24.049999237060547,19.81999969482422,22.43000030517578,0
2023-04-26,22.770000457763672,22.770000457763672,23.520000457763672,22.25,23.200000762939453,0
2023-04-27,21.049999237060547,21.049999237060547,21.950000762939453,20.579999923706055,21.93000030517578,0
2023-04-28,20.1200008392334,20.1200008392334,21.139999389648438,19.969999313354492,21.079999923706055,0
2023-05-01,20.190000534057617,20.190000534057617,20.780000686645508,19.729999542236328,20.770000457763672,0
2023-05-02,21.6299991607666,21.6299991607666,23.219999313354492,20.40999984741211,20.59000015258789,0
2023-05-03,22.030000686645508,22.030000686645508,22.43000030517578,12.1899995803833,21.75,0
2023-05-04,23.139999389648438,23.139999389648438,24.1200008392334,22.440000534057617,22.850000381469727,0
2023-05-05,20.360000610351562,20.360000610351562,21.56999969482422,19.899999618530273,21.56999969482422,0
2023-05-08,20.309999465942383,20.309999465942383,21.260000228881836,19.8700008392334,21.139999389648438,0
2023-05-09,20.850000381469727,20.850000381469727,21.110000610351562,20.350000381469727,21.020000457763672,0
2023-05-10,19.760000228881836,19.760000228881836,21.100000381469727,19.260000228881836,19.760000228881836,0
2023-05-11,19.399999618530273,19.399999618530273,20.84000015258789,18.850000381469727,20.350000381469727,0
2023-05-12,19.530000686645508,19.530000686645508,20.459999084472656,18.489999771118164,19.200000762939453,0
2023-05-15,19.549999237060547,19.549999237060547,20.709999084472656,19.100000381469727,20.3799991607666,0
2023-05-16,19.84000015258789,19.84000015258789,20.280000686645508,19.239999771118164,19.93000030517578,0
2023-05-17,19.15999984741211,19.15999984741211,19.950000762939453,18.350000381469727,19.43000030517578,0
2023-05-18,19.31999969482422,19.31999969482422,19.559999465942383,18.739999771118164,19.1200008392334,0
2023-05-19,19.68000030517578,19.68000030517578,20.309999465942383,19.25,19.25,0
2023-05-22,19.969999313354492,19.969999313354492,20.350000381469727,19.360000610351562,20.0,0
2023-05-23,20.989999771118164,20.989999771118164,21.56999969482422,19.760000228881836,20.389999389648438,0
2023-05-24,22.399999618530273,22.399999618530273,22.899999618530273,21.540000915527344,22.100000381469727,0
2023-05-25,21.690000534057617,21.690000534057617,22.780000686645508,21.299999237060547,22.020000457763672,0
2023-05-26,22.209999084472656,22.209999084472656,22.6200008392334,20.829999923706055,21.65999984741211,0
2023-05-30,22.420000076293945,22.420000076293945,23.190000534057617,21.729999542236328,21.889999389648438,0
2023-05-31,22.1200008392334,22.1200008392334,22.850000381469727,21.1299991607666,22.579999923706055,0
2023-06-01,20.459999084472656,20.459999084472656,21.799999237060547,19.950000762939453,21.65999984741211,0
2023-06-02,19.290000915527344,19.290000915527344,20.290000915527344,19.260000228881836,20.200000762939453,0
2023-06-05,19.420000076293945,19.420000076293945,20.209999084472656,18.979999542236328,19.920000076293945,0
2023-06-06,18.540000915527344,18.540000915527344,19.639999389648438,18.049999237060547,18.8700008392334,0
2023-06-07,19.209999084472656,19.209999084472656,19.420000076293945,18.329999923706055,18.579999923706055,0
2023-06-08,18.65999984741211,18.65999984741211,19.579999923706055,18.139999389648438,19.31999969482422,0
2023-06-09,18.889999389648438,18.889999389648438,19.1200008392334,18.18000030517578,18.729999542236328,0
2023-06-12,20.459999084472656,20.459999084472656,20.5,19.479999542236328,19.610000610351562,0
2023-06-13,20.059999465942383,20.059999465942383,20.559999465942383,19.3700008392334,20.09000015258789,0
2023-06-14,19.719999313354492,19.719999313354492,20.690000534057617,19.25,20.020000457763672,0
2023-06-15,20.280000686645508,20.280000686645508,20.540000915527344,19.65999984741211,19.950000762939453,0
2023-06-16,19.549999237060547,19.549999237060547,20.719999313354492,19.25,20.399999618530273,0
2023-06-20,19.950000762939453,19.950000762939453,20.6299991607666,19.469999313354492,20.540000915527344,0
2023-06-21,19.290000915527344,19.290000915527344,20.020000457763672,18.6299991607666,20.0,0
2023-06-22,18.81999969482422,18.81999969482422,20.06999969482422,18.360000610351562,19.90999984741211,0
2023-06-23,19.290000915527344,19.290000915527344,19.860000610351562,18.610000610351562,19.56999969482422,0
2023-06-26,20.3700008392334,20.3700008392334,20.6200008392334,13.670000076293945,20.600000381469727,0
2023-06-27,20.079999923706055,20.079999923706055,20.59000015258789,19.649999618530273,20.469999313354492,0
2023-06-28,20.020000457763672,20.020000457763672,20.420000076293945,19.549999237060547,20.399999618530273,0
2023-06-29,19.979999542236328,19.979999542236328,20.579999923706055,19.469999313354492,20.1299991607666,0
2023-06-30,19.549999237060547,19.549999237060547,20.139999389648438,19.0,20.0,0
2023-07-03,19.8700008392334,19.8700008392334,20.170000076293945,19.399999618530273,20.170000076293945,0
2023-07-05,19.90999984741211,19.90999984741211,20.549999237060547,19.520000457763672,19.8700008392334,0
2023-07-06,21.110000610351562,21.110000610351562,21.860000610351562,20.440000534057617,20.670000076293945,0
2023-07-07,20.600000381469727,20.600000381469727,21.1200008392334,19.790000915527344,20.780000686645508,0
2023-07-10,21.079999923706055,21.079999923706055,21.510000228881836,20.600000381469727,21.149999618530273,0
2023-07-11,20.899999618530273,20.899999618530273,21.209999084472656,20.40999984741211,21.110000610351562,0
2023-07-12,19.479999542236328,19.479999542236328,20.440000534057617,18.90999984741211,20.360000610351562,0
2023-07-13,19.780000686645508,19.780000686645508,19.860000610351562,18.790000915527344,19.360000610351562,0
2023-07-14,19.649999618530273,19.649999618530273,20.200000762939453,18.8700008392334,19.889999389648438,0
2023-07-17,19.43000030517578,19.43000030517578,20.229999542236328,19.030000686645508,20.06999969482422,0
2023-07-18,19.290000915527344,19.290000915527344,19.530000686645508,18.760000228881836,19.270000457763672,0
2023-07-19,19.68000030517578,19.68000030517578,19.799999237060547,19.059999465942383,19.270000457763672,0
2023-07-20,20.200000762939453,20.200000762939453,20.729999542236328,19.40999984741211,20.09000015258789,0
2023-07-21,19.610000610351562,19.610000610351562,20.299999237060547,18.989999771118164,20.190000534057617,0
2023-07-24,19.829999923706055,19.829999923706055,20.399999618530273,19.469999313354492,20.209999084472656,0
2023-07-25,19.709999084472656,19.709999084472656,20.149999618530273,14.859999656677246,20.1200008392334,0
2023-07-26,18.989999771118164,18.989999771118164,19.90999984741211,18.40999984741211,19.8700008392334,0
2023-07-27,19.829999923706055,19.829999923706055,20.530000686645508,18.149999618530273,18.610000610351562,0
2023-07-28,18.920000076293945,18.920000076293945,19.56999969482422,18.420000076293945,19.280000686645508,0
2023-07-31,19.31999969482422,19.31999969482422,19.780000686645508,18.8799991607666,19.200000762939453,0
2023-08-01,19.670000076293945,19.670000076293945,19.850000381469727,19.020000457763672,19.799999237060547,0
2023-08-02,22.1299991607666,22.1299991607666,22.549999237060547,20.760000228881836,20.770000457763672,0
2023-08-03,22.079999923706055,22.079999923706055,23.309999465942383,21.729999542236328,22.65999984741211,0
2023-08-04,22.020000457763672,22.020000457763672,22.200000762939453,19.979999542236328,21.520000457763672,0
2023-08-07,20.81999969482422,20.81999969482422,22.139999389648438,20.690000534057617,21.600000381469727,0
2023-08-08,21.06999969482422,21.06999969482422,22.81999969482422,20.8700008392334,21.540000915527344,0
2023-08-09,21.5,21.5,22.09000015258789,20.799999237060547,20.969999313354492,0
2023-08-10,21.030000686645508,21.030000686645508,21.6200008392334,18.309999465942383,20.93000030517578,0
2023-08-11,20.450000762939453,20.450000762939453,21.920000076293945,20.329999923706055,21.65999984741211,0
2023-08-14,20.200000762939453,20.200000762939453,21.940000534057617,19.739999771118164,21.899999618530273,0
2023-08-15,21.3700008392334,21.3700008392334,21.520000457763672,20.200000762939453,20.81999969482422,0
2023-08-16,22.079999923706055,22.079999923706055,22.1299991607666,20.860000610351562,21.34000015258789,0
2023-08-17,22.709999084472656,22.709999084472656,23.1200008392334,21.6299991607666,21.790000915527344,0
2023-08-18,22.010000228881836,22.010000228881836,23.540000915527344,21.31999969482422,23.329999923706055,0
2023-08-21,21.889999389648438,21.889999389648438,22.600000381469727,21.5,22.540000915527344,0
2023-08-22,21.81999969482422,21.81999969482422,22.299999237060547,21.610000610351562,21.760000228881836,0
2023-08-23,21.360000610351562,21.360000610351562,21.799999237060547,20.889999389648438,21.739999771118164,0
2023-08-24,22.579999923706055,22.579999923706055,22.6299991607666,20.84000015258789,20.850000381469727,0
2023-08-25,20.8799991607666,20.8799991607666,22.920000076293945,19.190000534057617,22.200000762939453,0
2023-08-28,20.389999389648438,20.389999389648438,21.469999313354492,19.979999542236328,21.31999969482422,0
2023-08-29,19.329999923706055,19.329999923706055,20.559999465942383,15.699999809265137,20.520000457763672,0
2023-08-30,19.06999969482422,19.06999969482422,19.649999618530273,18.360000610351562,19.3799991607666,0
2023-08-31,18.739999771118164,18.739999771118164,19.219999313354492,17.959999084472656,19.040000915527344,0
2023-09-01,18.40999984741211,18.40999984741211,18.93000030517578,17.90999984741211,18.530000686645508,0
2023-09-05,19.399999618530273,19.399999618530273,19.860000610351562,18.610000610351562,19.81999969482422,0
2023-09-06,19.790000915527344,19.790000915527344,20.360000610351562,18.93000030517578,19.65999984741211,0
2023-09-07,19.950000762939453,19.950000762939453,21.350000381469727,19.549999237060547,21.030000686645508,0
2023-09-08,19.149999618530273,19.149999618530273,19.989999771118164,18.899999618530273,19.989999771118164,0
2023-09-11,18.84000015258789,18.84000015258789,19.56999969482422,18.459999084472656,19.489999771118164,0
2023-09-12,19.209999084472656,19.209999084472656,19.309999465942383,18.690000534057617,19.209999084472656,0
2023-09-13,18.06999969482422,18.06999969482422,18.989999771118164,17.940000534057617,18.969999313354492,0
2023-09-14,17.25,17.25,18.299999237060547,17.010000228881836,18.239999771118164,0
2023-09-15,18.690000534057617,18.690000534057617,19.030000686645508,17.440000534057617,17.559999465942383,0
2023-09-18,18.959999084472656,18.959999084472656,19.8799991607666,18.43000030517578,19.860000610351562,0
2023-09-19,19.209999084472656,19.209999084472656,20.110000610351562,18.600000381469727,19.59000015258789,0
2023-09-20,20.459999084472656,20.459999084472656,20.520000457763672,18.399999618530273,19.290000915527344,0
2023-09-21,22.479999542236328,22.479999542236328,22.479999542236328,21.06999969482422,21.06999969482422,0
2023-09-22,22.010000228881836,22.010000228881836,22.020000457763672,20.719999313354492,21.739999771118164,0
2023-09-25,21.649999618530273,21.649999618530273,22.889999389648438,21.56999969482422,22.719999313354492,0
2023-09-26,22.8700008392334,22.8700008392334,23.469999313354492,22.09000015258789,22.229999542236328,0
2023-09-27,22.34000015258789,22.34000015258789,23.540000915527344,22.25,22.360000610351562,0
2023-09-28,21.530000686645508,21.530000686645508,23.079999923706055,21.229999542236328,22.950000762939453,0
2023-09-29,21.280000686645508,21.280000686645508,21.700000762939453,20.18000030517578,20.81999969482422,0
2023-10-02,21.510000228881836,21.510000228881836,22.309999465942383,21.200000762939453,22.18000030517578,0
2023-10-03,23.770000457763672,23.770000457763672,24.3700008392334,22.209999084472656,22.420000076293945,0
2023-10-04,22.68000030517578,22.68000030517578,23.8799991607666,22.510000228881836,23.6200008392334,0
2023-10-05,22.760000228881836,22.760000228881836,23.899999618530273,22.5,22.780000686645508,0
2023-10-06,21.40999984741211,21.40999984741211,23.68000030517578,21.309999465942383,23.350000381469727,0
2023-10-09,21.81999969482422,21.81999969482422,23.1200008392334,21.75,22.850000381469727,0
2023-10-10,21.1299991607666,21.1299991607666,21.8799991607666,20.829999923706055,21.850000381469727,0
2023-10-11,20.15999984741211,20.15999984741211,21.489999771118164,20.15999984741211,20.670000076293945,0
2023-10-12,20.6299991607666,20.6299991607666,22.06999969482422,19.540000915527344,20.219999313354492,0
2023-10-13,22.75,22.75,24.260000228881836,20.530000686645508,20.739999771118164,0
2023-10-16,21.389999389648438,21.389999389648438,22.600000381469727,20.889999389648438,22.530000686645508,0
2023-10-17,21.959999084472656,21.959999084472656,23.149999618530273,21.420000076293945,22.639999389648438,0
2023-10-18,23.440000534057617,23.440000534057617,24.149999618530273,22.420000076293945,22.719999313354492,0
2023-10-19,24.739999771118164,24.739999771118164,24.889999389648438,22.34000015258789,23.1200008392334,0
2023-10-20,25.309999465942383,25.309999465942383,25.420000076293945,23.860000610351562,24.540000915527344,0
2023-10-23,23.969999313354492,23.969999313354492,25.889999389648438,23.260000228881836,25.459999084472656,0
2023-10-24,22.34000015258789,22.34000015258789,23.68000030517578,20.719999313354492,23.479999542236328,0
2023-10-25,24.34000015258789,24.34000015258789,24.84000015258789,22.709999084472656,22.709999084472656,0
2023-10-26,24.850000381469727,24.850000381469727,26.100000381469727,24.510000228881836,24.719999313354492,0
2023-10-27,24.440000534057617,24.440000534057617,25.139999389648438,23.549999237060547,24.25,0
2023-10-30,23.610000610351562,23.610000610351562,24.56999969482422,23.329999923706055,24.3799991607666,0
2023-10-31,22.459999084472656,22.459999084472656,24.049999237060547,22.229999542236328,23.649999618530273,0
2023-11-01,20.68000030517578,20.68000030517578,22.299999237060547,20.43000030517578,22.239999771118164,0
2023-11-02,19.540000915527344,19.540000915527344,20.110000610351562,19.15999984741211,20.06999969482422,0
2023-11-03,18.6200008392334,18.6200008392334,19.209999084472656,18.31999969482422,19.149999618530273,0
2023-11-06,18.649999618530273,18.649999618530273,19.399999618530273,18.549999237060547,19.329999923706055,0
2023-11-07,18.450000762939453,18.450000762939453,18.979999542236328,18.059999465942383,18.65999984741211,0
2023-11-08,18.15999984741211,18.15999984741211,18.920000076293945,17.739999771118164,18.459999084472656,0
2023-11-09,19.010000228881836,19.010000228881836,19.260000228881836,18.020000457763672,18.190000534057617,0
2023-11-10,17.950000762939453,17.950000762939453,18.84000015258789,17.549999237060547,18.770000457763672,0
2023-11-13,18.81999969482422,18.81999969482422,19.18000030517578,18.170000076293945,19.1299991607666,0
2023-11-14,17.889999389648438,17.889999389648438,18.200000762939453,17.270000457763672,18.149999618530273,0
2023-11-15,18.09000015258789,18.09000015258789,18.239999771118164,17.059999465942383,17.950000762939453,0
2023-11-16,17.829999923706055,17.829999923706055,18.309999465942383,17.049999237060547,18.010000228881836,0
2023-11-17,17.40999984741211,17.40999984741211,17.8700008392334,16.889999389648438,17.850000381469727,0
2023-11-20,17.139999389648438,17.139999389648438,17.799999237060547,16.639999389648438,17.799999237060547,0
2023-11-21,17.549999237060547,17.549999237060547,17.559999465942383,16.760000228881836,17.43000030517578,0
2023-11-22,16.65999984741211,16.65999984741211,17.139999389648438,16.1200008392334,16.90999984741211,0
2023-11-24,16.1200008392334,16.1200008392334,17.049999237060547,16.1200008392334,17.030000686645508,0
2023-11-27,16.440000534057617,16.440000534057617,16.899999618530273,15.899999618530273,16.770000457763672,0
2023-11-28,16.149999618530273,16.149999618530273,16.600000381469727,15.670000076293945,16.520000457763672,0
2023-11-29,16.520000457763672,16.520000457763672,16.579999923706055,15.579999923706055,16.139999389648438,0
2023-11-30,16.719999313354492,16.719999313354492,17.0,16.100000381469727,16.639999389648438,0
2023-12-01,16.209999084472656,16.209999084472656,16.969999313354492,15.880000114440918,16.93000030517578,0
2023-12-04,17.209999084472656,17.209999084472656,17.6299991607666,16.709999084472656,17.100000381469727,0
2023-12-05,16.989999771118164,16.989999771118164,17.530000686645508,16.75,17.360000610351562,0
2023-12-06,17.030000686645508,17.030000686645508,17.18000030517578,16.489999771118164,16.979999542236328,0
2023-12-07,17.079999923706055,17.079999923706055,17.3799991607666,16.770000457763672,17.139999389648438,0
2023-12-08,15.9399995803833,15.9399995803833,16.93000030517578,15.6899995803833,16.829999923706055,0
2023-12-11,16.270000457763672,16.270000457763672,16.829999923706055,13.5600004196167,16.799999237060547,0
2023-12-12,15.380000114440918,15.380000114440918,16.34000015258789,15.09000015258789,16.290000915527344,0
2023-12-13,15.350000381469727,15.350000381469727,15.869999885559082,14.170000076293945,15.670000076293945,0
2023-12-14,15.420000076293945,15.420000076293945,15.800000190734863,14.890000343322754,15.279999732971191,0
2023-12-15,15.470000267028809,15.470000267028809,15.819999694824219,14.609999656677246,15.319999694824219,0
2023-12-18,15.869999885559082,15.869999885559082,16.020000457763672,15.050000190734863,15.890000343322754,0
2023-12-19,15.800000190734863,15.800000190734863,15.880000114440918,15.050000190734863,15.670000076293945,0
2023-12-20,16.979999542236328,16.979999542236328,17.15999984741211,15.65999984741211,15.84000015258789,0
2023-12-21,17.18000030517578,17.18000030517578,17.8700008392334,16.440000534057617,16.709999084472656,0
2023-12-22,16.6200008392334,16.6200008392334,17.290000915527344,16.25,17.139999389648438,0
2023-12-26,17.0,17.0,17.59000015258789,16.600000381469727,17.559999465942383,0
2023-12-27,16.219999313354492,16.219999313354492,16.950000762939453,16.020000457763672,16.920000076293945,0
2023-12-28,16.360000610351562,16.360000610351562,16.520000457763672,15.890000343322754,16.34000015258789,0
2023-12-29,16.200000762939453,16.200000762939453,16.8700008392334,15.8100004196167,16.5,0
2024-01-02,17.59000015258789,17.59000015258789,18.360000610351562,17.25,17.6200008392334,0
2024-01-03,18.020000457763672,18.020000457763672,18.469999313354492,17.399999618530273,18.15999984741211,0
2024-01-04,17.889999389648438,17.889999389648438,18.25,17.469999313354492,18.229999542236328,0
2024-01-05,17.1299991607666,17.1299991607666,17.530000686645508,17.0,17.510000228881836,0
2024-01-08,16.860000610351562,16.860000610351562,17.709999084472656,16.809999465942383,17.600000381469727,0
2024-01-09,16.549999237060547,16.549999237060547,17.229999542236328,16.520000457763672,17.170000076293945,0
2024-01-10,16.600000381469727,16.600000381469727,16.68000030517578,16.31999969482422,16.649999618530273,0
2024-01-11,16.399999618530273,16.399999618530273,17.190000534057617,16.219999313354492,16.520000457763672,0
2024-01-12,16.540000915527344,16.540000915527344,16.93000030517578,16.139999389648438,16.6200008392334,0
2024-01-16,17.8700008392334,17.8700008392334,18.329999923706055,17.40999984741211,17.8700008392334,0
2024-01-17,18.700000762939453,18.700000762939453,19.40999984741211,18.209999084472656,18.93000030517578,0
2024-01-18,17.950000762939453,17.950000762939453,18.440000534057617,17.559999465942383,18.219999313354492,0
2024-01-19,17.399999618530273,17.399999618530273,18.010000228881836,17.18000030517578,17.81999969482422,0
2024-01-22,17.200000762939453,17.200000762939453,18.1299991607666,16.979999542236328,18.049999237060547,0
2024-01-23,16.549999237060547,16.549999237060547,17.3700008392334,16.229999542236328,17.270000457763672,0
2024-01-24,16.959999084472656,16.959999084472656,17.0,16.09000015258789,16.389999389648438,0
2024-01-25,17.260000228881836,17.260000228881836,17.420000076293945,15.859999656677246,17.110000610351562,0
2024-01-26,17.030000686645508,17.030000686645508,17.549999237060547,16.780000686645508,17.530000686645508,0
2024-01-29,17.389999389648438,17.389999389648438,17.739999771118164,17.15999984741211,17.729999542236328,0
2024-01-30,17.56999969482422,17.56999969482422,17.93000030517578,11.34000015258789,17.530000686645508,0
2024-01-31,18.25,18.25,18.40999984741211,17.389999389648438,17.579999923706055,0
2024-02-01,17.329999923706055,17.329999923706055,18.239999771118164,11.199999809265137,18.190000534057617,0
2024-02-02,17.219999313354492,17.219999313354492,17.799999237060547,17.110000610351562,17.670000076293945,0
2024-02-05,17.56999969482422,17.56999969482422,18.030000686645508,17.239999771118164,17.850000381469727,0
2024-02-06,17.309999465942383,17.309999465942383,17.8700008392334,17.040000915527344,17.610000610351562,0
2024-02-07,16.940000534057617,16.940000534057617,17.34000015258789,16.93000030517578,17.290000915527344,0
2024-02-08,16.959999084472656,16.959999084472656,17.299999237060547,11.829999923706055,17.290000915527344,0
2024-02-09,16.860000610351562,16.860000610351562,17.149999618530273,16.700000762939453,17.149999618530273,0
2024-02-12,18.09000015258789,18.09000015258789,18.969999313354492,17.459999084472656,17.59000015258789,0
2024-02-13,19.489999771118164,19.489999771118164,20.59000015258789,18.709999084472656,18.969999313354492,0
2024-02-14,18.260000228881836,18.260000228881836,19.1299991607666,18.100000381469727,18.84000015258789,0
2024-02-15,17.850000381469727,17.850000381469727,18.56999969482422,17.56999969482422,18.25,0
2024-02-16,18.600000381469727,18.600000381469727,18.639999389648438,17.899999618530273,18.190000534057617,0
2024-02-20,19.780000686645508,19.780000686645508,20.25,19.40999984741211,19.520000457763672,0
2024-02-21,19.600000381469727,19.600000381469727,20.209999084472656,19.530000686645508,20.149999618530273,0
2024-02-22,18.389999389648438,18.389999389648438,18.520000457763672,18.100000381469727,18.3700008392334,0
2024-02-23,17.700000762939453,17.700000762939453,18.40999984741211,17.700000762939453,18.270000457763672,0
2024-02-26,17.829999923706055,17.829999923706055,18.290000915527344,17.700000762939453,18.209999084472656,0
2024-02-27,17.579999923706055,17.579999923706055,18.010000228881836,17.239999771118164,17.850000381469727,0
2024-02-28,17.860000610351562,17.860000610351562,17.8799991607666,17.5,17.81999969482422,0
2024-02-29,17.209999084472656,17.209999084472656,17.799999237060547,16.1299991607666,17.479999542236328,0
2024-03-01,17.200000762939453,17.200000762939453,17.459999084472656,16.959999084472656,17.209999084472656,0
2024-03-04,17.600000381469727,17.600000381469727,17.639999389648438,17.31999969482422,17.6200008392334,0
2024-03-05,18.459999084472656,18.459999084472656,19.020000457763672,17.969999313354492,18.059999465942383,0
2024-03-06,18.540000915527344,18.540000915527344,18.719999313354492,17.979999542236328,17.989999771118164,0
2024-03-07,18.610000610351562,18.610000610351562,18.81999969482422,18.350000381469727,18.3799991607666,0
2024-03-08,19.040000915527344,19.040000915527344,19.639999389648438,18.229999542236328,18.389999389648438,0
2024-03-11,19.3700008392334,19.3700008392334,20.309999465942383,19.34000015258789,20.049999237060547,0
2024-03-12,18.1299991607666,18.1299991607666,19.18000030517578,7.119999885559082,18.899999618530273,0
2024-03-13,17.90999984741211,17.90999984741211,18.40999984741211,17.760000228881836,18.329999923706055,0
2024-03-14,18.610000610351562,18.610000610351562,18.940000534057617,17.93000030517578,17.93000030517578,0
2024-03-15,19.25,19.25,19.989999771118164,18.799999237060547,19.059999465942383,0
2024-03-18,19.399999618530273,19.399999618530273,19.850000381469727,19.229999542236328,19.639999389648438,0
2024-03-19,18.780000686645508,18.780000686645508,19.770000457763672,18.729999542236328,19.649999618530273,0
2024-03-20,17.549999237060547,17.549999237060547,19.15999984741211,15.359999656677246,19.100000381469727,0
2024-03-21,17.3799991607666,17.3799991607666,17.6299991607666,16.600000381469727,17.229999542236328,0
2024-03-22,17.040000915527344,17.040000915527344,17.479999542236328,16.850000381469727,17.469999313354492,0
2024-03-25,17.229999542236328,17.229999542236328,17.670000076293945,17.100000381469727,17.649999618530273,0
2024-03-26,17.100000381469727,17.100000381469727,17.329999923706055,16.780000686645508,17.329999923706055,0
2024-03-27,16.610000610351562,16.610000610351562,17.399999618530273,16.600000381469727,17.0,0
2024-03-28,16.65999984741211,16.65999984741211,16.889999389648438,16.489999771118164,16.790000915527344,0
2024-04-01,17.559999465942383,17.559999465942383,18.049999237060547,17.440000534057617,17.59000015258789,0
2024-04-02,18.18000030517578,18.18000030517578,18.979999542236328,18.059999465942383,18.489999771118164,0
2024-04-03,18.040000915527344,18.040000915527344,18.780000686645508,17.93000030517578,18.760000228881836,0
2024-04-04,19.950000762939453,19.950000762939453,20.100000381469727,17.6200008392334,17.739999771118164,0
2024-04-05,19.229999542236328,19.229999542236328,19.799999237060547,16.34000015258789,19.59000015258789,0
2024-04-08,18.770000457763672,18.770000457763672,19.760000228881836,18.770000457763672,19.450000762939453,0
2024-04-09,18.559999465942383,18.559999465942383,19.889999389648438,18.559999465942383,18.760000228881836,0
2024-04-10,18.989999771118164,18.989999771118164,19.5,17.239999771118164,19.25,0
2024-04-11,18.399999618530273,18.399999618530273,19.770000457763672,18.399999618530273,19.239999771118164,0
2024-04-12,20.389999389648438,20.389999389648438,21.6299991607666,19.34000015258789,19.780000686645508,0
2024-04-15,22.84000015258789,22.84000015258789,22.860000610351562,20.020000457763672,20.25,0
2024-04-16,22.010000228881836,22.010000228881836,23.209999084472656,21.389999389648438,22.889999389648438,0
2024-04-17,22.209999084472656,22.209999084472656,22.81999969482422,21.399999618530273,21.860000610351562,0
2024-04-18,21.639999389648438,21.639999389648438,22.360000610351562,20.889999389648438,21.729999542236328,0
2024-04-19,22.950000762939453,22.950000762939453,23.34000015258789,21.780000686645508,22.56999969482422,0
2024-04-22,21.110000610351562,21.110000610351562,22.329999923706055,20.899999618530273,22.239999771118164,0
2024-04-23,19.84000015258789,19.84000015258789,20.920000076293945,19.780000686645508,20.920000076293945,0
2024-04-24,20.43000030517578,20.43000030517578,20.65999984741211,20.06999969482422,20.270000457763672,0
2024-04-25,20.3700008392334,20.3700008392334,21.610000610351562,20.280000686645508,21.139999389648438,0
2024-04-26,19.329999923706055,19.329999923706055,20.010000228881836,19.190000534057617,19.950000762939453,0
2024-04-29,19.219999313354492,19.219999313354492,19.799999237060547,19.219999313354492,19.290000915527344,0
2024-04-30,18.43000030517578,18.43000030517578,20.229999542236328,18.43000030517578,19.459999084472656,0
2024-05-01,19.43000030517578,19.43000030517578,20.229999542236328,15.010000228881836,20.149999618530273,0
2024-05-02,18.729999542236328,18.729999542236328,20.010000228881836,18.6299991607666,19.270000457763672,0
2024-05-03,17.399999618530273,17.399999618530273,18.030000686645508,17.389999389648438,17.950000762939453,0
2024-05-06,17.420000076293945,17.420000076293945,17.889999389648438,17.399999618530273,17.850000381469727,0
2024-05-07,16.90999984741211,16.90999984741211,17.520000457763672,16.90999984741211,17.43000030517578,0
2024-05-08,16.799999237060547,16.799999237060547,17.290000915527344,16.690000534057617,17.280000686645508,0
2024-05-09,16.670000076293945,16.670000076293945,17.0,16.610000610351562,16.850000381469727,0
2024-05-10,16.459999084472656,16.459999084472656,16.8799991607666,16.3799991607666,16.799999237060547,0
2024-05-13,17.399999618530273,17.399999618530273,17.549999237060547,17.299999237060547,17.299999237060547,0
2024-05-14,17.290000915527344,17.290000915527344,17.639999389648438,16.959999084472656,17.56999969482422,0
2024-05-15,16.34000015258789,16.34000015258789,16.829999923706055,16.059999465942383,16.790000915527344,0
2024-05-16,16.260000228881836,16.260000228881836,16.440000534057617,15.899999618530273,16.329999923706055,0
2024-05-17,15.850000381469727,15.850000381469727,16.31999969482422,15.770000457763672,16.299999237060547,0
2024-05-20,15.920000076293945,15.920000076293945,16.31999969482422,15.920000076293945,16.270000457763672,0
2024-05-21,15.510000228881836,15.510000228881836,16.1299991607666,15.479999542236328,16.1299991607666,0
2024-05-22,16.399999618530273,16.399999618530273,16.690000534057617,15.210000038146973,15.869999885559082,0
2024-05-23,16.459999084472656,16.459999084472656,17.030000686645508,14.670000076293945,15.130000114440918,0
2024-05-24,15.65999984741211,15.65999984741211,16.280000686645508,15.479999542236328,16.219999313354492,0
2024-05-28,16.56999969482422,16.56999969482422,17.100000381469727,15.930000305175781,16.31999969482422,0
2024-05-29,17.489999771118164,17.489999771118164,17.809999465942383,16.860000610351562,17.610000610351562,0
2024-05-30,17.770000457763672,17.770000457763672,18.059999465942383,16.59000015258789,17.510000228881836,0
2024-05-31,16.700000762939453,16.700000762939453,18.59000015258789,16.100000381469727,17.309999465942383,0
2024-06-03,16.889999389648438,16.889999389648438,17.979999542236328,16.290000915527344,16.829999923706055,0
2024-06-04,16.860000610351562,16.860000610351562,17.549999237060547,16.780000686645508,17.25,0
2024-06-05,16.6299991607666,16.6299991607666,16.8700008392334,16.34000015258789,16.600000381469727,0
2024-06-06,16.43000030517578,16.43000030517578,16.75,16.399999618530273,16.579999923706055,0
2024-06-07,15.880000114440918,15.880000114440918,16.709999084472656,15.829999923706055,16.700000762939453,0
2024-06-10,16.0,16.0,16.59000015258789,15.850000381469727,16.579999923706055,0
2024-06-11,15.829999923706055,15.829999923706055,16.6299991607666,15.8100004196167,16.31999969482422,0
2024-06-12,13.59000015258789,13.59000015258789,15.470000267028809,6.480000019073486,15.470000267028809,0
2024-06-13,15.100000381469727,15.100000381469727,15.670000076293945,14.619999885559082,14.619999885559082,0
2024-06-14,16.049999237060547,16.049999237060547,16.219999313354492,15.399999618530273,15.930000305175781,0
2024-06-17,16.829999923706055,16.829999923706055,17.100000381469727,16.540000915527344,16.889999389648438,0
2024-06-18,16.700000762939453,16.700000762939453,17.229999542236328,16.399999618530273,16.940000534057617,0
2024-06-20,17.260000228881836,17.260000228881836,17.920000076293945,16.739999771118164,16.979999542236328,0
2024-06-21,16.950000762939453,16.950000762939453,17.6299991607666,16.59000015258789,17.530000686645508,0
2024-06-24,17.239999771118164,17.239999771118164,17.770000457763672,16.969999313354492,17.760000228881836,0
2024-06-25,16.700000762939453,16.700000762939453,17.219999313354492,16.639999389648438,17.200000762939453,0
2024-06-26,16.5,16.5,17.040000915527344,16.229999542236328,16.989999771118164,0
2024-06-27,16.290000915527344,16.290000915527344,16.6200008392334,16.25,16.520000457763672,0
2024-06-28,16.239999771118164,16.239999771118164,16.489999771118164,15.90999984741211,16.469999313354492,0
2024-07-01,16.079999923706055,16.079999923706055,17.309999465942383,16.059999465942383,16.959999084472656,0
2024-07-02,16.06999969482422,16.06999969482422,16.639999389648438,15.880000114440918,16.639999389648438,0
2024-07-03,16.280000686645508,16.280000686645508,16.420000076293945,15.890000343322754,16.299999237060547,0
2024-07-05,16.760000228881836,16.760000228881836,16.850000381469727,16.459999084472656,16.5,0
2024-07-08,17.030000686645508,17.030000686645508,17.40999984741211,16.850000381469727,17.34000015258789,0
2024-07-09,17.020000457763672,17.020000457763672,17.280000686645508,16.770000457763672,17.219999313354492,0
2024-07-10,17.280000686645508,17.280000686645508,17.34000015258789,16.920000076293945,17.06999969482422,0
2024-07-11,17.920000076293945,17.920000076293945,18.1299991607666,17.1299991607666,17.209999084472656,0
2024-07-12,17.260000228881836,17.260000228881836,17.93000030517578,17.15999984741211,17.93000030517578,0
2024-07-15,18.350000381469727,18.350000381469727,18.520000457763672,18.010000228881836,18.170000076293945,0
2024-07-16,18.350000381469727,18.350000381469727,18.639999389648438,18.25,18.399999618530273,0
2024-07-17,20.459999084472656,20.459999084472656,20.700000762939453,19.190000534057617,19.34000015258789,0
2024-07-18,21.260000228881836,21.260000228881836,21.739999771118164,19.920000076293945,20.239999771118164,0
2024-07-19,21.510000228881836,21.510000228881836,22.200000762939453,21.1299991607666,21.639999389648438,0
2024-07-22,19.969999313354492,19.969999313354492,21.260000228881836,19.889999389648438,21.25,0
2024-07-23,20.020000457763672,20.020000457763672,20.299999237060547,18.530000686645508,20.219999313354492,0
2024-07-24,23.059999465942383,23.059999465942383,23.299999237060547,20.639999389648438,20.68000030517578,0
2024-07-25,24.110000610351562,24.110000610351562,24.709999084472656,22.3700008392334,23.399999618530273,0
2024-07-26,22.40999984741211,22.40999984741211,23.459999084472656,22.170000076293945,23.420000076293945,0
2024-07-29,22.829999923706055,22.829999923706055,23.399999618530273,22.549999237060547,23.190000534057617,0
2024-07-30,23.940000534057617,23.940000534057617,24.579999923706055,22.690000534057617,22.90999984741211,0
2024-07-31,22.290000915527344,22.290000915527344,22.93000030517578,22.06999969482422,22.739999771118164,0
2024-08-01,24.709999084472656,24.709999084472656,25.559999465942383,21.600000381469727,22.290000915527344,0
2024-08-02,27.709999084472656,27.709999084472656,31.260000228881836,26.3799991607666,26.40999984741211,0
2024-08-05,35.099998474121094,35.099998474121094,40.119998931884766,21.829999923706055,27.709999084472656,0
2024-08-06,29.200000762939453,29.200000762939453,33.0099983215332,27.31999969482422,32.310001373291016,0
2024-08-07,29.020000457763672,29.020000457763672,29.540000915527344,26.149999618530273,26.889999389648438,0
2024-08-08,26.8799991607666,26.8799991607666,28.329999923706055,26.719999313354492,27.450000762939453,0
2024-08-09,24.940000534057617,24.940000534057617,27.670000076293945,24.860000610351562,27.489999771118164,0
2024-08-12,24.93000030517578,24.93000030517578,25.739999771118164,24.229999542236328,25.239999771118164,0
2024-08-13,23.260000228881836,23.260000228881836,24.520000457763672,23.229999542236328,24.489999771118164,0
2024-08-14,21.190000534057617,21.190000534057617,23.079999923706055,21.1299991607666,23.0,0
2024-08-15,20.280000686645508,20.280000686645508,20.65999984741211,19.889999389648438,20.56999969482422,0
2024-08-16,19.940000534057617,19.940000534057617,20.860000610351562,19.899999618530273,20.860000610351562,0
2024-08-19,19.93000030517578,19.93000030517578,21.229999542236328,19.760000228881836,21.209999084472656,0
2024-08-20,21.110000610351562,21.110000610351562,21.360000610351562,20.190000534057617,20.43000030517578,0
2024-08-21,21.219999313354492,21.219999313354492,22.190000534057617,21.170000076293945,21.56999969482422,0
2024-08-22,22.829999923706055,22.829999923706055,23.219999313354492,21.0,21.0,0
2024-08-23,21.110000610351562,21.110000610351562,22.469999313354492,20.899999618530273,22.06999969482422,0
2024-08-26,21.56999969482422,21.56999969482422,22.420000076293945,21.25,21.34000015258789,0
2024-08-27,20.90999984741211,20.90999984741211,22.31999969482422,20.84000015258789,22.010000228881836,0
2024-08-28,22.579999923706055,22.579999923706055,23.149999618530273,21.219999313354492,21.280000686645508,0
2024-08-29,20.579999923706055,20.579999923706055,21.309999465942383,19.790000915527344,20.799999237060547,0
2024-08-30,19.290000915527344,19.290000915527344,20.520000457763672,19.239999771118164,20.329999923706055,0
2024-09-03,23.59000015258789,23.59000015258789,24.68000030517578,20.989999771118164,21.059999465942383,0
2024-09-04,24.200000762939453,24.200000762939453,25.25,22.90999984741211,25.18000030517578,0
2024-09-05,23.540000915527344,23.540000915527344,24.649999618530273,22.6200008392334,24.110000610351562,0
2024-09-06,25.639999389648438,25.639999389648438,26.389999389648438,23.06999969482422,23.299999237060547,0
2024-09-09,23.920000076293945,23.920000076293945,25.1200008392334,23.729999542236328,24.850000381469727,0
2024-09-10,23.6200008392334,23.6200008392334,25.079999923706055,23.520000457763672,23.809999465942383,0
2024-09-11,22.15999984741211,22.15999984741211,25.239999771118164,22.079999923706055,23.360000610351562,0
2024-09-12,21.729999542236328,21.729999542236328,23.06999969482422,21.540000915527344,22.649999618530273,0
2024-09-13,21.280000686645508,21.280000686645508,22.06999969482422,21.0,22.049999237060547,0
2024-09-16,22.510000228881836,22.510000228881836,23.229999542236328,22.34000015258789,22.6299991607666,0
2024-09-17,22.690000534057617,22.690000534057617,23.329999923706055,22.1299991607666,22.3700008392334,0
2024-09-18,22.709999084472656,22.709999084472656,23.719999313354492,21.270000457763672,23.399999618530273,0
2024-09-19,21.09000015258789,21.09000015258789,21.649999618530273,20.780000686645508,20.809999465942383,0
2024-09-20,20.350000381469727,20.350000381469727,21.100000381469727,19.979999542236328,21.079999923706055,0
2024-09-23,19.540000915527344,19.540000915527344,20.65999984741211,19.459999084472656,20.59000015258789,0
2024-09-24,19.25,19.25,20.100000381469727,19.049999237060547,19.549999237060547,0
2024-09-25,19.06999969482422,19.06999969482422,19.520000457763672,19.06999969482422,19.510000228881836,0
2024-09-26,19.290000915527344,19.290000915527344,20.049999237060547,19.06999969482422,19.1299991607666,0
2024-09-27,20.040000915527344,20.040000915527344,20.059999465942383,19.110000610351562,19.360000610351562,0
2024-09-30,20.190000534057617,20.190000534057617,21.09000015258789,20.020000457763672,20.969999313354492,0
2024-10-01,21.670000076293945,21.670000076293945,23.020000457763672,20.489999771118164,20.5,0
2024-10-02,21.350000381469727,21.350000381469727,22.8799991607666,21.170000076293945,22.219999313354492,0
2024-10-03,22.479999542236328,22.479999542236328,23.1200008392334,21.610000610351562,22.34000015258789,0
2024-10-04,21.639999389648438,21.639999389648438,22.700000762939453,21.34000015258789,21.8799991607666,0
2024-10-07,24.34000015258789,24.34000015258789,24.81999969482422,23.270000457763672,23.690000534057617,0
2024-10-08,23.6200008392334,23.6200008392334,24.059999465942383,23.389999389648438,24.0,0
2024-10-09,23.420000076293945,23.420000076293945,23.93000030517578,23.209999084472656,23.889999389648438,0
2024-10-10,23.600000381469727,23.600000381469727,23.979999542236328,23.450000762939453,23.81999969482422,0
2024-10-11,23.290000915527344,23.290000915527344,24.020000457763672,23.030000686645508,24.020000457763672,0
2024-10-14,23.31999969482422,23.31999969482422,23.989999771118164,23.25,23.989999771118164,0
2024-10-15,24.540000915527344,24.540000915527344,24.850000381469727,23.229999542236328,23.479999542236328,0
2024-10-16,23.639999389648438,23.639999389648438,25.350000381469727,23.559999465942383,24.799999237060547,0
2024-10-17,22.850000381469727,22.850000381469727,23.899999618530273,22.610000610351562,23.270000457763672,0
2024-10-18,21.760000228881836,21.760000228881836,22.860000610351562,21.56999969482422,22.770000457763672,0
2024-10-21,21.959999084472656,21.959999084472656,22.829999923706055,21.959999084472656,22.440000534057617,0
2024-10-22,22.030000686645508,22.030000686645508,22.84000015258789,21.850000381469727,22.75,0
2024-10-23,22.920000076293945,22.920000076293945,24.059999465942383,22.25,22.43000030517578,0
2024-10-24,22.469999313354492,22.469999313354492,23.5,22.34000015258789,22.799999237060547,0
2024-10-25,23.239999771118164,23.239999771118164,23.530000686645508,21.780000686645508,22.040000915527344,0
2024-10-28,22.93000030517578,22.93000030517578,23.030000686645508,22.479999542236328,22.780000686645508,0
2024-10-29,22.440000534057617,22.440000534057617,23.59000015258789,22.290000915527344,23.190000534057617,0
2024-10-30,23.09000015258789,23.09000015258789,23.360000610351562,22.350000381469727,22.979999542236328,0
2024-10-31,24.860000610351562,24.860000610351562,25.149999618530273,23.780000686645508,23.989999771118164,0
2024-11-01,23.739999771118164,23.739999771118164,24.360000610351562,23.280000686645508,24.360000610351562,0
2024-11-04,23.8799991607666,23.8799991607666,24.950000762939453,23.690000534057617,24.520000457763672,0
2024-11-05,22.5,22.5,23.81999969482422,22.450000762939453,23.81999969482422,0
2024-11-06,18.860000610351562,18.860000610351562,19.93000030517578,18.739999771118164,19.06999969482422,0
2024-11-07,18.350000381469727,18.350000381469727,18.649999618530273,18.239999771118164,18.56999969482422,0
2024-11-08,17.8799991607666,17.8799991607666,18.3700008392334,17.649999618530273,18.309999465942383,0
2024-11-11,18.3700008392334,18.3700008392334,18.959999084472656,18.209999084472656,18.700000762939453,0
2024-11-12,18.1200008392334,18.1200008392334,18.690000534057617,18.110000610351562,18.690000534057617,0
2024-11-13,17.5,17.5,18.190000534057617,17.1299991607666,18.18000030517578,0
2024-11-14,17.700000762939453,17.700000762939453,17.799999237060547,16.979999542236328,17.670000076293945,0
2024-11-15,19.829999923706055,19.829999923706055,20.889999389648438,18.219999313354492,18.420000076293945,0
2024-11-18,19.770000457763672,19.770000457763672,20.850000381469727,19.5,20.790000915527344,0
2024-11-19,19.989999771118164,19.989999771118164,21.1299991607666,19.579999923706055,21.09000015258789,0
2024-11-20,20.850000381469727,20.850000381469727,22.389999389648438,20.309999465942383,20.420000076293945,0
2024-11-21,20.209999084472656,20.209999084472656,21.3700008392334,19.34000015258789,19.549999237060547,0
2024-11-22,18.56999969482422,18.56999969482422,20.049999237060547,18.540000915527344,19.979999542236328,0
2024-11-25,17.59000015258789,17.59000015258789,18.68000030517578,17.56999969482422,18.3799991607666,0
2024-11-26,16.799999237060547,16.799999237060547,17.559999465942383,16.719999313354492,17.559999465942383,0
2024-11-27,16.68000030517578,16.68000030517578,17.670000076293945,16.65999984741211,17.049999237060547,0
2024-11-29,16.06999969482422,16.06999969482422,16.940000534057617,16.06999969482422,16.84000015258789,0
2024-12-02,16.1200008392334,16.1200008392334,16.639999389648438,16.06999969482422,16.56999969482422,0
2024-12-03,15.760000228881836,15.760000228881836,16.5,15.619999885559082,16.469999313354492,0
2024-12-04,15.6899995803833,15.6899995803833,15.979999542236328,15.539999961853027,15.699999809265137,0
2024-12-05,15.6899995803833,15.6899995803833,15.789999961853027,15.479999542236328,15.789999961853027,0
2024-12-06,15.149999618530273,15.149999618530273,15.430000305175781,15.050000190734863,15.430000305175781,0
2024-12-09,16.549999237060547,16.549999237060547,16.600000381469727,15.819999694824219,15.989999771118164,0
2024-12-10,16.540000915527344,16.540000915527344,16.90999984741211,16.280000686645508,16.68000030517578,0
2024-12-11,15.880000114440918,15.880000114440918,16.31999969482422,15.729999542236328,16.1299991607666,0
2024-12-12,16.360000610351562,16.360000610351562,16.440000534057617,15.899999618530273,16.100000381469727,0
2024-12-13,16.610000610351562,16.610000610351562,16.700000762939453,15.829999923706055,16.100000381469727,0
2024-12-16,18.440000534057617,18.440000534057617,18.440000534057617,17.299999237060547,17.389999389648438,0
2024-12-17,19.440000534057617,19.440000534057617,19.56999969482422,18.309999465942383,18.760000228881836,0
2024-12-18,27.6299991607666,27.6299991607666,28.15999984741211,18.639999389648438,18.799999237060547,0
2024-12-19,26.329999923706055,26.329999923706055,26.34000015258789,22.979999542236328,23.670000076293945,0
2024-12-20,21.489999771118164,21.489999771118164,26.139999389648438,20.889999389648438,26.139999389648438,0
2024-12-23,19.030000686645508,19.030000686645508,21.8799991607666,19.030000686645508,20.989999771118164,0
2024-12-24,17.030000686645508,17.030000686645508,18.899999618530273,16.920000076293945,18.899999618530273,0
2024-12-26,17.530000686645508,17.530000686645508,18.360000610351562,17.239999771118164,17.920000076293945,0
2024-12-27,18.540000915527344,18.540000915527344,20.290000915527344,18.489999771118164,18.5,0
2024-12-30,19.790000915527344,19.790000915527344,20.829999923706055,19.059999465942383,20.31999969482422,0
2024-12-31,19.920000076293945,19.920000076293945,20.200000762939453,19.229999542236328,19.56999969482422,0
2025-01-02,20.5,20.5,21.510000228881836,19.860000610351562,20.079999923706055,0
2025-01-03,19.1200008392334,19.1200008392334,20.399999618530273,19.030000686645508,20.360000610351562,0
2025-01-06,19.0,19.0,19.65999984741211,19.0,19.420000076293945,0
2025-01-07,20.729999542236328,20.729999542236328,21.3799991607666,19.049999237060547,19.1299991607666,0
2025-01-08,20.690000534057617,20.690000534057617,22.06999969482422,20.469999313354492,21.610000610351562,0
2025-01-10,21.729999542236328,21.729999542236328,22.760000228881836,21.260000228881836,21.850000381469727,0
2025-01-13,21.799999237060547,21.799999237060547,23.450000762939453,21.739999771118164,23.360000610351562,0
2025-01-14,21.450000762939453,21.450000762939453,22.209999084472656,21.149999618530273,21.790000915527344,0
2025-01-15,19.290000915527344,19.290000915527344,20.190000534057617,19.1200008392334,20.190000534057617,0
2025-01-16,19.610000610351562,19.610000610351562,19.739999771118164,18.850000381469727,19.450000762939453,0
2025-01-17,18.959999084472656,18.959999084472656,19.260000228881836,18.68000030517578,18.950000762939453,0
2025-01-21,18.639999389648438,18.639999389648438,19.799999237060547,18.18000030517578,19.520000457763672,0
2025-01-22,18.68000030517578,18.68000030517578,18.719999313354492,18.34000015258789,18.670000076293945,0
2025-01-23,18.3799991607666,18.3799991607666,18.8700008392334,18.18000030517578,18.8700008392334,0
2025-01-24,18.219999313354492,18.219999313354492,18.68000030517578,18.079999923706055,18.5,0
2025-01-27,21.610000610351562,21.610000610351562,22.3799991607666,20.760000228881836,22.170000076293945,0
2025-01-28,20.309999465942383,20.309999465942383,21.8700008392334,20.15999984741211,21.3799991607666,0
2025-01-29,20.600000381469727,20.600000381469727,21.520000457763672,20.329999923706055,20.440000534057617,0
2025-01-30,19.799999237060547,19.799999237060547,20.34000015258789,19.15999984741211,19.829999923706055,0
2025-01-31,20.110000610351562,20.110000610351562,20.40999984741211,18.889999389648438,19.31999969482422,0
2025-02-03,21.280000686645508,21.280000686645508,22.780000686645508,20.790000915527344,22.229999542236328,0
2025-02-04,20.030000686645508,20.030000686645508,20.989999771118164,19.969999313354492,20.989999771118164,0
2025-02-05,19.18000030517578,19.18000030517578,20.309999465942383,19.170000076293945,20.049999237060547,0
2025-02-06,18.579999923706055,18.579999923706055,19.290000915527344,18.520000457763672,19.270000457763672,0
2025-02-07,19.18000030517578,19.18000030517578,19.549999237060547,18.030000686645508,18.219999313354492,0
2025-02-10,18.84000015258789,18.84000015258789,19.260000228881836,18.709999084472656,18.959999084472656,0
2025-02-11,18.770000457763672,18.770000457763672,19.15999984741211,18.559999465942383,19.149999618530273,0
2025-02-12,18.690000534057617,18.690000534057617,19.489999771118164,18.6200008392334,19.3799991607666,0
2025-02-13,18.40999984741211,18.40999984741211,19.09000015258789,18.31999969482422,18.809999465942383,0
2025-02-14,18.030000686645508,18.030000686645508,18.709999084472656,18.020000457763672,18.670000076293945,0
2025-02-18,19.229999542236328,19.229999542236328,20.079999923706055,18.780000686645508,19.729999542236328,0
2025-02-19,19.0,19.0,19.979999542236328,18.459999084472656,19.93000030517578,0
2025-02-20,18.899999618530273,18.899999618530273,20.139999389648438,18.729999542236328,19.06999969482422,0
2025-02-21,20.959999084472656,20.959999084472656,21.549999237060547,18.709999084472656,18.729999542236328,0
2025-02-24,21.459999084472656,21.459999084472656,22.520000457763672,20.18000030517578,20.719999313354492,0
2025-02-25,21.979999542236328,21.979999542236328,23.489999771118164,21.520000457763672,21.729999542236328,0
2025-02-26,21.940000534057617,21.940000534057617,22.790000915527344,20.81999969482422,22.09000015258789,0
2025-02-27,24.09000015258789,24.09000015258789,24.229999542236328,20.860000610351562,21.0,0
2025-02-28,22.65999984741211,22.65999984741211,25.049999237060547,22.3700008392334,24.489999771118164,0
2025-03-03,24.959999084472656,24.959999084472656,25.8700008392334,22.440000534057617,22.8799991607666,0
2025-03-04,25.219999313354492,25.219999313354492,27.469999313354492,24.06999969482422,26.479999542236328,0
2025-03-05,24.260000228881836,24.260000228881836,26.440000534057617,23.799999237060547,25.75,0
2025-03-06,26.229999542236328,26.229999542236328,26.709999084472656,24.889999389648438,25.520000457763672,0
2025-03-07,25.549999237060547,25.549999237060547,27.889999389648438,25.290000915527344,26.600000381469727,0
2025-03-10,28.84000015258789,28.84000015258789,29.5,27.690000534057617,27.780000686645508,0
2025-03-11,28.700000762939453,28.700000762939453,29.799999237060547,28.139999389648438,29.09000015258789,0
2025-03-12,26.81999969482422,26.81999969482422,28.31999969482422,26.510000228881836,27.6299991607666,0
2025-03-13,27.579999923706055,27.579999923706055,28.329999923706055,26.700000762939453,27.290000915527344,0
2025-03-14,25.790000915527344,25.790000915527344,27.940000534057617,25.489999771118164,27.940000534057617,0
2025-03-17,25.040000915527344,25.040000915527344,26.6299991607666,24.56999969482422,26.6299991607666,0
2025-03-18,25.850000381469727,25.850000381469727,26.959999084472656,25.59000015258789,25.850000381469727,0
2025-03-19,23.6200008392334,23.6200008392334,25.639999389648438,23.040000915527344,25.350000381469727,0
2025-03-20,23.3799991607666,23.3799991607666,24.799999237060547,22.829999923706055,24.760000228881836,0
2025-03-21,22.920000076293945,22.920000076293945,24.68000030517578,22.709999084472656,24.3700008392334,0
2025-03-24,21.270000457763672,21.270000457763672,22.579999923706055,21.200000762939453,22.579999923706055,0
2025-03-25,20.56999969482422,20.56999969482422,21.280000686645508,20.559999465942383,21.139999389648438,0
2025-03-26,22.040000915527344,22.040000915527344,22.739999771118164,20.600000381469727,20.829999923706055,0
2025-03-27,22.40999984741211,22.40999984741211,23.219999313354492,21.700000762939453,22.549999237060547,0
2025-03-28,25.059999465942383,25.059999465942383,25.399999618530273,22.90999984741211,23.110000610351562,0
2025-03-31,25.3700008392334,25.3700008392334,28.15999984741211,24.959999084472656,27.329999923706055,0
2025-04-01,24.799999237060547,24.799999237060547,26.739999771118164,24.760000228881836,26.030000686645508,0
2025-04-02,23.649999618530273,23.649999618530273,26.389999389648438,23.649999618530273,26.3799991607666,0
2025-04-03,30.56999969482422,30.56999969482422,30.579999923706055,27.579999923706055,28.18000030517578,0
2025-04-04,37.650001525878906,37.650001525878906,38.06999969482422,33.560001373291016,33.77000045776367,0
2025-04-07,38.63999938964844,38.63999938964844,40.04999923706055,33.43000030517578,38.400001525878906,0
2025-04-08,39.560001373291016,39.560001373291016,40.560001373291016,33.7599983215332,35.2599983215332,0
2025-04-09,34.79999923706055,34.79999923706055,52.16999816894531,26.959999084472656,50.81999969482422,0
2025-04-10,43.25,43.25,51.869998931884766,37.56999969482422,38.130001068115234,0
2025-04-11,39.95000076293945,39.95000076293945,47.52000045776367,39.06999969482422,45.459999084472656,0
2025-04-14,34.33000183105469,34.33000183105469,38.33000183105469,32.91999816894531,34.16999816894531,0
2025-04-15,32.709999084472656,32.709999084472656,33.5,31.459999084472656,33.439998626708984,0
2025-04-16,35.380001068115234,35.380001068115234,37.43000030517578,32.279998779296875,35.029998779296875,0
2025-04-17,32.83000183105469,32.83000183105469,35.27000045776367,32.810001373291016,34.2599983215332,0
2025-04-21,36.869998931884766,36.869998931884766,38.41999816894531,35.470001220703125,35.630001068115234,0
2025-04-22,33.97999954223633,33.97999954223633,35.630001068115234,33.650001525878906,35.2400016784668,0
2025-04-23,31.829999923706055,31.829999923706055,33.22999954223633,30.520000457763672,31.219999313354492,0
2025-04-24,29.959999084472656,29.959999084472656,31.34000015258789,29.799999237060547,31.299999237060547,0
2025-04-25,28.3700008392334,28.3700008392334,30.579999923706055,28.1299991607666,30.299999237060547,0
2025-04-28,28.540000915527344,28.540000915527344,30.34000015258789,28.190000534057617,28.920000076293945,0
2025-04-29,27.600000381469727,27.600000381469727,29.200000762939453,26.93000030517578,29.18000030517578,0
2025-04-30,27.799999237060547,27.799999237060547,31.420000076293945,22.549999237060547,29.829999923706055,0
2025-05-01,27.690000534057617,27.690000534057617,28.049999237060547,26.65999984741211,27.489999771118164,0
2025-05-02,25.729999542236328,25.729999542236328,26.510000228881836,25.520000457763672,26.110000610351562,0
2025-05-05,26.540000915527344,26.540000915527344,27.350000381469727,25.90999984741211,27.1299991607666,0
2025-05-06,27.110000610351562,27.110000610351562,27.860000610351562,26.530000686645508,27.729999542236328,0
2025-05-07,26.489999771118164,26.489999771118164,28.420000076293945,26.270000457763672,27.760000228881836,0
2025-05-08,25.969999313354492,25.969999313354492,26.68000030517578,25.09000015258789,25.959999084472656,0
2025-05-09,25.5,25.5,26.350000381469727,25.149999618530273,25.790000915527344,0
2025-05-12,22.280000686645508,22.280000686645508,23.68000030517578,22.040000915527344,23.649999618530273,0
2025-05-13,22.280000686645508,22.280000686645508,22.329999923706055,21.280000686645508,21.700000762939453,0
2025-05-14,22.65999984741211,22.65999984741211,22.889999389648438,22.260000228881836,22.450000762939453,0
2025-05-15,21.889999389648438,21.889999389648438,23.0,21.850000381469727,22.940000534057617,0
2025-05-16,21.200000762939453,21.200000762939453,21.829999923706055,21.0,21.81999969482422,0
2025-05-19,21.950000762939453,21.950000762939453,23.31999969482422,21.8799991607666,23.290000915527344,0
2025-05-20,22.06999969482422,22.06999969482422,22.600000381469727,21.549999237060547,22.100000381469727,0
2025-05-21,24.200000762939453,24.200000762939453,24.6200008392334,21.799999237060547,22.739999771118164,0
2025-05-22,23.6299991607666,23.6299991607666,24.610000610351562,22.799999237060547,24.239999771118164,0
2025-05-23,25.290000915527344,25.290000915527344,26.989999771118164,24.469999313354492,26.81999969482422,0
2025-05-27,22.31999969482422,22.31999969482422,24.34000015258789,22.309999465942383,23.860000610351562,0
2025-05-28,22.760000228881836,22.760000228881836,22.989999771118164,22.170000076293945,22.649999618530273,0
2025-05-29,21.799999237060547,21.799999237060547,22.950000762939453,21.520000457763672,21.770000457763672,0
2025-05-30,20.8700008392334,20.8700008392334,22.549999237060547,20.729999542236328,22.020000457763672,0
2025-06-02,19.43000030517578,19.43000030517578,20.5,19.43000030517578,20.329999923706055,0
2025-06-03,18.739999771118164,18.739999771118164,19.309999465942383,18.739999771118164,19.139999389648438,0
2025-06-04,19.010000228881836,19.010000228881836,19.260000228881836,18.81999969482422,18.950000762939453,0
2025-06-05,21.479999542236328,21.479999542236328,21.829999923706055,19.93000030517578,20.25,0
2025-06-06,19.809999465942383,19.809999465942383,20.6299991607666,19.739999771118164,20.6299991607666,0
2025-06-09,20.170000076293945,20.170000076293945,20.860000610351562,19.850000381469727,20.719999313354492,0
2025-06-10,19.81999969482422,19.81999969482422,20.559999465942383,19.610000610351562,20.049999237060547,0
2025-06-11,20.3799991607666,20.3799991607666,20.940000534057617,19.219999313354492,19.31999969482422,0
2025-06-12,20.690000534057617,20.690000534057617,21.170000076293945,20.299999237060547,20.860000610351562,0
2025-06-13,22.40999984741211,22.40999984741211,23.399999618530273,21.280000686645508,22.40999984741211,0
2025-06-16,21.09000015258789,21.09000015258789,21.600000381469727,20.639999389648438,21.600000381469727,0
2025-06-17,23.309999465942383,23.309999465942383,23.520000457763672,21.389999389648438,21.860000610351562,0
2025-06-18,22.139999389648438,22.139999389648438,23.350000381469727,21.469999313354492,22.950000762939453,0
2025-06-20,22.229999542236328,22.229999542236328,22.889999389648438,20.760000228881836,21.309999465942383,0
2025-06-23,21.149999618530273,21.149999618530273,23.40999984741211,21.100000381469727,22.530000686645508,0
2025-06-24,19.459999084472656,19.459999084472656,20.010000228881836,19.40999984741211,19.899999618530273,0
2025-06-25,19.0,19.0,19.579999923706055,18.93000030517578,19.190000534057617,0
2025-06-26,18.989999771118164,18.989999771118164,19.170000076293945,18.670000076293945,18.950000762939453,0
2025-06-27,18.889999389648438,18.889999389648438,19.649999618530273,18.790000915527344,18.850000381469727,0
2025-06-30,19.559999465942383,19.559999465942383,20.010000228881836,19.350000381469727,19.799999237060547,0
2025-07-01,19.8799991607666,19.8799991607666,20.149999618530273,19.540000915527344,20.110000610351562,0
2025-07-02,19.739999771118164,19.739999771118164,20.31999969482422,19.59000015258789,20.260000228881836,0
2025-07-03,19.469999313354492,19.469999313354492,19.770000457763672,19.229999542236328,19.260000228881836,0
2025-07-07,20.68000030517578,20.68000030517578,21.219999313354492,20.450000762939453,20.610000610351562,0
2025-07-08,19.530000686645508,19.530000686645508,20.260000228881836,19.360000610351562,20.139999389648438,0
2025-07-09,18.709999084472656,18.709999084472656,19.389999389648438,18.559999465942383,18.860000610351562,0
2025-07-10,18.760000228881836,18.760000228881836,19.329999923706055,18.6299991607666,18.729999542236328,0
2025-07-11,19.040000915527344,19.040000915527344,19.709999084472656,18.760000228881836,19.450000762939453,0
2025-07-14,19.780000686645508,19.780000686645508,20.260000228881836,19.6299991607666,19.860000610351562,0
2025-07-15,19.739999771118164,19.739999771118164,19.850000381469727,19.209999084472656,19.389999389648438,0
2025-07-16,19.540000915527344,19.540000915527344,21.540000915527344,19.190000534057617,19.5,0
2025-07-17,18.670000076293945,18.670000076293945,19.700000762939453,18.389999389648438,19.600000381469727,0
2025-07-18,18.610000610351562,18.610000610351562,19.149999618530273,18.34000015258789,18.670000076293945,0
2025-07-21,18.709999084472656,18.709999084472656,19.010000228881836,18.40999984741211,19.010000228881836,0
2025-07-22,18.950000762939453,18.950000762939453,19.780000686645508,18.690000534057617,18.8700008392334,0
2025-07-23,17.940000534057617,17.940000534057617,18.889999389648438,17.049999237060547,18.770000457763672,0
2025-07-24,17.719999313354492,17.719999313354492,17.93000030517578,17.520000457763672,17.739999771118164,0
2025-07-25,17.15999984741211,17.15999984741211,17.799999237060547,17.15999984741211,17.799999237060547,0
2025-07-28,17.270000457763672,17.270000457763672,17.780000686645508,17.260000228881836,17.540000915527344,0
2025-07-29,18.209999084472656,18.209999084472656,18.389999389648438,17.059999465942383,17.059999465942383,0
2025-07-30,17.31999969482422,17.31999969482422,19.399999618530273,17.270000457763672,18.329999923706055,0
2025-07-31,19.229999542236328,19.229999542236328,19.469999313354492,17.15999984741211,17.420000076293945,0
2025-08-01,21.540000915527344,21.540000915527344,22.969999313354492,20.59000015258789,20.790000915527344,0
2025-08-04,19.239999771118164,19.239999771118164,20.190000534057617,19.229999542236328,20.190000534057617,0
2025-08-05,19.8700008392334,19.8700008392334,20.520000457763672,19.170000076293945,19.6299991607666,0
2025-08-06,18.770000457763672,18.770000457763672,19.950000762939453,18.639999389648438,19.780000686645508,0
2025-08-07,18.81999969482422,18.81999969482422,19.65999984741211,18.270000457763672,18.3700008392334,0
2025-08-08,17.290000915527344,17.290000915527344,18.59000015258789,17.290000915527344,18.479999542236328,0
2025-08-11,18.170000076293945,18.170000076293945,18.350000381469727,17.6200008392334,17.860000610351562,0
2025-08-12,16.84000015258789,16.84000015258789,17.940000534057617,16.690000534057617,17.610000610351562,0
2025-08-13,16.729999542236328,16.729999542236328,17.049999237060547,16.489999771118164,16.520000457763672,0
2025-08-14,17.079999923706055,17.079999923706055,17.40999984741211,16.860000610351562,17.34000015258789,0
2025-08-15,17.5,17.5,17.56999969482422,16.899999618530273,17.270000457763672,0
2025-08-18,17.75,17.75,18.40999984741211,17.420000076293945,18.360000610351562,0
2025-08-19,19.389999389648438,19.389999389648438,19.600000381469727,17.81999969482422,17.860000610351562,0
2025-08-20,20.0,20.0,21.719999313354492,19.579999923706055,19.809999465942383,0
2025-08-21,20.549999237060547,20.549999237060547,21.459999084472656,20.059999465942383,20.850000381469727,0
2025-08-22,18.059999465942383,18.059999465942383,20.850000381469727,18.020000457763672,20.850000381469727,0
2025-08-25,18.420000076293945,18.420000076293945,19.020000457763672,17.829999923706055,18.809999465942383,0
2025-08-26,18.190000534057617,18.190000534057617,18.989999771118164,18.190000534057617,18.81999969482422,0
2025-08-27,18.690000534057617,18.690000534057617,19.06999969482422,18.489999771118164,18.719999313354492,0
2025-08-28,17.6200008392334,17.6200008392334,18.139999389648438,17.34000015258789,17.8700008392334,0
2025-08-29,19.110000610351562,19.110000610351562,19.440000534057617,17.90999984741211,18.06999969482422,0
2025-09-02,20.360000610351562,20.360000610351562,22.969999313354492,20.329999923706055,22.760000228881836,0
2025-09-03,19.690000534057617,19.690000534057617,20.520000457763672,19.6299991607666,20.40999984741211,0
2025-09-04,18.790000915527344,18.790000915527344,19.81999969482422,18.729999542236328,19.709999084472656,0
2025-09-05,18.440000534057617,18.440000534057617,20.18000030517578,18.200000762939453,18.270000457763672,0
2025-09-08,18.350000381469727,18.350000381469727,18.770000457763672,18.209999084472656,18.6200008392334,0
2025-09-09,18.219999313354492,18.219999313354492,19.020000457763672,18.09000015258789,18.600000381469727,0
2025-09-10,18.6200008392334,18.6200008392334,18.760000228881836,17.729999542236328,18.1200008392334,0
2025-09-11,18.229999542236328,18.229999542236328,18.530000686645508,17.93000030517578,18.229999542236328,0
2025-09-12,18.18000030517578,18.18000030517578,18.309999465942383,17.649999618530273,18.139999389648438,0
2025-09-15,19.1200008392334,19.1200008392334,19.299999237060547,18.5,18.540000915527344,0
2025-09-16,19.56999969482422,19.56999969482422,19.709999084472656,19.139999389648438,19.15999984741211,0
2025-09-17,19.020000457763672,19.020000457763672,20.420000076293945,18.579999923706055,19.600000381469727,0
2025-09-18,18.860000610351562,18.860000610351562,18.940000534057617,18.299999237060547,18.40999984741211,0
2025-09-19,18.739999771118164,18.739999771118164,19.25,18.549999237060547,18.709999084472656,0
2025-09-22,19.420000076293945,19.420000076293945,19.459999084472656,19.09000015258789,19.420000076293945,0
2025-09-23,20.1299991607666,20.1299991607666,20.530000686645508,19.43000030517578,19.5,0
2025-09-24,19.93000030517578,19.93000030517578,20.809999465942383,19.93000030517578,20.1200008392334,0
2025-09-25,20.540000915527344,20.540000915527344,21.540000915527344,20.06999969482422,20.950000762939453,0
2025-09-26,19.329999923706055,19.329999923706055,20.829999923706055,19.329999923706055,20.639999389648438,0
2025-09-29,19.8700008392334,19.8700008392334,20.110000610351562,19.75,20.079999923706055,0
2025-09-30,20.0,20.0,20.34000015258789,19.81999969482422,20.1299991607666,0
2025-10-01,19.8700008392334,19.8700008392334,20.639999389648438,19.709999084472656,20.479999542236328,0
2025-10-02,20.010000228881836,20.010000228881836,20.3799991607666,19.579999923706055,19.639999389648438,0
2025-10-03,20.079999923706055,20.079999923706055,20.670000076293945,19.729999542236328,20.030000686645508,0
2025-10-06,20.399999618530273,20.399999618530273,20.719999313354492,20.209999084472656,20.3799991607666,0
2025-10-07,20.81999969482422,20.81999969482422,21.440000534057617,20.329999923706055,20.3799991607666,0
2025-10-08,20.020000457763672,20.020000457763672,20.739999771118164,19.940000534057617,20.610000610351562,0
2025-10-09,20.040000915527344,20.040000915527344,20.899999618530273,19.979999542236328,20.079999923706055,0
2025-10-10,25.229999542236328,25.229999542236328,25.829999923706055,19.770000457763672,20.040000915527344,0
2025-10-13,22.799999237060547,22.799999237060547,24.280000686645508,22.540000915527344,23.989999771118164,0
2025-10-14,24.280000686645508,24.280000686645508,26.360000610351562,22.75,25.290000915527344,0
2025-10-15,24.420000076293945,24.420000076293945,25.84000015258789,22.600000381469727,23.049999237060547,0
2025-10-16,28.260000228881836,28.260000228881836,28.459999084472656,24.020000457763672,24.100000381469727,0
2025-10-17,24.969999313354492,24.969999313354492,28.459999084472656,24.959999084472656,27.770000457763672,0
2025-10-20,22.639999389648438,22.639999389648438,24.84000015258789,22.6299991607666,24.84000015258789,0
2025-10-21,22.59000015258789,22.59000015258789,23.440000534057617,21.75,23.15999984741211,0
2025-10-22,23.299999237060547,23.299999237060547,25.579999923706055,22.610000610351562,23.1299991607666,0
2025-10-23,21.719999313354492,21.719999313354492,23.540000915527344,21.489999771118164,23.469999313354492,0
2025-10-24,20.610000610351562,20.610000610351562,21.059999465942383,20.280000686645508,20.940000534057617,0
2025-10-27,20.5,20.5,20.6299991607666,20.010000228881836,20.030000686645508,0
2025-10-28,21.309999465942383,21.309999465942383,21.329999923706055,20.450000762939453,20.600000381469727,0
2025-10-29,21.760000228881836,21.760000228881836,22.489999771118164,21.520000457763672,21.530000686645508,0
2025-10-30,21.65999984741211,21.65999984741211,22.219999313354492,21.020000457763672,21.600000381469727,0
2025-10-31,21.989999771118164,21.989999771118164,22.809999465942383,20.829999923706055,20.8799991607666,0
2025-11-03,21.729999542236328,21.729999542236328,23.079999923706055,21.450000762939453,21.889999389648438,0
2025-11-04,23.299999237060547,23.299999237060547,23.799999237060547,22.239999771118164,23.450000762939453,0
2025-11-05,22.600000381469727,22.600000381469727,23.729999542236328,21.690000534057617,23.530000686645508,0
2025-11-06,24.639999389648438,24.639999389648438,25.059999465942383,22.760000228881836,22.920000076293945,0
2025-11-07,24.579999923706055,24.579999923706055,27.559999465942383,24.5,26.040000915527344,0
2025-11-10,22.6200008392334,22.6200008392334,23.459999084472656,22.520000457763672,23.399999618530273,0
2025-11-11,22.670000076293945,22.670000076293945,23.1200008392334,22.450000762939453,22.90999984741211,0
2025-11-12,23.059999465942383,23.059999465942383,23.959999084472656,22.670000076293945,22.729999542236328,0
2025-11-13,25.8799991607666,25.8799991607666,27.229999542236328,23.760000228881836,23.889999389648438,0
2025-11-14,26.149999618530273,26.149999618530273,29.75,25.360000610351562,28.979999542236328,0
2025-11-17,28.15999984741211,28.15999984741211,29.34000015258789,26.200000762939453,27.799999237060547,0
2025-11-18,30.510000228881836,30.510000228881836,32.130001068115234,29.040000915527344,29.829999923706055,0
2025-11-19,29.299999237060547,29.299999237060547,30.75,27.56999969482422,30.280000686645508,0
2025-11-20,32.720001220703125,32.720001220703125,33.459999084472656,24.239999771118164,24.6200008392334,0
2025-11-21,28.950000762939453,28.950000762939453,33.5099983215332,28.020000457763672,31.09000015258789,0
2025-11-24,25.56999969482422,25.56999969482422,28.280000686645508,25.440000534057617,28.280000686645508,0
2025-11-25,23.670000076293945,23.670000076293945,27.260000228881836,23.489999771118164,25.850000381469727,0
2025-11-26,22.260000228881836,22.260000228881836,23.219999313354492,22.020000457763672,22.93000030517578,0
2025-11-28,21.170000076293945,21.170000076293945,22.329999923706055,21.139999389648438,21.84000015258789,0
2025-12-01,22.059999465942383,22.059999465942383,22.8700008392334,21.530000686645508,22.670000076293945,0
2025-12-02,21.280000686645508,21.280000686645508,22.15999984741211,21.170000076293945,21.799999237060547,0
2025-12-03,20.649999618530273,20.649999618530273,22.049999237060547,20.520000457763672,21.979999542236328,0
2025-12-04,20.190000534057617,20.190000534057617,21.139999389648438,20.18000030517578,20.729999542236328,0
2025-12-05,19.6200008392334,19.6200008392334,20.40999984741211,19.549999237060547,19.8700008392334,0
2025-12-08,20.75,20.75,21.25,20.520000457763672,20.56999969482422,0
2025-12-09,20.760000228881836,20.760000228881836,21.389999389648438,20.450000762939453,21.229999542236328,0
2025-12-10,19.670000076293945,19.670000076293945,21.549999237060547,19.459999084472656,21.229999542236328,0
2025-12-11,18.399999618530273,18.399999618530273,20.940000534057617,18.399999618530273,20.40999984741211,0
2025-12-12,20.6200008392334,20.6200008392334,22.139999389648438,19.010000228881836,19.440000534057617,0
2025-12-15,20.709999084472656,20.709999084472656,22.110000610351562,20.3799991607666,20.530000686645508,0
2025-12-16,20.190000534057617,20.190000534057617,21.6200008392334,19.81999969482422,21.270000457763672,0
2025-12-17,21.780000686645508,21.780000686645508,22.450000762939453,19.829999923706055,20.040000915527344,0
2025-12-18,20.719999313354492,20.719999313354492,21.25,19.8799991607666,20.280000686645508,0
2025-12-19,18.520000457763672,18.520000457763672,19.790000915527344,18.510000228881836,19.760000228881836,0
2025-12-22,17.850000381469727,17.850000381469727,18.90999984741211,17.75,18.709999084472656,0
2025-12-23,17.469999313354492,17.469999313354492,18.049999237060547,17.09000015258789,17.899999618530273,0
2025-12-24,17.200000762939453,17.200000762939453,17.68000030517578,17.110000610351562,17.68000030517578,0
2025-12-26,17.3799991607666,17.3799991607666,18.139999389648438,17.290000915527344,17.860000610351562,0
2025-12-29,18.389999389648438,18.389999389648438,19.190000534057617,18.170000076293945,19.139999389648438,0
